Target,Delta_Mass,Delta_Hydro,Delta_pI,Charge_Changed,CADD_Score,MAF_Log,SIFT_Score,Polyphen_Score,Ref_DNA_A,Ref_DNA_C,Ref_DNA_G,Ref_DNA_T,Alt_DNA_A,Alt_DNA_C,Alt_DNA_G,Alt_DNA_T
0,0.37022526934378064,0.8888888888888888,0.23559479553903345,1,0.5714285714285714,0.9999999999999999,0.02,1.0,False,True,False,False,False,False,False,True
1,0.14226248775710088,0.6944444444444444,0.23745353159851296,0,0.8035714285714285,0.9999999999999999,0.0,0.0,False,True,False,False,False,False,False,True
0,0.46057786483839375,0.2,0.5148698884758364,0,0.23,0.3041251053933767,0.2,0.005,False,False,False,True,False,True,False,False
1,0.14201762977473065,0.7166666666666667,0.04739776951672858,1,0.9107142857142857,0.9999999999999999,0.0,0.0,True,False,False,False,False,False,False,True
0,0.49779627815866795,0.4777777777777778,0.8029739776951673,1,0.24125,0.9999999999999999,0.08,0.008,False,False,True,False,True,False,False,False
0,0.46547502448579825,0.5222222222222223,0.4990706319702602,0,0.00025,0.5029823493126,1.0,0.01,False,True,False,False,False,False,True,False
1,0.37022526934378064,0.8888888888888888,0.23559479553903345,1,0.48392857142857143,0.9999999999999999,0.0,0.54,False,True,False,False,False,False,False,True
1,0.4975514201762977,0.5,0.6129182156133829,1,0.45714285714285713,0.5964932371331236,0.0,0.933,False,False,True,False,False,True,False,False
0,0.6128795298726739,0.6611111111111111,0.45817843866171004,0,0.37857142857142856,0.12190079815566969,0.07,0.243,False,False,True,False,False,False,False,True
1,0.37022526934378064,0.8888888888888888,0.23559479553903345,1,0.5535714285714285,0.5276908825736593,0.05,0.964,False,True,False,False,False,False,False,True
1,0.1398139079333986,0.6944444444444444,0.3503717472118959,1,0.3467857142857143,0.9999999999999999,0.02,0.771,False,False,True,False,False,False,False,True
1,0.5734573947110676,0.7,0.2736988847583643,1,0.625,0.47982402743398767,0.0,1.0,False,True,False,False,False,False,False,True
1,0.33080313418217433,0.7055555555555555,0.2639405204460966,1,0.6071428571428571,0.9999999999999999,0.0,0.999,False,False,True,False,False,False,False,True
1,0.056317335945151814,0.5722222222222222,0.23698884758364308,0,0.1844642857142857,0.9999999999999999,0.0,0.0,False,True,False,False,True,False,False,False
0,0.5,0.5,0.5,0,0.015214285714285713,0.9999999999999999,0.0,0.0,False,False,False,True,True,False,False,False
0,0.5,0.5,0.5,0,0.047607142857142855,0.9999999999999999,0.0,0.0,True,False,False,False,False,False,False,True
0,0.5,0.5,0.5,0,0.14198214285714283,0.5960656272788877,0.0,0.0,False,False,False,True,True,False,False,False
1,0.17874632713026445,0.2888888888888889,0.22211895910780666,0,0.625,0.9999999999999999,0.0,0.0,False,False,False,True,False,False,True,False
0,0.49779627815866795,0.4777777777777778,0.8029739776951673,1,0.21517857142857144,0.2885782951734314,1.0,0.0,False,False,True,False,True,False,False,False
0,0.5,0.5,0.5,0,0.06182142857142857,0.4799259109420576,0.0,0.0,False,True,False,False,False,False,False,True
1,0.4755142017629775,0.5444444444444444,0.4711895910780669,0,0.475,0.9999999999999999,0.0,1.0,False,True,False,False,False,False,False,True
0,0.5342801175318316,0.6222222222222222,0.5013940520446096,0,0.11239285714285713,0.5858227522769061,1.0,0.0,False,False,True,False,False,True,False,False
0,0.5,0.5,0.5,0,0.1225892857142857,0.9999999999999999,0.0,0.0,False,False,False,True,False,True,False,False
1,0.5734573947110676,0.7,0.2736988847583643,1,0.44285714285714284,0.5965211866675865,0.0,0.999,True,False,False,False,False,False,False,True
0,0.5,0.5,0.5,0,0.44107142857142856,0.9999999999999999,0.0,0.998,False,False,True,False,True,False,False,False
0,0.5,0.5,0.5,0,0.2825,0.48963709558438556,0.0,0.0,False,True,False,False,False,False,False,True
1,0.5541136141038198,0.5166666666666666,0.7239776951672863,1,0.5535714285714285,0.5966176075193058,0.0,1.0,False,False,True,False,False,True,False,False
1,0.6052889324191969,0.03888888888888886,0.7221189591078067,1,0.5089285714285714,0.9999999999999999,0.0,0.994,False,False,False,True,False,False,True,False
1,0.43119490695396673,0.5555555555555556,0.262546468401487,1,0.6071428571428571,0.9999999999999999,0.0,0.993,False,False,True,False,True,False,False,False
0,0.5,0.5,0.5,0,0.19875,0.9999999999999999,0.04,0.001,True,False,False,False,False,False,True,False
0,0.509794319294809,0.55,0.4674721189591078,0,0.42142857142857143,0.4295129110729215,0.02,0.341,False,True,False,False,True,False,False,False
0,0.5,0.5,0.5,0,0.12605357142857143,0.9999999999999999,0.0,0.0,False,False,True,False,True,False,False,False
0,0.460822722820764,0.7277777777777777,0.491635687732342,0,0.3341071428571429,0.9999999999999999,0.46,0.996,True,False,False,False,False,False,False,True
0,0.5,0.5,0.5,0,0.147,0.4994650606771863,0.0,0.0,False,False,True,False,False,False,False,True
0,0.4657198824681685,0.5,0.479089219330855,0,0.32642857142857146,0.5966308206874679,0.12,0.094,True,False,False,False,False,True,False,False
0,0.509794319294809,0.55,0.4674721189591078,0,0.1295892857142857,0.3107194690264749,0.09,0.641,False,True,False,False,True,False,False,False
0,0.5785994123408423,0.37222222222222223,0.48977695167286245,0,0.3678571428571429,0.4184027931364278,0.05,0.17,False,False,True,False,True,False,False,False
1,0.37022526934378064,0.8888888888888888,0.23559479553903345,1,0.4678571428571428,0.5626482664242596,0.17,0.72,False,True,False,False,False,False,False,True
0,0.5,0.5,0.5,0,0.22696428571428573,0.44845366136912784,0.0,0.0,False,False,True,False,True,False,False,False
0,0.5342801175318316,0.5,0.520910780669145,0,0.04742857142857143,0.4195037612715242,0.01,0.026,False,False,False,True,True,False,False,False
0,0.5,0.5,0.5,0,0.0005535714285714286,0.9999999999999999,0.0,0.0,True,False,False,False,False,False,True,False
1,0.3552889324191969,0.6611111111111111,0.2927509293680297,1,0.6071428571428571,0.5959696892373758,0.04,0.999,False,False,True,False,False,True,False,False
1,0.24265426052889322,0.5444444444444444,0.23605947955390333,0,0.8392857142857142,0.9999999999999999,0.0,0.0,False,True,False,False,True,False,False,False
1,0.1398139079333986,0.6944444444444444,0.3503717472118959,1,0.4892857142857142,0.9999999999999999,0.0,0.842,False,False,True,False,False,False,False,True
1,0.45592556317335947,0.6444444444444444,0.5130111524163569,0,0.4303571428571429,0.9999999999999999,0.0,0.38,False,False,True,False,True,False,False,False
0,0.5,0.5,0.5,0,0.12026785714285715,0.5429384640089926,0.0,0.0,False,True,False,False,False,False,True,False
0,0.46547502448579825,0.48333333333333334,0.4972118959107807,0,0.4928571428571429,0.9999999999999999,0.0,0.672,True,False,False,False,False,False,True,False
0,0.5,0.5,0.5,0,0.2544642857142857,0.44617839944083393,0.0,0.0,False,True,False,False,False,False,False,True
1,0.5734573947110676,0.7,0.2736988847583643,1,0.5535714285714285,0.9999999999999999,0.0,1.0,False,True,False,False,False,False,False,True
1,0.6469147894221352,0.2888888888888889,0.5274163568773235,0,0.5285714285714286,0.9999999999999999,0.0,1.0,False,False,True,False,True,False,False,False
0,0.4657198824681685,0.49444444444444446,0.5037174721189591,0,0.15519642857142857,0.9999999999999999,0.05,0.002,False,True,False,False,False,False,True,False
0,0.5,0.5,0.5,0,1.7857142857142855e-05,0.9999999999999999,1.0,0.001,False,True,False,False,False,False,False,True
1,0.3552889324191969,0.6611111111111111,0.2927509293680297,1,0.6071428571428571,0.9999999999999999,0.0,0.882,False,False,True,False,False,True,False,False
0,0.5,0.5,0.5,0,0.0015357142857142854,0.9999999999999999,0.0,0.0,False,False,False,True,False,True,False,False
0,0.5,0.5,0.5,0,0.26678571428571424,0.9999999999999999,0.0,0.0,False,False,True,False,True,False,False,False
1,0.1398139079333986,0.6944444444444444,0.3503717472118959,1,0.49107142857142855,0.9999999999999999,0.01,0.868,False,False,True,False,False,False,False,True
0,0.5,0.5,0.5,0,0.21125,0.9999999999999999,0.0,0.0,False,False,True,False,False,False,False,True
1,0.43119490695396673,0.5555555555555556,0.262546468401487,1,0.5892857142857143,0.9999999999999999,0.03,0.48,False,False,True,False,True,False,False,False
1,0.49779627815866795,0.4777777777777778,0.8029739776951673,1,0.4517857142857143,0.9999999999999999,0.06,0.711,False,False,True,False,True,False,False,False
1,0.6177766895200784,0.6222222222222222,0.6342936802973977,1,0.5714285714285714,0.5628946736614696,0.0,0.883,False,False,True,False,False,False,False,True
1,0.37022526934378064,0.8888888888888888,0.23559479553903345,1,0.625,0.5628090402894186,0.0,0.991,False,True,False,False,False,False,False,True
0,0.5,0.5,0.5,0,0.0015,0.5950171364718535,0.0,0.0,True,False,False,False,False,False,True,False
0,0.5,0.5,0.5,0,0.0010892857142857143,0.9999999999999999,0.0,0.0,True,False,False,False,False,False,True,False
1,0.6469147894221352,0.2888888888888889,0.5274163568773235,0,0.4732142857142857,0.9999999999999999,0.0,1.0,False,False,True,False,True,False,False,False
1,0.056317335945151814,0.5722222222222222,0.23698884758364308,0,0.49642857142857144,0.9999999999999999,0.0,0.0,False,False,False,True,True,False,False,False
0,0.4363369245837414,0.6888888888888889,0.48605947955390333,0,0.40178571428571425,0.45246928131706504,0.01,0.994,False,True,False,False,False,False,True,False
1,0.14226248775710088,0.6944444444444444,0.23745353159851296,0,0.6428571428571428,0.9999999999999999,0.0,0.0,False,True,False,False,False,False,False,True
0,0.46547502448579825,0.5222222222222223,0.4990706319702602,0,0.1660357142857143,0.35298782944721585,0.27,0.007,False,True,False,False,False,False,True,False
1,0.43119490695396673,0.5555555555555556,0.262546468401487,1,0.6071428571428571,0.9999999999999999,0.0,0.97,False,False,True,False,True,False,False,False
0,0.5,0.5,0.5,0,0.22267857142857142,0.47566899476980234,0.0,0.0,False,True,False,False,False,False,True,False
0,0.5,0.5,0.5,0,0.20839285714285713,0.9999999999999999,0.0,0.0,False,False,True,False,True,False,False,False
0,0.3237022526934378,0.6722222222222223,0.6277881040892193,1,0.4178571428571428,0.9999999999999999,0.08,0.984,True,False,False,False,False,False,True,False
0,0.5,0.5,0.5,0,0.036875,0.4052922456814031,0.0,0.0,True,False,False,False,False,False,True,False
0,0.5,0.5,0.5,0,0.006696428571428571,0.594719754306542,0.0,0.0,False,False,False,True,False,True,False,False
0,0.5,0.5,0.5,0,0.3892857142857143,0.9999999999999999,0.0,0.039,True,False,False,False,False,False,True,False
1,0.4534769833496572,0.5722222222222222,0.35269516728624534,0,0.625,0.5966040310559232,0.01,0.997,False,False,True,False,True,False,False,False
1,0.35798237022526935,0.6722222222222223,0.6486988847583643,1,0.5089285714285714,0.4714853571143367,0.0,1.0,True,False,False,False,False,False,True,False
0,0.5,0.5,0.5,0,0.21660714285714286,0.9999999999999999,0.02,0.373,False,False,False,True,False,True,False,False
1,0.14226248775710088,0.6944444444444444,0.23745353159851296,0,0.8392857142857142,0.9999999999999999,0.0,0.0,False,True,False,False,False,False,False,True
0,0.5,0.5,0.5,0,0.21982142857142856,0.9999999999999999,0.0,0.0,False,True,False,False,False,False,True,False
0,0.43119490695396673,0.5555555555555556,0.262546468401487,1,0.2907142857142857,0.9999999999999999,0.3,0.016,False,False,True,False,True,False,False,False
1,0.39226248775710093,0.48333333333333334,0.4809479553903346,0,0.44999999999999996,0.9999999999999999,0.0,0.205,False,False,False,True,False,False,True,False
1,0.46057786483839375,0.2,0.5148698884758364,0,0.49821428571428567,0.9999999999999999,0.0,0.994,False,False,False,True,False,True,False,False
0,0.5,0.5,0.5,0,0.2557142857142857,0.9999999999999999,0.16,0.214,False,True,False,False,False,False,False,True
1,0.5734573947110676,0.7,0.2736988847583643,1,0.3642857142857142,0.9999999999999999,0.0,0.0,False,True,False,False,False,False,False,True
0,0.5,0.5,0.5,0,0.0002857142857142857,0.5920837019630575,0.0,0.0,True,False,False,False,False,False,True,False
0,0.5,0.5,0.5,0,0.16812499999999997,0.34584622474137605,0.0,0.0,True,False,False,False,False,False,False,True
1,0.5636630754162586,0.3111111111111111,0.5139405204460966,0,0.42142857142857143,0.9999999999999999,0.01,0.427,False,False,True,False,False,True,False,False
0,0.5734573947110676,0.4777777777777778,0.4865241635687732,0,0.49107142857142855,0.9999999999999999,0.0,0.998,False,False,True,False,True,False,False,False
0,0.5,0.5,0.5,0,0.18517857142857141,0.3664667756493072,0.0,0.0,False,True,False,False,False,False,False,True
1,0.1398139079333986,0.6944444444444444,0.3503717472118959,1,0.4035714285714286,0.9999999999999999,0.43,0.271,False,False,True,False,False,False,False,True
1,0.0734573947110676,0.75,0.0,1,0.2914285714285714,0.9999999999999999,0.0,0.0,False,True,False,False,False,False,False,True
0,0.5,0.5,0.5,0,0.058696428571428566,0.9999999999999999,0.0,0.0,True,False,False,False,False,False,True,False
1,0.1398139079333986,0.6944444444444444,0.3503717472118959,1,0.4535714285714285,0.9999999999999999,0.23,0.998,False,False,True,False,False,False,False,True
0,0.5342801175318316,0.6222222222222222,0.5013940520446096,0,0.28446428571428567,0.40912226693989245,0.6,0.0,False,False,True,False,False,True,False,False
1,0.460822722820764,0.9277777777777778,0.6482342007434945,1,0.4803571428571428,0.9999999999999999,0.01,0.898,True,False,False,False,False,False,False,True
0,0.47771792360430954,0.48333333333333334,0.40985130111524165,1,0.2935714285714286,0.9999999999999999,0.0,0.0,False,True,False,False,False,False,True,False
1,0.38222331047992164,0.5777777777777778,0.5223048327137546,0,0.44821428571428573,0.5429526752825411,0.39,0.982,False,False,False,True,False,False,True,False
1,0.0,0.55,0.22630111524163565,0,0.6428571428571428,0.9999999999999999,0.0,0.0,False,False,True,False,True,False,False,False
1,0.5318315377081293,0.34444444444444444,0.49117100371747213,0,0.5160714285714285,0.9999999999999999,0.02,0.998,False,True,False,False,True,False,False,False
0,0.5440744368266406,0.35555555555555557,0.48698884758364314,0,0.2932142857142857,0.5278198559390169,0.11,0.6,False,True,False,False,False,False,True,False
1,0.6128795298726739,0.6611111111111111,0.45817843866171004,0,0.6071428571428571,0.9999999999999999,0.0,0.994,False,False,True,False,False,False,False,True
0,0.5,0.5,0.5,0,0.31732142857142853,0.9999999999999999,0.0,0.0,False,False,True,False,True,False,False,False
0,0.5832517140058766,0.40555555555555556,0.4749070631970261,0,0.0,0.9999999999999999,0.0,0.0,True,False,False,False,False,False,False,True
0,0.47037218413320275,0.21111111111111114,0.4804832713754647,0,0.41607142857142854,0.9999999999999999,0.0,0.986,False,False,False,True,False,True,False,False
0,0.5394221351616063,0.8,0.4851301115241636,0,0.4303571428571429,0.9999999999999999,0.18,0.708,False,True,False,False,False,False,False,True
1,0.0,0.55,0.22630111524163565,0,0.6785714285714285,0.9999999999999999,0.0,0.0,False,False,True,False,True,False,False,False
1,0.43609206660137123,0.24444444444444446,0.48605947955390333,0,0.6964285714285714,0.9999999999999999,0.0,0.0,False,False,False,True,False,True,False,False
0,0.5394221351616063,0.8,0.4851301115241636,0,0.4125,0.5290853573841604,0.0,0.002,False,True,False,False,False,False,False,True
0,0.5,0.5,0.5,0,0.41428571428571426,0.9999999999999999,0.03,0.413,False,False,True,False,True,False,False,False
1,0.5636630754162586,0.3111111111111111,0.5139405204460966,0,0.0,0.9999999999999999,0.0,0.0,False,False,True,False,False,True,False,False
1,0.18388834476003918,0.5277777777777778,0.5037174721189591,0,0.425,0.9999999999999999,0.0,0.261,False,False,False,True,False,False,True,False
1,0.46057786483839375,0.2,0.5148698884758364,0,0.5535714285714285,0.9999999999999999,0.0,1.0,False,False,False,True,False,True,False,False
0,0.5,0.5,0.5,0,0.15032142857142855,0.9999999999999999,0.0,0.0,False,False,True,False,True,False,False,False
0,0.5,0.5,0.5,0,0.3214285714285714,0.9999999999999999,0.11,0.617,True,False,False,False,False,False,True,False
0,0.5,0.5,0.5,0,0.0005714285714285714,0.9999999999999999,0.0,0.0,False,True,False,False,False,False,True,False
0,0.43119490695396673,0.5555555555555556,0.262546468401487,1,0.4107142857142857,0.9999999999999999,0.08,0.0,False,False,True,False,True,False,False,False
0,0.5345249755142018,0.4777777777777778,0.7012081784386617,1,0.2614285714285714,0.34030005841135696,0.01,0.205,False,False,False,True,False,False,True,False
0,0.6471596474045054,0.7,0.49070631970260226,0,0.5339285714285714,0.33606673010176874,0.01,0.982,False,True,False,False,False,False,False,True
1,0.1398139079333986,0.6944444444444444,0.3503717472118959,1,0.8035714285714285,0.9999999999999999,0.0,0.0,False,False,True,False,False,False,False,True
1,0.1398139079333986,0.6944444444444444,0.3503717472118959,1,0.46964285714285714,0.9999999999999999,0.22,0.956,False,False,True,False,False,False,False,True
1,0.1398139079333986,0.6944444444444444,0.3503717472118959,1,0.4803571428571428,0.9999999999999999,0.0,0.0,False,False,True,False,False,False,False,True
1,0.6052889324191969,0.03888888888888886,0.7221189591078067,1,0.5178571428571428,0.9999999999999999,0.0,0.997,False,False,False,True,False,False,True,False
0,0.4534769833496572,0.5722222222222222,0.35269516728624534,0,0.33732142857142855,0.509343563101443,0.54,0.002,False,False,True,False,True,False,False,False
1,0.0734573947110676,0.75,0.0,1,0.4892857142857142,0.9999999999999999,0.0,1.0,False,True,False,False,False,False,False,True
0,0.5,0.5,0.5,0,0.22732142857142856,0.9999999999999999,0.0,0.0,False,False,True,False,True,False,False,False
1,0.46057786483839375,0.2,0.5148698884758364,0,0.47857142857142854,0.9999999999999999,0.0,0.987,False,False,False,True,False,True,False,False
1,0.056317335945151814,0.5722222222222222,0.23698884758364308,0,0.625,0.9999999999999999,0.0,0.0,False,False,False,True,True,False,False,False
0,0.5,0.5,0.5,0,0.22696428571428573,0.4681396394117574,0.0,0.0,False,False,True,False,True,False,False,False
0,0.5785994123408423,0.37222222222222223,0.48977695167286245,0,0.37857142857142856,0.9999999999999999,0.05,0.243,False,False,True,False,True,False,False,False
0,0.4338883447600392,0.65,0.512546468401487,0,0.32375,0.32562732413960493,0.04,0.005,True,False,False,False,False,False,True,False
0,0.5,0.5,0.5,0,0.16301785714285713,0.39065863943576856,0.0,0.0,False,False,True,False,False,False,False,True
0,0.4755142017629775,0.5444444444444444,0.4711895910780669,0,0.38035714285714284,0.9999999999999999,0.09,0.228,False,True,False,False,False,False,False,True
0,0.5,0.5,0.5,0,5.357142857142857e-05,0.9999999999999999,1.0,0.0,False,False,False,True,False,True,False,False
1,0.0734573947110676,0.75,0.0,1,0.5714285714285714,0.9999999999999999,0.01,0.995,False,True,False,False,False,False,False,True
0,0.5,0.5,0.5,0,0.1272142857142857,0.44917086025917846,0.0,0.0,False,False,False,True,True,False,False,False
0,0.7426542605288933,0.27222222222222225,0.7225836431226766,1,0.4464285714285714,0.9999999999999999,0.0,0.996,False,False,True,False,True,False,False,False
1,0.14226248775710088,0.6944444444444444,0.23745353159851296,0,0.6964285714285714,0.5182827944652302,0.0,0.0,False,True,False,False,False,False,False,True
0,0.6471596474045054,0.7,0.49070631970260226,0,0.44285714285714284,0.9999999999999999,0.03,0.989,False,True,False,False,False,False,False,True
1,0.14201762977473065,0.7166666666666667,0.04739776951672858,1,0.6071428571428571,0.9999999999999999,0.0,0.0,True,False,False,False,False,False,False,True
1,0.056317335945151814,0.5722222222222222,0.23698884758364308,0,0.75,0.9999999999999999,0.0,0.0,False,True,False,False,False,False,True,False
1,0.6469147894221352,0.2888888888888889,0.5274163568773235,0,0.5303571428571429,0.9999999999999999,0.0,0.997,False,False,True,False,True,False,False,False
1,0.5024485798237023,0.5,0.37732342007434944,1,0.4875,0.5966265382493072,0.01,0.995,True,False,False,False,False,False,True,False
1,0.43119490695396673,0.5555555555555556,0.262546468401487,1,0.5535714285714285,0.9999999999999999,0.0,0.997,False,False,True,False,True,False,False,False
0,0.4975514201762977,0.5,0.6226765799256506,1,0.5017857142857143,0.3123816446743074,0.04,0.921,False,False,True,False,True,False,False,False
1,0.502203721841332,0.05555555555555558,0.47165427509293684,0,0.43571428571428567,0.9999999999999999,0.0,0.458,False,False,False,True,True,False,False,False
1,0.0734573947110676,0.75,0.0,1,0.6607142857142857,0.5093423417161325,0.0,0.0,False,True,False,False,False,False,False,True
0,0.5,0.5,0.5,0,0.030732142857142857,0.9999999999999999,0.0,0.0,True,False,False,False,False,False,True,False
0,0.5345249755142018,0.5166666666666666,0.5027881040892194,0,0.4035714285714286,0.27199394566547297,0.13,0.073,False,False,True,False,True,False,False,False
1,0.14226248775710088,0.6944444444444444,0.23745353159851296,0,0.40714285714285714,0.9999999999999999,0.3,0.016,False,True,False,False,False,False,False,True
0,0.5,0.5,0.5,0,0.09487499999999999,0.9999999999999999,0.0,0.0,False,False,True,False,False,False,False,True
0,0.5,0.5,0.5,0,0.000125,0.9999999999999999,0.0,0.0,False,False,False,True,False,True,False,False
1,0.6469147894221352,0.2888888888888889,0.5274163568773235,0,0.5892857142857143,0.9999999999999999,0.0,0.998,False,False,True,False,True,False,False,False
0,0.6420176297747306,0.3277777777777778,0.35130111524163565,1,0.16510714285714287,0.48653800217956805,0.39,0.0,False,False,True,False,True,False,False,False
0,0.6863369245837414,0.4722222222222222,0.49907063197026025,0,0.39285714285714285,0.9999999999999999,0.29,0.728,False,True,False,False,True,False,False,False
1,0.5785994123408423,0.37222222222222223,0.48977695167286245,0,0.5017857142857143,0.9999999999999999,0.01,0.913,False,False,True,False,True,False,False,False
0,0.5,0.5,0.5,0,0.13658928571428572,0.5964571339905721,0.66,0.0,False,False,True,False,True,False,False,False
1,0.17874632713026445,0.2888888888888889,0.22211895910780666,0,0.3410714285714286,0.5964932371331236,0.27,0.068,False,False,False,True,False,False,True,False
1,0.460822722820764,0.9277777777777778,0.6482342007434945,1,0.47857142857142854,0.9999999999999999,0.0,0.96,True,False,False,False,False,False,False,True
0,0.43119490695396673,0.5555555555555556,0.262546468401487,1,0.001607142857142857,0.08151598756244961,0.79,0.007,False,False,True,False,True,False,False,False
0,0.5,0.5,0.5,0,0.00010714285714285714,0.9999999999999999,0.0,0.0,True,False,False,False,False,False,True,False
1,0.43119490695396673,0.5555555555555556,0.262546468401487,1,0.48392857142857143,0.5290868844431525,0.0,0.587,False,False,True,False,True,False,False,False
0,0.5,0.5,0.5,0,0.23696428571428568,0.9999999999999999,0.0,0.0,False,True,False,False,True,False,False,False
1,0.37022526934378064,0.8888888888888888,0.23559479553903345,1,0.4446428571428571,0.9999999999999999,0.13,0.381,False,True,False,False,False,False,False,True
0,0.5,0.5,0.5,0,0.16341071428571427,0.9999999999999999,0.0,0.0,False,True,False,False,False,False,False,True
0,0.5,0.5,0.5,0,5.357142857142857e-05,0.9999999999999999,1.0,0.004,False,True,False,False,False,False,False,True
0,0.5,0.5,0.5,0,0.2144642857142857,0.9999999999999999,0.0,0.0,False,False,True,False,True,False,False,False
1,0.5734573947110676,0.7,0.2736988847583643,1,0.5714285714285714,0.9999999999999999,0.0,0.997,False,True,False,False,False,False,False,True
0,0.5,0.5,0.5,0,0.1475,0.5628838465648903,0.12,0.072,False,False,True,False,True,False,False,False
1,0.4534769833496572,0.5722222222222222,0.35269516728624534,0,0.6071428571428571,0.9999999999999999,0.01,0.999,False,False,True,False,True,False,False,False
1,0.14226248775710088,0.6944444444444444,0.23745353159851296,0,0.6785714285714285,0.5963408348331283,0.0,0.0,False,True,False,False,False,False,False,True
0,0.5,0.5,0.5,0,0.13869642857142858,0.479931361106758,0.0,0.0,False,False,True,False,False,True,False,False
0,0.5,0.5,0.5,0,0.16858928571428572,0.9999999999999999,0.0,0.0,False,False,True,False,False,False,False,True
0,0.6028403525954946,0.7555555555555555,0.4995353159851301,0,0.18785714285714283,0.9999999999999999,0.06,0.0,False,False,True,False,False,False,False,True
1,0.7426542605288933,0.27222222222222225,0.7225836431226766,1,0.5232142857142857,0.9999999999999999,0.0,0.999,False,False,True,False,False,True,False,False
1,0.6469147894221352,0.2888888888888889,0.5274163568773235,0,0.43571428571428567,0.9999999999999999,0.0,0.988,False,False,True,False,True,False,False,False
1,0.5832517140058766,0.40555555555555556,0.4749070631970261,0,0.4107142857142857,0.9999999999999999,0.0,0.087,True,False,False,False,False,False,False,True
1,0.4755142017629775,0.5444444444444444,0.4711895910780669,0,0.45535714285714285,0.5861464175907328,0.01,0.992,False,True,False,False,False,False,False,True
0,0.4534769833496572,0.5722222222222222,0.35269516728624534,0,0.3982142857142857,0.5277404701257876,0.23,0.01,False,False,True,False,True,False,False,False
0,0.5345249755142018,0.5166666666666666,0.5027881040892194,0,0.0010178571428571428,0.46556923579201553,0.97,0.013,False,False,True,False,True,False,False,False
1,0.056317335945151814,0.5722222222222222,0.23698884758364308,0,0.15873214285714285,0.5472787077149596,0.0,0.0,False,True,False,False,False,False,True,False
0,0.37022526934378064,0.8888888888888888,0.23559479553903345,1,0.00010714285714285714,0.9999999999999999,0.18,0.029,False,True,False,False,False,False,False,True
1,0.056317335945151814,0.5722222222222222,0.23698884758364308,0,0.625,0.9999999999999999,0.0,0.0,False,False,False,True,True,False,False,False
0,0.5,0.5,0.5,0,0.168375,0.36486096427989545,0.0,0.0,False,False,False,True,False,False,True,False
1,0.46057786483839375,0.2,0.5148698884758364,0,0.295,0.9999999999999999,0.0,0.11,False,False,False,True,False,True,False,False
0,0.5,0.5,0.5,0,0.2801785714285714,0.3569429868043855,0.0,0.0,False,True,False,False,False,False,False,True
0,0.490205680705191,0.45,0.5325278810408922,0,0.01858928571428571,0.48457943593508246,0.34,0.021,True,False,False,False,False,True,False,False
1,0.14226248775710088,0.6944444444444444,0.23745353159851296,0,0.13416071428571427,0.9999999999999999,0.85,0.006,False,True,False,False,False,False,False,True
0,0.5,0.5,0.5,0,0.23732142857142854,0.9999999999999999,0.0,0.0,False,False,True,False,True,False,False,False
0,0.5,0.5,0.5,0,0.07073214285714285,0.9999999999999999,0.06,0.045,True,False,False,False,False,False,True,False
1,0.5394221351616063,0.8,0.4851301115241636,0,0.44107142857142856,0.5019211853057374,0.0,0.0,False,True,False,False,False,False,False,True
0,0.5,0.5,0.5,0,0.22178571428571428,0.9999999999999999,0.0,0.0,False,False,False,True,False,False,True,False
1,0.4240940254652302,0.6055555555555555,0.5302044609665427,0,0.0,0.9999999999999999,0.0,0.0,True,False,False,False,False,True,False,False
0,0.5,0.5,0.5,0,8.928571428571429e-05,0.9999999999999999,0.0,0.0,True,False,False,False,False,False,True,False
1,0.5734573947110676,0.7,0.2736988847583643,1,0.6071428571428571,0.5629012200238347,0.0,1.0,False,True,False,False,False,False,False,True
0,0.5,0.5,0.5,0,0.10392857142857143,0.5626759082894663,0.0,0.0,False,False,False,True,False,True,False,False
0,0.5,0.5,0.5,0,0.0015714285714285713,0.9999999999999999,0.0,0.0,True,False,False,False,False,True,False,False
0,0.5,0.5,0.5,0,0.22696428571428573,0.44845366136912784,0.0,0.0,False,False,True,False,False,True,False,False
0,0.5394221351616063,0.8,0.4851301115241636,0,0.3910714285714285,0.4922986545412592,0.01,0.0,False,True,False,False,False,False,False,True
1,0.1398139079333986,0.6944444444444444,0.3503717472118959,1,0.2755357142857143,0.9999999999999999,0.35,0.115,False,False,True,False,False,False,False,True
1,0.4657198824681685,0.5,0.479089219330855,0,0.3125,0.9999999999999999,0.0,0.0,False,False,True,False,False,True,False,False
0,0.5,0.5,0.5,0,0.04971428571428571,0.9999999999999999,0.0,0.0,False,False,False,True,True,False,False,False
0,0.5,0.5,0.5,0,0.0003928571428571428,0.9999999999999999,0.0,0.0,True,False,False,False,False,False,False,True
1,0.14201762977473065,0.7166666666666667,0.04739776951672858,1,0.0,0.9999999999999999,0.0,0.0,True,False,False,False,False,False,False,True
1,0.1398139079333986,0.6944444444444444,0.3503717472118959,1,0.3821428571428571,0.9999999999999999,0.34,0.976,False,False,True,False,False,False,False,True
1,0.14226248775710088,0.6944444444444444,0.23745353159851296,0,0.46249999999999997,0.9999999999999999,0.0,0.997,False,True,False,False,False,False,False,True
0,0.5024485798237023,0.5,0.37732342007434944,1,0.3244642857142857,0.24842116782752377,0.2,0.195,True,False,False,False,False,False,True,False
1,0.3237022526934378,0.6722222222222223,0.6277881040892193,1,0.4178571428571428,0.4399557363691093,0.01,0.22,True,False,False,False,False,False,True,False
0,0.4338883447600392,0.65,0.512546468401487,0,0.3291071428571428,0.468065142861437,0.15,0.003,True,False,False,False,False,False,True,False
0,0.5,0.5,0.5,0,0.2632142857142857,0.9999999999999999,0.0,0.0,False,False,True,False,True,False,False,False
0,0.5,0.5,0.5,0,0.003714285714285714,0.9999999999999999,0.0,0.0,True,False,False,False,False,False,True,False
0,0.5,0.5,0.5,0,0.07519642857142857,0.5628776083149263,0.0,0.0,False,True,False,False,False,False,False,True
1,0.24265426052889322,0.5444444444444444,0.23605947955390333,0,0.6964285714285714,0.9999999999999999,0.0,0.0,False,True,False,False,True,False,False,False
1,0.0,0.55,0.22630111524163565,0,0.6607142857142857,0.9999999999999999,0.0,0.0,False,False,True,False,True,False,False,False
1,0.7426542605288933,0.27222222222222225,0.7225836431226766,1,0.44107142857142856,0.9999999999999999,0.51,1.0,False,False,True,False,False,True,False,False
1,0.14201762977473065,0.7166666666666667,0.04739776951672858,1,0.7678571428571428,0.9999999999999999,0.0,0.0,True,False,False,False,False,False,False,True
1,0.0,0.55,0.22630111524163565,0,0.1975,0.9999999999999999,0.19,0.109,False,False,True,False,True,False,False,False
1,0.37022526934378064,0.8888888888888888,0.23559479553903345,1,0.5535714285714285,0.5092955450397691,0.02,0.97,False,True,False,False,False,False,False,True
0,0.46547502448579825,0.5222222222222223,0.4990706319702602,0,0.3892857142857143,0.9999999999999999,0.01,0.998,False,False,False,True,False,False,True,False
1,0.7426542605288933,0.27222222222222225,0.7225836431226766,1,0.5714285714285714,0.5966311877711308,0.0,0.999,False,False,True,False,False,True,False,False
1,0.14226248775710088,0.6944444444444444,0.23745353159851296,0,0.4946428571428571,0.9999999999999999,0.03,0.474,False,True,False,False,False,False,False,True
1,0.5734573947110676,0.7,0.2736988847583643,1,0.625,0.9999999999999999,0.0,1.0,False,True,False,False,False,False,False,True
0,0.6077375122428992,0.2055555555555556,0.349907063197026,1,0.20982142857142855,0.29699870852752136,0.11,0.029,False,True,False,False,True,False,False,False
0,0.3650832517140059,0.711111111111111,0.2602230483271375,1,0.4392857142857143,0.9999999999999999,0.14,0.555,False,False,True,False,False,True,False,False
1,0.6471596474045054,0.7,0.49070631970260226,0,0.5892857142857143,0.9999999999999999,0.0,1.0,False,True,False,False,False,False,False,True
0,0.47037218413320275,0.21111111111111114,0.4804832713754647,0,0.1992857142857143,0.5029507430724018,0.17,0.041,False,False,False,True,False,True,False,False
0,0.5,0.5,0.5,0,0.26285714285714284,0.9999999999999999,0.0,0.0,False,True,False,False,False,False,True,False
1,0.46547502448579825,0.48333333333333334,0.4972118959107807,0,0.5196428571428572,0.5430648869535185,0.0,0.883,True,False,False,False,False,False,True,False
1,0.5785994123408423,0.37222222222222223,0.48977695167286245,0,0.5892857142857143,0.5282469488678664,0.0,0.997,False,False,True,False,True,False,False,False
0,0.4657198824681685,0.5,0.479089219330855,0,0.38749999999999996,0.43063699119792653,0.5,0.497,True,False,False,False,False,True,False,False
0,0.5,0.5,0.5,0,0.0,0.9999999999999999,0.0,0.0,False,False,False,True,False,True,False,False
1,0.1398139079333986,0.6944444444444444,0.3503717472118959,1,0.6964285714285714,0.9999999999999999,0.0,0.0,False,False,True,False,False,False,False,True
1,0.0,0.55,0.22630111524163565,0,0.5892857142857143,0.9999999999999999,0.0,1.0,False,False,True,False,True,False,False,False
0,0.5,0.5,0.5,0,0.048732142857142856,0.9999999999999999,0.0,0.0,False,True,False,False,False,False,False,True
0,0.43609206660137123,0.24444444444444446,0.48605947955390333,0,0.6607142857142857,0.9999999999999999,0.0,0.0,False,False,False,True,False,True,False,False
1,0.6349167482859941,0.2888888888888889,0.7397769516728625,1,0.5714285714285714,0.9999999999999999,0.0,0.991,False,True,False,False,False,False,True,False
1,0.35308521057786485,0.711111111111111,0.4725836431226766,0,0.35428571428571426,0.5965943708343927,0.29,1.0,True,False,False,False,False,False,True,False
0,0.5541136141038198,0.5166666666666666,0.7239776951672863,1,0.5535714285714285,0.9999999999999999,0.0,1.0,False,False,True,False,False,True,False,False
1,0.43609206660137123,0.2055555555555556,0.48420074349442377,0,0.0,0.9999999999999999,0.0,0.0,False,False,False,True,False,False,True,False
1,0.3947110675808031,0.9611111111111111,0.27788104089219334,1,0.5125,0.5965432891473047,0.07,0.57,False,False,True,False,False,False,False,True
0,0.5,0.5,0.5,0,0.00014285714285714284,0.9999999999999999,0.0,0.0,True,False,False,False,False,False,True,False
0,0.5,0.5,0.5,0,0.25535714285714284,0.9999999999999999,0.0,0.0,False,True,False,False,False,False,False,True
1,0.4534769833496572,0.5722222222222222,0.35269516728624534,0,0.4678571428571428,0.9999999999999999,0.0,0.997,False,False,True,False,True,False,False,False
1,0.0734573947110676,0.75,0.0,1,0.6607142857142857,0.5966249477253911,0.0,0.0,False,True,False,False,False,False,False,True
1,0.14201762977473065,0.7166666666666667,0.04739776951672858,1,0.625,0.9999999999999999,0.0,0.0,True,False,False,False,False,False,False,True
1,0.3552889324191969,0.6611111111111111,0.2927509293680297,1,0.5035714285714286,0.5093714597431968,0.06,0.564,False,False,True,False,False,True,False,False
0,0.5,0.5,0.5,0,0.42321428571428565,0.9999999999999999,0.01,0.066,False,False,False,True,False,True,False,False
0,0.5,0.5,0.5,0,0.4660714285714286,0.9999999999999999,0.0,0.999,False,False,False,True,False,True,False,False
0,0.5342801175318316,0.5,0.520910780669145,0,0.0010714285714285713,0.41708004422089867,1.0,0.001,False,True,False,False,False,False,True,False
0,0.5,0.5,0.5,0,0.26767857142857143,0.569396730134995,0.0,0.0,False,False,True,False,True,False,False,False
0,0.568560235063663,0.6333333333333333,0.49814126394052044,0,0.4196428571428571,0.3885098641010844,0.06,0.434,False,True,False,False,False,False,False,True
1,0.35798237022526935,0.6722222222222223,0.6486988847583643,1,0.4946428571428571,0.9999999999999999,0.0,0.865,True,False,False,False,False,False,True,False
1,0.6052889324191969,0.03888888888888886,0.7221189591078067,1,0.5,0.5966226232070142,0.0,0.956,False,False,False,True,False,False,True,False
0,0.44123408423114596,0.8888888888888888,0.42518587360594795,1,0.39285714285714285,0.5372975320975705,0.08,0.598,True,False,False,False,False,False,False,True
1,0.5734573947110676,0.7,0.2736988847583643,1,0.4732142857142857,0.9999999999999999,0.0,1.0,False,True,False,False,False,False,False,True
0,0.6762977473065622,0.3277777777777778,0.3722118959107807,1,1.7857142857142855e-05,0.3934295165522444,1.0,0.0,False,False,True,False,True,False,False,False
1,0.5,0.5,0.5,0,0.35642857142857143,0.9999999999999999,0.0,0.0,False,True,False,False,False,False,False,True
0,0.49779627815866795,0.4777777777777778,0.8029739776951673,1,0.36071428571428565,0.35937209822480887,0.54,0.004,False,False,True,False,True,False,False,False
1,0.24265426052889322,0.5444444444444444,0.23605947955390333,0,0.8214285714285714,0.9999999999999999,0.0,0.0,False,True,False,False,True,False,False,False
0,0.49779627815866795,0.4777777777777778,0.8029739776951673,1,0.2157142857142857,0.48004517531726115,0.24,0.034,False,False,True,False,True,False,False,False
1,0.3161116552399608,0.5222222222222223,0.2225836431226766,0,0.5035714285714286,0.9999999999999999,0.01,0.999,False,False,True,False,False,False,False,True
1,0.0,0.55,0.22630111524163565,0,0.6964285714285714,0.9999999999999999,0.0,0.0,False,False,True,False,True,False,False,False
1,0.35308521057786485,0.711111111111111,0.4725836431226766,0,0.5714285714285714,0.9999999999999999,0.0,1.0,True,False,False,False,False,False,True,False
1,0.6128795298726739,0.6611111111111111,0.45817843866171004,0,0.5285714285714286,0.9999999999999999,0.0,1.0,False,False,True,False,False,False,False,True
1,0.5734573947110676,0.7,0.2736988847583643,1,0.5071428571428571,0.5965188670998383,0.01,0.543,False,True,False,False,False,False,False,True
0,0.5,0.5,0.5,0,0.17533928571428573,0.9999999999999999,0.0,0.0,False,True,False,False,False,False,False,True
1,0.46057786483839375,0.2,0.5148698884758364,0,0.0,0.9999999999999999,0.0,0.0,False,False,False,True,False,True,False,False
1,0.056317335945151814,0.5722222222222222,0.23698884758364308,0,0.6785714285714285,0.9999999999999999,0.0,0.0,False,True,False,False,True,False,False,False
1,0.6469147894221352,0.2888888888888889,0.5274163568773235,0,0.4446428571428571,0.5965080032277604,0.0,0.913,False,False,True,False,True,False,False,False
1,0.0,0.55,0.22630111524163565,0,0.8928571428571428,0.9999999999999999,0.0,0.0,False,False,True,False,True,False,False,False
1,0.5639079333986288,0.7944444444444444,0.5157992565055762,0,0.5125,0.9999999999999999,0.01,0.999,False,False,True,False,False,False,False,True
1,0.3528403525954946,0.30000000000000004,0.5092936802973977,0,0.0,0.9999999999999999,0.0,0.0,False,False,False,True,False,True,False,False
1,0.703232125367287,0.3111111111111111,0.5381040892193308,0,0.6071428571428571,0.9999999999999999,0.0,0.0,False,True,False,False,False,False,True,False
0,0.5,0.5,0.5,0,0.0024464285714285716,0.24370894674104965,0.0,0.0,False,False,False,True,False,True,False,False
0,0.5,0.5,0.5,0,7.142857142857142e-05,0.9999999999999999,0.0,0.0,True,False,False,False,False,False,True,False
1,0.056317335945151814,0.5722222222222222,0.23698884758364308,0,0.625,0.9999999999999999,0.0,0.0,False,True,False,False,True,False,False,False
1,0.47771792360430954,0.48333333333333334,0.40985130111524165,1,0.0,0.9999999999999999,0.0,0.0,False,True,False,False,True,False,False,False
1,0.17874632713026445,0.2888888888888889,0.22211895910780666,0,0.625,0.9999999999999999,0.0,0.0,False,False,False,True,True,False,False,False
1,0.29676787463271304,0.6888888888888889,0.46189591078066916,0,0.4946428571428571,0.9999999999999999,0.0,1.0,False,False,True,False,False,True,False,False
1,0.0734573947110676,0.75,0.0,1,0.6785714285714285,0.9999999999999999,0.0,0.0,False,True,False,False,False,False,False,True
0,0.5,0.5,0.5,0,0.019660714285714285,0.9999999999999999,0.0,0.0,False,False,True,False,True,False,False,False
0,0.5,0.5,0.5,0,0.11783928571428572,0.9999999999999999,0.0,0.0,False,True,False,False,False,False,False,True
0,0.5,0.5,0.5,0,0.020035714285714285,0.9999999999999999,0.0,0.0,True,False,False,False,False,False,True,False
1,0.0734573947110676,0.75,0.0,1,0.625,0.9999999999999999,0.0,0.0,False,True,False,False,False,False,False,True
1,0.46057786483839375,0.2,0.5148698884758364,0,0.5535714285714285,0.9999999999999999,0.0,0.999,False,False,False,True,False,True,False,False
0,0.5394221351616063,0.8,0.4851301115241636,0,1.7857142857142855e-05,0.9999999999999999,1.0,0.001,False,True,False,False,False,False,False,True
1,0.14226248775710088,0.6944444444444444,0.23745353159851296,0,1.7857142857142855e-05,0.9999999999999999,1.0,0.001,False,True,False,False,False,False,False,True
0,0.5,0.5,0.5,0,0.17982142857142858,0.20361758899707863,0.0,0.0,False,True,False,False,False,False,False,True
0,0.5,0.5,0.5,0,0.22410714285714287,0.9999999999999999,0.0,0.0,False,True,False,False,False,False,False,True
0,0.5,0.5,0.5,0,0.13148214285714285,0.4028759379487365,0.0,0.0,False,True,False,False,False,False,False,True
0,0.5,0.5,0.5,0,0.0,0.9999999999999999,0.0,0.0,False,False,False,True,False,True,False,False
1,0.43119490695396673,0.5555555555555556,0.262546468401487,1,0.625,0.9999999999999999,0.0,0.992,False,False,True,False,True,False,False,False
1,0.056317335945151814,0.5722222222222222,0.23698884758364308,0,0.000875,0.9999999999999999,0.0,0.0,False,True,False,False,True,False,False,False
1,0.24265426052889322,0.5444444444444444,0.23605947955390333,0,0.875,0.9999999999999999,0.0,0.0,False,True,False,False,False,False,True,False
0,0.5,0.5,0.5,0,0.0,0.9999999999999999,0.0,0.0,False,False,False,True,False,True,False,False
1,0.14226248775710088,0.6944444444444444,0.23745353159851296,0,0.05846428571428571,0.5291131573603606,0.13,0.004,False,True,False,False,False,False,False,True
0,0.46547502448579825,0.48333333333333334,0.4972118959107807,0,1.7857142857142855e-05,0.333315018908425,0.32,0.03,True,False,False,False,False,False,True,False
1,0.3161116552399608,0.5222222222222223,0.2225836431226766,0,0.44999999999999996,0.9999999999999999,0.04,0.519,False,False,True,False,False,False,False,True
1,0.39226248775710093,0.48333333333333334,0.4809479553903346,0,0.5214285714285714,0.9999999999999999,0.0,0.701,False,False,False,True,False,False,True,False
1,0.4262977473065622,0.3555555555555556,0.4934944237918215,0,0.3767857142857143,0.9999999999999999,0.01,0.069,False,False,False,True,False,True,False,False
0,0.5,0.5,0.5,0,0.39285714285714285,0.9999999999999999,0.03,0.028,False,True,False,False,False,False,False,True
1,0.14226248775710088,0.6944444444444444,0.23745353159851296,0,0.7321428571428571,0.5628156362198146,0.0,0.0,False,True,False,False,False,False,False,True
0,0.4363369245837414,0.6888888888888889,0.48605947955390333,0,0.0011607142857142858,0.39424423182560553,0.83,0.004,False,True,False,False,False,False,True,False
1,0.24265426052889322,0.5444444444444444,0.23605947955390333,0,0.44285714285714284,0.9999999999999999,0.0,0.0,False,True,False,False,True,False,False,False
0,0.5,0.5,0.5,0,0.23339285714285712,0.5094075250817135,0.0,0.0,False,False,True,False,True,False,False,False
1,0.14226248775710088,0.6944444444444444,0.23745353159851296,0,0.4053571428571428,0.9999999999999999,0.18,0.102,False,True,False,False,False,False,False,True
0,0.5296278158667973,0.7888888888888889,0.5195167286245354,0,0.3501785714285714,0.4756093142496875,0.12,0.424,False,True,False,False,False,False,False,True
0,0.5,0.5,0.5,0,0.28375,0.9999999999999999,0.0,0.0,False,True,False,False,False,False,False,True
1,0.056317335945151814,0.5722222222222222,0.23698884758364308,0,5.357142857142857e-05,0.9999999999999999,0.0,0.0,False,False,False,True,True,False,False,False
1,0.1398139079333986,0.6944444444444444,0.3503717472118959,1,0.4125,0.9999999999999999,0.01,0.996,False,False,True,False,False,False,False,True
1,0.1398139079333986,0.6944444444444444,0.3503717472118959,1,0.4589285714285714,0.9999999999999999,0.0,1.0,False,False,True,False,False,False,False,True
0,0.5,0.5,0.5,0,0.27678571428571425,0.08151846472280634,0.0,0.0,False,False,True,False,True,False,False,False
0,0.5296278158667973,0.7888888888888889,0.5195167286245354,0,0.5232142857142857,0.9999999999999999,0.0,0.985,False,True,False,False,False,False,False,True
1,0.6128795298726739,0.6611111111111111,0.45817843866171004,0,0.6071428571428571,0.9999999999999999,0.0,0.999,False,False,True,False,False,False,False,True
1,0.5024485798237023,0.5,0.37732342007434944,1,0.5339285714285714,0.9999999999999999,0.0,0.998,True,False,False,False,False,False,True,False
0,0.5,0.5,0.5,0,0.0,0.9999999999999999,0.0,0.0,False,False,True,False,False,False,False,True
1,0.056317335945151814,0.5722222222222222,0.23698884758364308,0,0.7142857142857142,0.9999999999999999,0.0,0.0,False,True,False,False,False,False,True,False
1,0.20323212536728696,0.3611111111111111,0.2644052044609665,0,0.4178571428571428,0.9999999999999999,0.0,0.988,False,True,False,False,True,False,False,False
0,0.5,0.5,0.5,0,0.05360714285714285,0.9999999999999999,0.0,0.0,False,True,False,False,False,False,False,True
1,0.17874632713026445,0.2888888888888889,0.22211895910780666,0,0.3028571428571429,0.9999999999999999,0.0,0.081,False,False,False,True,True,False,False,False
0,0.6447110675808031,0.3388888888888889,0.7072490706319703,1,0.12798214285714285,0.9999999999999999,0.29,0.41,False,True,False,False,False,False,True,False
0,0.5,0.5,0.5,0,0.1587142857142857,0.5811887456482313,0.28,0.021,False,True,False,False,False,False,False,True
0,0.5,0.5,0.5,0,0.0024821428571428572,0.9999999999999999,0.0,0.0,False,False,False,True,False,True,False,False
1,0.46057786483839375,0.2,0.5148698884758364,0,0.46249999999999997,0.4323179066691584,0.0,1.0,False,False,False,True,False,True,False,False
0,0.5,0.5,0.5,0,0.11648214285714284,0.9999999999999999,0.0,0.0,False,True,False,False,False,False,False,True
0,0.5002448579823702,0.4777777777777778,0.6900557620817844,1,0.6428571428571428,0.9999999999999999,0.0,0.0,False,True,False,False,True,False,False,False
0,0.3922624877571009,0.7944444444444444,0.650092936802974,1,0.2239285714285714,0.9999999999999999,0.16,0.22,True,False,False,False,False,True,False,False
1,0.17874632713026445,0.2888888888888889,0.22211895910780666,0,0.20910714285714285,0.9999999999999999,0.04,0.108,False,False,False,True,False,False,True,False
1,0.5345249755142018,0.47777777777777775,0.5009293680297398,0,0.5249999999999999,0.9999999999999999,0.03,0.654,False,False,True,False,False,False,False,True
1,0.6028403525954946,0.7555555555555555,0.4995353159851301,0,0.4803571428571428,0.9999999999999999,0.0,0.982,False,False,True,False,False,False,False,True
0,0.5,0.5,0.5,0,0.20660714285714285,0.5869310287128549,0.0,0.0,False,True,False,False,False,False,False,True
0,0.5,0.5,0.5,0,0.0,0.9999999999999999,0.0,0.0,True,False,False,False,False,False,True,False
1,0.1398139079333986,0.6944444444444444,0.3503717472118959,1,0.4321428571428571,0.9999999999999999,0.02,0.607,False,False,True,False,False,False,False,True
0,0.5,0.5,0.5,0,0.20214285714285712,0.5628834184241404,0.0,0.0,True,False,False,False,False,True,False,False
0,0.5,0.5,0.5,0,0.1528392857142857,0.9999999999999999,0.0,0.0,False,True,False,False,True,False,False,False
0,0.5,0.5,0.5,0,0.2446428571428571,0.9999999999999999,0.02,0.26,False,True,False,False,False,False,False,True
0,0.5,0.5,0.5,0,1.7857142857142855e-05,0.9999999999999999,0.0,0.0,True,False,False,False,False,False,True,False
0,0.5,0.5,0.5,0,0.2925,0.9999999999999999,0.0,0.0,False,False,True,False,True,False,False,False
1,0.0,0.55,0.22630111524163565,0,0.7321428571428571,0.4827145502953836,0.0,0.0,False,False,True,False,True,False,False,False
0,0.5,0.5,0.5,0,0.1610892857142857,0.9999999999999999,0.0,0.0,False,True,False,False,False,False,False,True
1,0.45592556317335947,0.6444444444444444,0.5130111524163569,0,0.0,0.9999999999999999,0.0,0.0,False,False,True,False,True,False,False,False
1,0.0734573947110676,0.75,0.0,1,0.3767857142857143,0.5965203320771325,0.0,0.0,False,True,False,False,False,False,False,True
0,0.5,0.5,0.5,0,0.1347857142857143,0.9999999999999999,0.0,0.0,False,False,True,False,False,True,False,False
0,0.49779627815866795,0.4777777777777778,0.8029739776951673,1,0.4196428571428571,0.9999999999999999,0.02,0.984,False,False,True,False,True,False,False,False
0,0.5,0.5,0.5,0,0.09383928571428571,0.5628102006197813,0.0,0.0,False,False,False,True,False,True,False,False
1,0.35798237022526935,0.6722222222222223,0.6486988847583643,1,0.0,0.9999999999999999,0.0,0.0,True,False,False,False,False,False,True,False
1,0.1398139079333986,0.6944444444444444,0.3503717472118959,1,0.4946428571428571,0.9999999999999999,0.0,0.988,False,False,True,False,False,False,False,True
0,0.5,0.5,0.5,0,0.16126785714285716,0.9999999999999999,0.0,0.0,True,False,False,False,False,True,False,False
0,0.5,0.5,0.5,0,0.0,0.9999999999999999,0.0,0.0,False,True,False,False,False,False,False,True
1,0.1398139079333986,0.6944444444444444,0.3503717472118959,1,0.46964285714285714,0.9999999999999999,0.0,0.983,False,False,True,False,False,False,False,True
1,0.4534769833496572,0.5722222222222222,0.35269516728624534,0,0.6071428571428571,0.9999999999999999,0.01,0.994,False,False,True,False,True,False,False,False
1,0.5832517140058766,0.4444444444444444,0.4767657992565056,0,0.2305357142857143,0.9999999999999999,0.0,0.0,False,False,True,False,False,True,False,False
0,0.6447110675808031,0.3388888888888889,0.7072490706319703,1,0.5017857142857143,0.9999999999999999,0.0,0.982,False,True,False,False,False,False,True,False
0,0.4975514201762977,0.5,0.6129182156133829,1,0.625,0.5629028108616995,0.0,0.887,False,False,True,False,False,True,False,False
1,0.14226248775710088,0.6944444444444444,0.23745353159851296,0,0.6428571428571428,0.9999999999999999,0.0,0.0,False,True,False,False,False,False,False,True
1,0.29676787463271304,0.6888888888888889,0.46189591078066916,0,0.9107142857142857,0.9999999999999999,0.0,0.0,False,False,True,False,False,True,False,False
1,0.4314397649363369,0.36666666666666664,0.5018587360594795,0,0.44285714285714284,0.9999999999999999,0.13,0.989,False,False,False,True,False,True,False,False
1,0.6177766895200784,0.6222222222222222,0.6342936802973977,1,0.5071428571428571,0.9999999999999999,0.05,0.991,False,False,True,False,False,False,False,True
1,0.0,0.55,0.22630111524163565,0,0.7321428571428571,0.9999999999999999,0.0,0.0,False,False,True,False,True,False,False,False
1,0.6469147894221352,0.2888888888888889,0.5274163568773235,0,0.0,0.9999999999999999,0.0,0.0,False,False,True,False,True,False,False,False
1,0.3971596474045054,0.2444444444444444,0.5004646840148699,0,0.4178571428571428,0.9999999999999999,0.0,0.989,False,False,False,True,False,False,True,False
1,0.14201762977473065,0.7166666666666667,0.04739776951672858,1,0.21071428571428572,0.9999999999999999,0.22,0.036,True,False,False,False,False,False,False,True
0,0.4265426052889324,0.6388888888888888,0.5185873605947956,0,0.42321428571428565,0.9999999999999999,0.05,0.962,True,False,False,False,False,False,True,False
0,0.568560235063663,0.4666666666666667,0.5473977695167286,0,0.40714285714285714,0.9999999999999999,0.17,0.618,True,False,False,False,False,False,True,False
1,0.45592556317335947,0.6444444444444444,0.5130111524163569,0,0.5535714285714285,0.5966299641696886,0.0,0.997,False,False,True,False,True,False,False,False
1,0.056317335945151814,0.5722222222222222,0.23698884758364308,0,0.15326785714285715,0.5962450816346736,0.0,0.0,False,True,False,False,True,False,False,False
1,0.5244857982370226,0.45555555555555555,0.5288104089219331,0,0.5535714285714285,0.9999999999999999,0.02,0.998,False,False,False,True,False,True,False,False
1,0.4534769833496572,0.5722222222222222,0.35269516728624534,0,0.625,0.9999999999999999,0.0,0.996,False,False,True,False,True,False,False,False
0,0.5,0.5,0.5,0,0.2830357142857143,0.9999999999999999,0.0,0.0,False,False,True,False,False,False,False,True
0,0.5636630754162586,0.6055555555555555,0.4103159851301115,1,0.5714285714285714,0.9999999999999999,0.0,0.965,False,True,False,False,False,False,False,True
0,0.5073457394711067,0.8222222222222222,0.31412639405204457,1,0.29374999999999996,0.9999999999999999,0.06,0.0,True,False,False,False,False,False,False,True
1,0.24265426052889322,0.5444444444444444,0.23605947955390333,0,0.3982142857142857,0.9999999999999999,0.62,0.008,False,True,False,False,True,False,False,False
1,0.24265426052889322,0.5444444444444444,0.23605947955390333,0,0.6964285714285714,0.9999999999999999,0.0,0.0,False,True,False,False,False,False,True,False
1,0.4363369245837414,0.6888888888888889,0.48605947955390333,0,0.5357142857142857,0.5628633000563333,0.01,0.998,False,True,False,False,False,False,True,False
0,0.5,0.5,0.5,0,0.42142857142857143,0.9999999999999999,0.0,0.0,False,True,False,False,False,False,False,True
0,0.4265426052889324,0.5222222222222223,0.5134758364312267,0,0.4446428571428571,0.9999999999999999,0.0,0.649,True,False,False,False,False,False,True,False
1,0.0734573947110676,0.75,0.0,1,0.6964285714285714,0.9999999999999999,0.0,0.0,False,True,False,False,False,False,False,True
1,0.0734573947110676,0.75,0.0,1,0.6607142857142857,0.9999999999999999,0.0,0.0,False,True,False,False,False,False,False,True
0,0.566356513222331,0.3222222222222222,0.6923791821561338,1,0.4178571428571428,0.9999999999999999,0.01,0.217,False,True,False,False,True,False,False,False
1,0.49779627815866795,0.4777777777777778,0.8029739776951673,1,0.6071428571428571,0.9999999999999999,0.0,0.988,False,False,True,False,True,False,False,False
1,0.5639079333986288,0.7944444444444444,0.5157992565055762,0,0.5892857142857143,0.9999999999999999,0.0,1.0,False,False,True,False,False,False,False,True
0,0.4363369245837414,0.39444444444444443,0.5896840148698885,1,0.43571428571428567,0.9999999999999999,0.01,0.461,False,False,False,True,False,True,False,False
0,0.5,0.5,0.5,0,0.05026785714285714,0.9999999999999999,0.0,0.0,False,False,False,True,False,True,False,False
1,0.1398139079333986,0.6944444444444444,0.3503717472118959,1,0.45714285714285713,0.9999999999999999,0.0,0.0,False,False,True,False,False,False,False,True
0,0.4265426052889324,0.6388888888888888,0.5185873605947956,0,0.0002678571428571428,0.4016170026848101,0.78,0.001,True,False,False,False,False,False,True,False
0,0.5,0.5,0.5,0,0.08207142857142857,0.9999999999999999,0.0,0.0,False,True,False,False,False,False,True,False
0,0.5,0.5,0.5,0,0.0002857142857142857,0.9999999999999999,0.0,0.0,True,False,False,False,False,True,False,False
0,0.5,0.5,0.5,0,0.44285714285714284,0.9999999999999999,0.04,0.843,False,True,False,False,False,False,False,True
1,0.29676787463271304,0.6888888888888889,0.46189591078066916,0,0.5892857142857143,0.9999999999999999,0.0,0.928,False,False,True,False,False,True,False,False
0,0.5394221351616063,0.6833333333333333,0.47165427509293684,0,0.006571428571428571,0.9999999999999999,0.08,0.038,False,True,False,False,False,False,True,False
1,0.46057786483839375,0.2,0.5148698884758364,0,0.5089285714285714,0.5182761903714924,0.0,0.987,False,False,False,True,False,True,False,False
0,0.43119490695396673,0.5555555555555556,0.262546468401487,1,0.45535714285714285,0.5627997586423193,0.09,0.997,False,False,True,False,True,False,False,False
0,0.5,0.5,0.5,0,0.21160714285714283,0.9999999999999999,0.0,0.0,False,False,True,False,False,True,False,False
0,0.5,0.5,0.5,0,0.0052499999999999995,0.9999999999999999,0.1,0.072,True,False,False,False,False,False,True,False
1,0.5832517140058766,0.40555555555555556,0.4749070631970261,0,0.425,0.5929816079426495,0.0,0.295,True,False,False,False,False,False,False,True
1,0.3237022526934378,0.6722222222222223,0.6277881040892193,1,0.4392857142857143,0.5812546294007707,0.05,0.93,True,False,False,False,False,False,True,False
1,0.4534769833496572,0.5722222222222222,0.35269516728624534,0,0.6071428571428571,0.9999999999999999,0.02,0.996,False,False,True,False,True,False,False,False
1,0.46547502448579825,0.5222222222222223,0.29879182156133827,1,0.0,0.9999999999999999,0.0,0.0,False,False,True,False,False,False,False,True
1,0.8161116552399608,0.4722222222222222,0.4962825278810409,0,0.0,0.9999999999999999,0.0,0.0,False,False,True,False,False,False,False,True
1,0.5636630754162586,0.6055555555555555,0.4103159851301115,1,0.0,0.9999999999999999,0.0,0.0,False,True,False,False,False,False,False,True
0,0.6177766895200784,0.4222222222222222,0.4776951672862454,0,0.4535714285714285,0.9999999999999999,0.06,0.734,False,False,True,False,False,False,False,True
1,0.056317335945151814,0.5722222222222222,0.23698884758364308,0,0.5892857142857143,0.9999999999999999,0.0,0.0,False,False,False,True,True,False,False,False
1,0.8161116552399608,0.4722222222222222,0.4962825278810409,0,0.6071428571428571,0.9999999999999999,0.0,0.989,False,False,True,False,False,False,False,True
0,0.5,0.5,0.5,0,0.45535714285714285,0.9999999999999999,0.0,0.952,False,False,True,False,True,False,False,False
0,0.5,0.5,0.5,0,0.36607142857142855,0.9999999999999999,0.01,0.687,False,False,True,False,True,False,False,False
0,0.5,0.5,0.5,0,0.033178571428571425,0.9999999999999999,0.0,0.0,True,False,False,False,False,False,True,False
0,0.5394221351616063,0.8,0.4851301115241636,0,0.4267857142857142,0.521865678975517,0.08,0.938,False,True,False,False,False,False,False,True
1,0.6863369245837414,0.4722222222222222,0.49907063197026025,0,0.4392857142857143,0.9999999999999999,0.0,0.16,False,True,False,False,True,False,False,False
0,0.5,0.5,0.5,0,0.24107142857142855,0.3629531744551879,0.0,0.0,False,True,False,False,False,False,False,True
0,0.5,0.5,0.5,0,0.011089285714285713,0.9999999999999999,0.0,0.0,False,True,False,False,False,False,False,True
0,0.5,0.5,0.5,0,0.0095,0.9999999999999999,0.0,0.0,False,False,False,True,False,True,False,False
1,0.24265426052889322,0.5444444444444444,0.23605947955390333,0,0.625,0.9999999999999999,0.0,0.0,False,True,False,False,False,False,True,False
0,0.5,0.5,0.5,0,0.1365357142857143,0.9999999999999999,0.0,0.0,False,False,False,True,True,False,False,False
1,0.568560235063663,0.6333333333333333,0.49814126394052044,0,0.425,0.9999999999999999,0.23,0.996,False,True,False,False,False,False,False,True
0,0.5,0.5,0.5,0,0.345,0.9999999999999999,0.0,0.0,False,True,False,False,False,False,False,True
1,0.5737022526934378,0.6444444444444444,0.5065055762081785,0,0.5892857142857143,0.9999999999999999,0.0,0.999,False,True,False,False,False,False,False,True
0,0.5,0.5,0.5,0,0.0007321428571428571,0.5628152697557834,0.0,0.0,True,False,False,False,False,True,False,False
0,0.5,0.5,0.5,0,0.08482142857142856,0.9999999999999999,0.0,0.0,True,False,False,False,False,True,False,False
1,0.1398139079333986,0.6944444444444444,0.3503717472118959,1,0.5107142857142857,0.9999999999999999,0.02,0.936,False,False,True,False,False,False,False,True
0,0.43119490695396673,0.5555555555555556,0.262546468401487,1,0.26482142857142854,0.5966249477253911,0.34,0.006,False,False,True,False,True,False,False,False
0,0.5394221351616063,0.8,0.4851301115241636,0,0.26482142857142854,0.9999999999999999,0.05,0.051,False,True,False,False,False,False,False,True
0,0.5,0.5,0.5,0,0.2598214285714286,0.9999999999999999,0.0,0.0,False,True,False,False,True,False,False,False
1,0.0,0.55,0.22630111524163565,0,0.0,0.9999999999999999,0.0,0.0,False,False,True,False,True,False,False,False
0,0.5,0.5,0.5,0,0.0016607142857142855,0.9999999999999999,0.0,0.0,True,False,False,False,False,True,False,False
1,0.4314397649363369,0.5333333333333333,0.4526022304832714,0,0.49821428571428567,0.9999999999999999,0.0,0.894,False,False,True,False,True,False,False,False
0,0.5,0.5,0.5,0,0.000375,0.9999999999999999,0.0,0.0,True,False,False,False,False,False,True,False
0,0.5,0.5,0.5,0,0.19107142857142856,0.9999999999999999,0.17,0.955,False,False,False,True,False,True,False,False
0,0.5,0.5,0.5,0,0.31035714285714283,0.9999999999999999,0.03,0.209,False,True,False,False,False,False,False,True
1,0.45592556317335947,0.6055555555555555,0.5111524163568774,0,0.17673214285714287,0.5628966313597897,0.08,0.014,True,False,False,False,False,False,False,True
1,0.14201762977473065,0.7166666666666667,0.04739776951672858,1,0.0002678571428571428,0.9999999999999999,0.57,0.001,True,False,False,False,False,False,False,True
0,0.5734573947110676,0.7,0.2736988847583643,1,0.3476785714285714,0.9999999999999999,0.08,0.028,False,True,False,False,False,False,False,True
1,0.46547502448579825,0.5222222222222223,0.4990706319702602,0,0.45535714285714285,0.9999999999999999,0.02,1.0,False,True,False,False,False,False,True,False
1,0.44343780607247796,0.48333333333333334,0.39869888475836435,1,0.5232142857142857,0.4752125632095571,0.0,0.996,False,True,False,False,True,False,False,False
1,0.4265426052889324,0.30000000000000004,0.7263011152416357,1,0.4375,0.5625840323539716,0.0,0.999,False,False,False,True,False,True,False,False
0,0.5,0.5,0.5,0,0.2760714285714286,0.593941758062171,0.0,0.0,False,True,False,False,False,False,False,True
0,0.5,0.5,0.5,0,0.04082142857142857,0.5620127731523406,0.0,0.0,False,True,False,False,False,False,False,True
0,0.5,0.5,0.5,0,0.10014285714285713,0.9999999999999999,0.0,0.0,False,False,False,True,False,False,True,False
0,0.4657198824681685,0.49444444444444446,0.5037174721189591,0,0.41428571428571426,0.9999999999999999,0.13,0.253,False,True,False,False,False,False,True,False
1,0.20323212536728696,0.3611111111111111,0.2644052044609665,0,0.2642857142857143,0.5952254394861669,0.0,0.0,False,True,False,False,True,False,False,False
0,0.5,0.5,0.5,0,0.0016607142857142855,0.9999999999999999,0.0,0.0,False,False,False,True,False,True,False,False
0,0.2573457394711067,0.7277777777777777,0.2774163568773234,1,0.00014285714285714284,0.37170383544803615,0.23,0.003,True,False,False,False,False,False,True,False
0,0.502203721841332,0.5222222222222223,0.19702602230483268,1,0.41428571428571426,0.581186696569488,0.0,0.292,True,False,False,False,False,False,True,False
1,0.3552889324191969,0.6611111111111111,0.2927509293680297,1,0.5017857142857143,0.5623673820177267,0.0,1.0,False,False,True,False,False,True,False,False
0,0.5636630754162586,0.6055555555555555,0.4103159851301115,1,0.36071428571428565,0.9999999999999999,0.56,0.001,False,True,False,False,False,False,False,True
1,0.1398139079333986,0.6944444444444444,0.3503717472118959,1,0.37321428571428567,0.9999999999999999,0.15,0.747,False,False,True,False,False,False,False,True
0,0.5,0.5,0.5,0,0.00035714285714285714,0.9999999999999999,0.0,0.0,False,False,False,True,False,True,False,False
0,0.5,0.5,0.5,0,0.5892857142857143,0.9999999999999999,0.0,0.0,False,False,False,True,False,True,False,False
0,0.5,0.5,0.5,0,0.17928571428571427,0.5430404710935018,0.0,0.0,True,False,False,False,False,False,False,True
0,0.568560235063663,0.6333333333333333,0.49814126394052044,0,0.4196428571428571,0.9999999999999999,0.12,0.508,False,True,False,False,False,False,False,True
0,0.5737022526934378,0.6444444444444444,0.5065055762081785,0,0.0007142857142857143,0.9999999999999999,0.33,0.003,False,True,False,False,False,False,False,True
1,0.556562193927522,0.5166666666666666,0.6013011152416357,1,0.5,0.9999999999999999,0.0,1.0,True,False,False,False,False,True,False,False
0,0.4314397649363369,0.5333333333333333,0.4526022304832714,0,3.571428571428571e-05,0.10284765993226429,0.38,0.002,False,False,True,False,True,False,False,False
1,0.5785994123408423,0.37222222222222223,0.48977695167286245,0,0.4375,0.9999999999999999,0.16,0.608,False,False,True,False,True,False,False,False
0,0.5,0.5,0.5,0,0.22839285714285712,0.5963996194619086,0.03,0.188,False,False,True,False,True,False,False,False
0,0.539177277179236,0.35555555555555557,0.4851301115241636,0,0.04648214285714286,0.034157816384986724,0.24,0.013,False,False,True,False,False,False,False,True
1,0.460822722820764,0.6444444444444444,0.5148698884758365,0,0.41428571428571426,0.42224489678600685,0.09,0.602,False,False,False,True,False,False,True,False
1,0.46057786483839375,0.2,0.5148698884758364,0,0.425,0.4581039907680283,0.0,1.0,False,False,False,True,False,True,False,False
0,0.37022526934378064,0.8888888888888888,0.23559479553903345,1,0.42142857142857143,0.9999999999999999,0.43,0.618,False,True,False,False,False,False,False,True
0,0.5,0.5,0.5,0,0.0007678571428571427,0.9999999999999999,0.36,0.03,False,False,False,True,False,True,False,False
0,0.4975514201762977,0.5,0.6226765799256506,1,0.4178571428571428,0.9999999999999999,0.11,0.016,False,False,True,False,True,False,False,False
0,0.3237022526934378,0.6722222222222223,0.6277881040892193,1,0.4196428571428571,0.9999999999999999,0.01,0.138,True,False,False,False,False,False,True,False
0,0.5,0.5,0.5,0,7.142857142857142e-05,0.9999999999999999,0.0,0.0,False,True,False,False,False,False,False,True
1,0.7426542605288933,0.49444444444444446,0.5097583643122676,0,0.625,0.9999999999999999,0.0,1.0,False,True,False,False,False,False,True,False
0,0.35798237022526935,0.6722222222222223,0.6486988847583643,1,0.44821428571428573,0.9999999999999999,0.01,0.926,True,False,False,False,False,False,True,False
0,0.5,0.5,0.5,0,0.0001607142857142857,0.2101889517609254,0.0,0.0,False,False,False,True,True,False,False,False
1,0.37022526934378064,0.8888888888888888,0.23559479553903345,1,0.6071428571428571,0.5182862191629788,0.0,1.0,False,True,False,False,False,False,False,True
0,0.4167482859941234,0.5555555555555556,0.5232342007434945,0,0.4446428571428571,0.21720313118977783,0.02,0.994,False,True,False,False,True,False,False,False
0,0.5,0.5,0.5,0,0.2089285714285714,0.9999999999999999,0.0,0.0,False,False,False,True,False,True,False,False
0,0.5,0.5,0.5,0,0.33732142857142855,0.9999999999999999,0.02,0.773,False,False,False,True,False,True,False,False
0,0.5,0.5,0.5,0,0.18875,0.9999999999999999,0.0,0.0,False,False,False,True,True,False,False,False
0,0.4681684622918707,0.6555555555555556,0.5088289962825279,0,0.19589285714285715,0.9999999999999999,0.16,0.292,True,False,False,False,False,True,False,False
0,0.5,0.5,0.5,0,0.28875,0.9999999999999999,0.13,0.012,True,False,False,False,False,False,True,False
0,0.5222820763956905,0.5166666666666666,0.5901486988847584,1,0.07576785714285715,0.59662029879966,0.0,0.0,True,False,False,False,False,True,False,False
1,1.0,0.45,0.7736988847583643,0,0.3217857142857143,0.9999999999999999,0.0,0.0,True,False,False,False,False,False,True,False
0,0.5,0.5,0.5,0,0.006803571428571428,0.9999999999999999,0.0,0.0,False,False,True,False,False,False,False,True
1,0.14226248775710088,0.6944444444444444,0.23745353159851296,0,0.875,0.9999999999999999,0.0,0.0,False,True,False,False,False,False,False,True
0,0.4363369245837414,0.39444444444444443,0.5896840148698885,1,0.2607142857142857,0.9999999999999999,0.54,0.309,False,False,False,True,False,True,False,False
1,0.056317335945151814,0.5722222222222222,0.23698884758364308,0,0.625,0.5965331525099017,0.0,0.0,False,True,False,False,False,False,True,False
1,0.6469147894221352,0.2888888888888889,0.5274163568773235,0,0.5339285714285714,0.9999999999999999,0.0,0.999,False,False,True,False,True,False,False,False
0,0.5,0.5,0.5,0,0.10105357142857142,0.9999999999999999,0.15,0.433,True,False,False,False,False,False,True,False
0,0.5,0.5,0.5,0,0.17475,0.9999999999999999,0.0,0.0,False,True,False,False,False,False,False,True
1,0.49779627815866795,0.4777777777777778,0.8029739776951673,1,0.5892857142857143,0.5284735190292199,0.0,0.998,False,False,True,False,True,False,False,False
1,0.1398139079333986,0.6944444444444444,0.3503717472118959,1,0.6428571428571428,0.9999999999999999,0.0,0.0,False,False,True,False,False,False,False,True
0,0.5,0.5,0.5,0,0.41607142857142854,0.9999999999999999,0.03,0.831,False,True,False,False,False,False,False,True
1,0.14226248775710088,0.6944444444444444,0.23745353159851296,0,0.6428571428571428,0.9999999999999999,0.0,0.0,False,True,False,False,False,False,False,True
1,0.0,0.55,0.22630111524163565,0,0.5125,0.9999999999999999,0.0,0.991,False,False,True,False,True,False,False,False
0,0.45592556317335947,0.6444444444444444,0.5130111524163569,0,0.21875,0.4949881217183557,1.0,0.0,False,False,True,False,True,False,False,False
1,0.5244857982370226,0.45555555555555555,0.5288104089219331,0,0.4267857142857142,0.9999999999999999,0.0,0.992,False,False,False,True,False,True,False,False
0,0.5,0.5,0.5,0,0.44821428571428573,0.5963964532630512,0.0,0.969,False,True,False,False,False,False,False,True
0,0.5832517140058766,0.4444444444444444,0.4767657992565056,0,0.20803571428571427,0.4028718277412295,0.73,0.004,False,True,False,False,False,False,False,True
1,0.5639079333986288,0.7555555555555555,0.5139405204460967,0,0.5107142857142857,0.529138527237504,0.02,1.0,False,True,False,False,False,False,False,True
0,0.5345249755142018,0.5166666666666666,0.5027881040892194,0,1.7857142857142855e-05,0.9999999999999999,1.0,0.002,False,False,True,False,True,False,False,False
0,0.5,0.5,0.5,0,0.19767857142857143,0.9999999999999999,0.0,0.0,False,True,False,False,False,False,False,True
0,0.5440744368266406,0.35555555555555557,0.48698884758364314,0,0.23428571428571426,0.543153293384302,0.0,0.0,False,True,False,False,False,False,True,False
0,0.5,0.5,0.5,0,0.20714285714285713,0.9999999999999999,0.0,0.0,False,True,False,False,True,False,False,False
0,0.4363369245837414,0.6888888888888889,0.48605947955390333,0,0.0005,0.9999999999999999,0.38,0.0,False,True,False,False,False,False,True,False
1,0.14226248775710088,0.6944444444444444,0.23745353159851296,0,0.29910714285714285,0.9999999999999999,0.08,0.033,False,True,False,False,False,False,False,True
0,0.5,0.5,0.5,0,0.04498214285714286,0.2296765699972013,0.0,0.0,False,False,True,False,True,False,False,False
0,0.5,0.5,0.5,0,0.00035714285714285714,0.5953205156684404,0.0,0.0,True,False,False,False,False,False,True,False
0,0.5,0.5,0.5,0,0.21482142857142855,0.5965932704244854,0.0,0.866,False,False,False,True,False,True,False,False
0,0.5,0.5,0.5,0,0.11019642857142857,0.9999999999999999,0.0,0.0,True,False,False,False,False,False,True,False
0,0.4314397649363369,0.36666666666666664,0.5018587360594795,0,0.26625,0.9999999999999999,0.21,0.46,False,False,False,True,False,True,False,False
1,0.37022526934378064,0.8888888888888888,0.23559479553903345,1,0.6071428571428571,0.5182732555063565,0.0,0.997,False,True,False,False,False,False,False,True
0,0.5296278158667973,0.7888888888888889,0.5195167286245354,0,0.2760714285714286,0.47178758926682357,0.85,0.059,False,True,False,False,False,False,False,True
0,0.5345249755142018,0.5166666666666666,0.5027881040892194,0,0.1655892857142857,0.9999999999999999,0.9,0.01,False,False,True,False,True,False,False,False
0,0.5,0.5,0.5,0,0.2608928571428571,0.5621736880787733,0.0,0.0,False,False,True,False,True,False,False,False
0,0.5,0.5,0.5,0,1.7857142857142855e-05,0.9999999999999999,0.0,0.0,True,False,False,False,False,False,True,False
1,0.20323212536728696,0.3611111111111111,0.2644052044609665,0,0.17819642857142856,0.5622678718742719,0.0,0.0,False,True,False,False,True,False,False,False
1,0.1398139079333986,0.6944444444444444,0.3503717472118959,1,0.43571428571428567,0.9999999999999999,0.01,0.098,False,False,True,False,False,False,False,True
1,0.1398139079333986,0.6944444444444444,0.3503717472118959,1,0.8392857142857142,0.9999999999999999,0.0,0.0,False,False,True,False,False,False,False,True
1,0.7426542605288933,0.27222222222222225,0.7225836431226766,1,0.4303571428571429,0.9999999999999999,0.03,0.092,False,False,True,False,False,True,False,False
0,0.5,0.5,0.5,0,0.039535714285714285,0.5965672346499798,0.0,0.0,True,False,False,False,False,False,True,False
1,0.4265426052889324,0.30000000000000004,0.7263011152416357,1,0.5267857142857143,0.596621155147348,0.0,1.0,False,False,False,True,False,True,False,False
1,0.37022526934378064,0.8888888888888888,0.23559479553903345,1,0.625,0.596602930427569,0.0,1.0,False,True,False,False,False,False,False,True
1,0.14226248775710088,0.6944444444444444,0.23745353159851296,0,0.6428571428571428,0.9999999999999999,0.0,0.0,False,True,False,False,False,False,False,True
0,0.5,0.5,0.5,0,0.26625,0.9999999999999999,0.09,0.803,False,True,False,False,False,False,False,True
0,0.5,0.5,0.5,0,0.19839285714285712,0.9999999999999999,0.0,0.0,False,False,True,False,False,False,False,True
1,0.24265426052889322,0.5444444444444444,0.23605947955390333,0,0.6071428571428571,0.9999999999999999,0.01,0.991,False,True,False,False,False,False,True,False
0,0.5,0.5,0.5,0,0.1585892857142857,0.5607575450258266,0.0,0.0,False,True,False,False,False,False,False,True
0,0.5,0.5,0.5,0,0.23535714285714285,0.9999999999999999,0.02,0.196,False,False,False,True,False,True,False,False
0,0.5,0.5,0.5,0,0.16341071428571427,0.9999999999999999,0.0,0.0,True,False,False,False,False,False,True,False
0,0.502203721841332,0.5222222222222223,0.19702602230483268,1,0.47678571428571426,0.33752575254488765,0.0,0.967,True,False,False,False,False,False,True,False
0,0.5,0.5,0.5,0,0.6428571428571428,0.9999999999999999,0.0,0.0,False,True,False,False,False,False,False,True
1,0.3871204701273261,0.3388888888888889,0.54182156133829,0,0.48392857142857143,0.9999999999999999,0.0,1.0,False,False,False,True,False,False,True,False
1,0.14226248775710088,0.6944444444444444,0.23745353159851296,0,0.03798214285714285,0.9999999999999999,0.15,0.196,False,True,False,False,False,False,False,True
0,0.5,0.5,0.5,0,0.38571428571428573,0.9999999999999999,0.0,0.0,False,True,False,False,False,False,False,True
1,0.5734573947110676,0.4777777777777778,0.4865241635687732,0,0.5714285714285714,0.9999999999999999,0.0,0.472,False,False,True,False,True,False,False,False
0,0.5345249755142018,0.4777777777777778,0.7012081784386617,1,0.21214285714285713,0.5011076450293491,0.0,0.0,False,True,False,False,True,False,False,False
0,0.5345249755142018,0.47777777777777775,0.5009293680297398,0,0.1613214285714286,0.08261861716633558,0.56,0.008,False,False,True,False,False,False,False,True
0,0.5,0.5,0.5,0,0.13080357142857144,0.9999999999999999,0.09,0.178,False,False,False,True,False,True,False,False
0,0.5759059745347699,0.3944444444444445,0.4697955390334573,0,0.4178571428571428,0.9999999999999999,0.0,0.0,False,True,False,False,True,False,False,False
0,0.5,0.5,0.5,0,0.1694285714285714,0.5813021138467757,0.0,0.0,False,False,True,False,True,False,False,False
0,0.5024485798237023,0.5,0.37732342007434944,1,0.42321428571428565,0.9999999999999999,0.0,0.959,True,False,False,False,False,False,True,False
0,0.5,0.5,0.5,0,0.2969642857142857,0.5619042727481731,0.0,0.0,False,True,False,False,True,False,False,False
1,0.4240940254652302,0.6055555555555555,0.5302044609665427,0,0.46964285714285714,0.5966258041548866,0.05,0.993,True,False,False,False,False,True,False,False
1,0.14226248775710088,0.6944444444444444,0.23745353159851296,0,0.3982142857142857,0.9999999999999999,0.02,0.267,False,True,False,False,False,False,False,True
0,0.5,0.5,0.5,0,0.016999999999999998,0.37104425025939547,0.0,0.0,False,False,False,True,False,True,False,False
0,0.5,0.5,0.5,0,0.41428571428571426,0.9999999999999999,0.14,0.534,False,True,False,False,False,False,False,True
0,0.5,0.5,0.5,0,0.03907142857142857,0.9999999999999999,0.03,0.108,False,True,False,False,False,False,False,True
0,0.5785994123408423,0.37222222222222223,0.48977695167286245,0,0.4035714285714286,0.9999999999999999,0.83,0.785,False,False,True,False,True,False,False,False
0,0.5,0.5,0.5,0,0.3910714285714285,0.9999999999999999,0.06,0.591,False,True,False,False,False,False,False,True
0,0.5,0.5,0.5,0,0.22035714285714283,0.9999999999999999,0.0,0.0,False,True,False,False,False,False,True,False
0,0.5,0.5,0.5,0,0.001732142857142857,0.9999999999999999,0.0,0.0,True,False,False,False,False,False,False,True
0,0.5,0.5,0.5,0,0.008624999999999999,0.9999999999999999,0.0,0.0,False,False,True,False,True,False,False,False
0,0.4363369245837414,0.39444444444444443,0.5896840148698885,1,0.40892857142857136,0.4484482439118407,0.55,0.997,False,False,False,True,False,True,False,False
0,0.5,0.5,0.5,0,0.0064821428571428565,0.4940236282036019,0.0,0.0,False,True,False,False,False,False,True,False
1,0.3161116552399608,0.5222222222222223,0.2225836431226766,0,0.6607142857142857,0.9999999999999999,0.0,0.0,False,False,True,False,False,False,False,True
0,0.5,0.5,0.5,0,0.20249999999999999,0.5149616833225977,0.0,0.0,False,True,False,False,False,False,False,True
1,0.6762977473065622,0.3277777777777778,0.3722118959107807,1,0.375,0.9999999999999999,0.0,0.0,False,False,True,False,True,False,False,False
1,0.6420176297747306,0.2055555555555556,0.370817843866171,1,0.625,0.9999999999999999,0.0,0.994,False,True,False,False,True,False,False,False
0,0.5,0.5,0.5,0,0.22107142857142859,0.5326012013889982,0.0,0.0,False,True,False,False,False,False,False,True
0,0.46057786483839375,0.2,0.5148698884758364,0,0.48571428571428565,0.40630436770825773,0.0,0.992,False,False,False,True,False,True,False,False
0,0.5,0.5,0.5,0,0.002857142857142857,0.9999999999999999,0.0,0.0,False,True,False,False,False,False,False,True
1,0.14226248775710088,0.6944444444444444,0.23745353159851296,0,0.5714285714285714,0.9999999999999999,0.02,0.9,False,True,False,False,False,False,False,True
0,0.46057786483839375,0.2,0.5148698884758364,0,0.34214285714285714,0.9999999999999999,0.2,0.448,False,False,False,True,False,True,False,False
0,0.4755142017629775,0.5444444444444444,0.4711895910780669,0,0.11333928571428571,0.9999999999999999,0.32,0.003,False,True,False,False,False,False,False,True
1,0.47771792360430954,0.48333333333333334,0.40985130111524165,1,0.43571428571428567,0.9999999999999999,0.0,0.999,False,True,False,False,True,False,False,False
1,0.5832517140058766,0.4444444444444444,0.4767657992565056,0,0.4446428571428571,0.9999999999999999,0.14,0.999,False,True,False,False,False,False,False,True
0,0.502203721841332,0.5222222222222223,0.19702602230483268,1,0.23410714285714285,0.448469509437438,0.66,0.007,True,False,False,False,False,False,True,False
0,0.5,0.5,0.5,0,0.155,0.9999999999999999,0.0,0.0,False,False,False,True,True,False,False,False
0,0.5,0.5,0.5,0,0.16341071428571427,0.5290575732790614,0.0,0.0,False,False,True,False,True,False,False,False
1,0.6177766895200784,0.4222222222222222,0.4776951672862454,0,0.6071428571428571,0.9999999999999999,0.0,1.0,False,False,True,False,False,False,False,True
1,0.14226248775710088,0.6944444444444444,0.23745353159851296,0,0.6607142857142857,0.5965916809874334,0.0,0.0,False,True,False,False,False,False,False,True
1,0.8161116552399608,0.4722222222222222,0.4962825278810409,0,0.5714285714285714,0.9999999999999999,0.0,0.999,False,False,True,False,False,False,False,True
0,0.49779627815866795,0.4777777777777778,0.8029739776951673,1,0.35892857142857143,0.49501071028388477,0.87,0.003,False,False,True,False,True,False,False,False
0,0.5,0.5,0.5,0,0.029678571428571426,0.9999999999999999,0.07,0.036,False,False,True,False,True,False,False,False
0,0.5,0.5,0.5,0,0.27660714285714283,0.9999999999999999,0.0,0.0,False,True,False,False,False,False,False,True
0,0.5,0.5,0.5,0,0.19339285714285714,0.9999999999999999,1.0,0.0,False,True,False,False,False,False,False,True
0,0.5,0.5,0.5,0,0.2451785714285714,0.9999999999999999,0.01,0.132,False,False,True,False,True,False,False,False
1,0.1398139079333986,0.6944444444444444,0.3503717472118959,1,0.6607142857142857,0.5965661348534721,0.0,0.0,False,False,True,False,False,False,False,True
0,0.5,0.5,0.5,0,0.25803571428571426,0.9999999999999999,0.31,0.19,False,False,True,False,True,False,False,False
1,0.3552889324191969,0.6611111111111111,0.2927509293680297,1,0.6071428571428571,0.9999999999999999,0.0,0.998,False,False,True,False,False,True,False,False
0,0.5,0.5,0.5,0,0.12967857142857142,0.9999999999999999,0.0,0.0,False,False,False,True,True,False,False,False
1,0.0,0.55,0.22630111524163565,0,0.48392857142857143,0.9999999999999999,0.0,0.99,False,False,True,False,True,False,False,False
0,0.5,0.5,0.5,0,0.16999999999999998,0.9999999999999999,0.0,0.0,False,False,True,False,True,False,False,False
0,0.5,0.5,0.5,0,0.18928571428571428,0.5966017075363682,0.0,0.0,False,True,False,False,False,False,False,True
1,0.4534769833496572,0.5722222222222222,0.35269516728624534,0,0.5017857142857143,0.5623673820177267,0.0,1.0,False,False,True,False,True,False,False,False
1,0.37022526934378064,0.8888888888888888,0.23559479553903345,1,0.6071428571428571,0.5094330110654027,0.0,0.97,False,True,False,False,False,False,False,True
0,0.5,0.5,0.5,0,0.12905357142857143,0.3741175450180225,0.0,0.0,False,True,False,False,False,False,False,True
0,0.5,0.5,0.5,0,0.01892857142857143,0.596558803511836,0.0,0.0,False,True,False,False,False,False,False,True
0,0.5,0.5,0.5,0,0.23857142857142855,0.9999999999999999,0.41,0.754,False,False,False,True,False,True,False,False
1,0.37022526934378064,0.8888888888888888,0.23559479553903345,1,0.625,0.5431414693989322,0.01,0.95,False,True,False,False,False,False,False,True
0,0.460822722820764,0.9277777777777778,0.6482342007434945,1,0.3507142857142857,0.5011676661772628,0.0,0.511,True,False,False,False,False,False,False,True
1,0.14226248775710088,0.6944444444444444,0.23745353159851296,0,0.45714285714285713,0.9999999999999999,0.01,0.701,False,True,False,False,False,False,False,True
1,0.5688050930460333,0.4444444444444444,0.737453531598513,1,0.4375,0.5628954689669143,0.13,0.964,True,False,False,False,False,False,True,False
0,0.5,0.5,0.5,0,0.20857142857142855,0.5964124081303169,0.0,0.0,False,False,True,False,True,False,False,False
0,0.5,0.5,0.5,0,0.22803571428571426,0.3064015269073237,0.0,0.0,False,False,True,False,True,False,False,False
0,0.5,0.5,0.5,0,0.10621428571428572,0.9999999999999999,0.16,0.273,False,False,True,False,True,False,False,False
0,0.5,0.5,0.5,0,0.0003214285714285714,0.5182634739006159,0.0,0.0,False,False,True,False,True,False,False,False
1,0.4534769833496572,0.5722222222222222,0.35269516728624534,0,0.5892857142857143,0.45594709730140753,0.0,0.993,False,False,True,False,True,False,False,False
1,0.5541136141038198,0.5166666666666666,0.7239776951672863,1,0.46428571428571425,0.9999999999999999,0.14,0.836,False,False,True,False,False,True,False,False
0,0.5,0.5,0.5,0,0.31357142857142856,0.4947106392257248,0.0,0.0,False,False,True,False,False,False,False,True
0,0.5,0.5,0.5,0,0.23160714285714284,0.9999999999999999,0.0,0.0,False,False,True,False,True,False,False,False
0,0.5,0.5,0.5,0,0.40178571428571425,0.9999999999999999,0.02,0.999,True,False,False,False,False,False,True,False
1,0.0,0.55,0.22630111524163565,0,0.41428571428571426,0.9999999999999999,0.21,0.927,False,False,True,False,True,False,False,False
1,0.14226248775710088,0.6944444444444444,0.23745353159851296,0,0.4946428571428571,0.9999999999999999,0.0,0.803,False,True,False,False,False,False,False,True
0,0.45592556317335947,0.6055555555555555,0.5111524163568774,0,0.26267857142857143,0.17852029432236402,1.0,0.01,True,False,False,False,False,True,False,False
1,0.14201762977473065,0.7166666666666667,0.04739776951672858,1,0.6428571428571428,0.5965025111816816,0.0,0.0,True,False,False,False,False,False,False,True
0,0.5,0.5,0.5,0,0.034571428571428565,0.5429989922228832,0.0,0.0,False,True,False,False,False,False,False,True
1,0.056317335945151814,0.5722222222222222,0.23698884758364308,0,0.6607142857142857,0.562608961651085,0.0,0.0,False,True,False,False,True,False,False,False
0,0.5785994123408423,0.37222222222222223,0.48977695167286245,0,0.04517857142857142,0.37904779339455563,0.11,0.0,False,False,True,False,True,False,False,False
1,0.46547502448579825,0.5222222222222223,0.29879182156133827,1,0.5196428571428572,0.9999999999999999,0.01,0.985,False,False,True,False,False,False,False,True
0,0.5,0.5,0.5,0,0.1969642857142857,0.9999999999999999,0.13,0.652,False,False,False,True,False,True,False,False
1,0.509794319294809,0.55,0.4674721189591078,0,0.475,0.9999999999999999,0.0,0.958,False,True,False,False,True,False,False,False
0,0.5394221351616063,0.8,0.4851301115241636,0,0.4589285714285714,0.5277027552308315,0.01,0.941,False,True,False,False,False,False,False,True
0,0.5,0.5,0.5,0,0.33767857142857144,0.9999999999999999,0.15,0.778,True,False,False,False,False,False,True,False
0,0.5,0.5,0.5,0,0.34464285714285714,0.9999999999999999,0.07,0.914,False,False,False,True,False,True,False,False
0,0.568560235063663,0.4666666666666667,0.5473977695167286,0,0.0008392857142857143,0.5966017075363682,0.73,0.023,True,False,False,False,False,False,True,False
1,0.568560235063663,0.6333333333333333,0.49814126394052044,0,0.475,0.3524531029695314,0.19,0.978,False,True,False,False,False,False,False,True
1,0.6762977473065622,0.3277777777777778,0.3722118959107807,1,0.5714285714285714,0.9999999999999999,0.0,0.996,False,False,True,False,True,False,False,False
1,0.3922624877571009,0.7944444444444444,0.650092936802974,1,0.46964285714285714,0.9999999999999999,0.0,0.999,True,False,False,False,False,True,False,False
0,0.5,0.5,0.5,0,0.20857142857142855,0.34480803798442566,0.0,0.0,False,True,False,False,False,False,False,True
0,0.5,0.5,0.5,0,0.42142857142857143,0.9999999999999999,0.03,0.854,False,True,False,False,False,False,False,True
1,0.4534769833496572,0.5722222222222222,0.35269516728624534,0,0.5535714285714285,0.9999999999999999,0.04,0.994,False,False,True,False,True,False,False,False
1,0.14226248775710088,0.6944444444444444,0.23745353159851296,0,0.8571428571428571,0.9999999999999999,0.0,0.0,False,True,False,False,False,False,False,True
0,0.3237022526934378,0.6722222222222223,0.6277881040892193,1,0.32553571428571426,0.3505639246437641,0.0,0.0,True,False,False,False,False,False,True,False
0,0.5,0.5,0.5,0,0.00010714285714285714,0.9999999999999999,0.0,0.0,True,False,False,False,False,True,False,False
1,0.47771792360430954,0.48333333333333334,0.40985130111524165,1,0.4178571428571428,0.9999999999999999,0.0,1.0,False,False,False,True,True,False,False,False
1,0.35308521057786485,0.711111111111111,0.4725836431226766,0,0.4821428571428571,0.9999999999999999,0.0,0.985,True,False,False,False,False,False,True,False
1,0.7426542605288933,0.27222222222222225,0.7225836431226766,1,0.6071428571428571,0.596621155147348,0.02,0.709,False,False,True,False,True,False,False,False
1,0.0734573947110676,0.75,0.0,1,0.11057142857142857,0.9999999999999999,0.0,0.0,False,True,False,False,False,False,False,True
1,0.14226248775710088,0.6944444444444444,0.23745353159851296,0,0.7321428571428571,0.9999999999999999,0.0,0.0,False,True,False,False,False,False,False,True
1,0.0,0.55,0.22630111524163565,0,0.42142857142857143,0.9999999999999999,0.07,0.031,False,False,True,False,True,False,False,False
1,0.24265426052889322,0.5444444444444444,0.23605947955390333,0,0.42321428571428565,0.9999999999999999,0.29,0.804,False,True,False,False,False,False,True,False
0,0.5,0.5,0.5,0,0.0060178571428571425,0.596577745070222,0.0,0.0,False,False,False,True,False,True,False,False
0,0.5,0.5,0.5,0,0.6785714285714285,0.9999999999999999,0.0,0.0,False,False,False,True,False,True,False,False
0,0.5394221351616063,0.8,0.4851301115241636,0,0.3201785714285714,0.9999999999999999,0.24,0.0,False,True,False,False,False,False,False,True
1,0.6028403525954946,0.7555555555555555,0.4995353159851301,0,0.0,0.9999999999999999,0.0,0.0,False,False,True,False,False,False,False,True
0,0.5,0.5,0.5,0,0.10364285714285715,0.9999999999999999,0.0,0.0,True,False,False,False,False,False,False,True
0,0.5,0.5,0.5,0,0.18767857142857142,0.5776021193492872,0.0,0.0,False,False,True,False,False,True,False,False
0,0.5734573947110676,0.3611111111111111,0.48141263940520446,0,0.35374999999999995,0.4648381760397699,0.11,0.13,False,False,True,False,True,False,False,False
0,0.5,0.5,0.5,0,0.16258928571428571,0.9999999999999999,0.16,0.061,False,False,True,False,True,False,False,False
1,0.3552889324191969,0.6611111111111111,0.2927509293680297,1,0.625,0.9999999999999999,0.01,0.572,False,False,True,False,False,True,False,False
0,0.4681684622918707,0.6555555555555556,0.5088289962825279,0,0.4392857142857143,0.9999999999999999,0.02,0.536,True,False,False,False,False,True,False,False
0,0.5,0.5,0.5,0,0.27785714285714286,0.5625961305886884,0.0,0.0,False,False,True,False,True,False,False,False
1,0.14226248775710088,0.6944444444444444,0.23745353159851296,0,0.0325,0.9999999999999999,0.19,0.253,False,True,False,False,False,False,False,True
0,0.5,0.5,0.5,0,0.0003928571428571428,0.9999999999999999,0.0,0.0,True,False,False,False,False,False,True,False
1,0.17874632713026445,0.2888888888888889,0.22211895910780666,0,0.4392857142857143,0.9999999999999999,0.07,0.794,False,False,False,True,True,False,False,False
1,0.0,0.55,0.22630111524163565,0,0.11308928571428571,0.9999999999999999,0.77,0.004,False,False,True,False,True,False,False,False
1,0.056317335945151814,0.5722222222222222,0.23698884758364308,0,0.6428571428571428,0.9999999999999999,0.0,0.0,False,True,False,False,True,False,False,False
0,0.5,0.5,0.5,0,0.00025,0.9999999999999999,0.0,0.0,True,False,False,False,False,False,True,False
1,0.24265426052889322,0.5444444444444444,0.23605947955390333,0,0.475,0.9999999999999999,0.0,0.0,False,True,False,False,True,False,False,False
1,0.5342801175318316,0.6222222222222222,0.5013940520446096,0,0.6071428571428571,0.9999999999999999,0.0,0.995,False,False,True,False,False,True,False,False
0,0.5,0.5,0.5,0,7.142857142857142e-05,0.9999999999999999,0.0,0.0,True,False,False,False,False,False,True,False
1,0.14201762977473065,0.7166666666666667,0.04739776951672858,1,0.01217857142857143,0.594733874232161,0.29,0.013,True,False,False,False,False,False,False,True
0,0.4681684622918707,0.6555555555555556,0.5088289962825279,0,0.20214285714285712,0.4643430236120419,0.11,0.006,True,False,False,False,False,True,False,False
0,0.4265426052889324,0.6388888888888888,0.5185873605947956,0,0.26,0.9999999999999999,0.63,0.005,True,False,False,False,False,False,True,False
0,0.5,0.5,0.5,0,0.24821428571428572,0.9999999999999999,0.0,0.0,False,False,True,False,False,False,False,True
1,0.568560235063663,0.6333333333333333,0.49814126394052044,0,0.6071428571428571,0.5628594485515032,0.02,0.999,False,True,False,False,False,False,False,True
0,0.43364348677766895,0.6777777777777778,0.30762081784386613,1,0.4035714285714286,0.9999999999999999,0.22,0.169,True,False,False,False,False,True,False,False
1,0.5734573947110676,0.4777777777777778,0.4865241635687732,0,0.3571428571428571,0.4952790869830771,0.31,0.284,False,False,True,False,True,False,False,False
1,0.539177277179236,0.07222222222222224,0.35176579925650553,1,0.40714285714285714,0.9999999999999999,0.03,0.072,False,False,False,True,True,False,False,False
0,0.5,0.5,0.5,0,7.142857142857142e-05,0.9999999999999999,0.0,0.0,True,False,False,False,False,False,True,False
0,0.5394221351616063,0.6833333333333333,0.47165427509293684,0,0.46249999999999997,0.9999999999999999,0.12,0.736,False,True,False,False,False,False,True,False
1,0.4755142017629775,0.5444444444444444,0.4711895910780669,0,0.4946428571428571,0.9999999999999999,0.02,1.0,False,True,False,False,False,False,False,True
1,0.24265426052889322,0.5444444444444444,0.23605947955390333,0,0.425,0.9999999999999999,0.29,1.0,False,True,False,False,True,False,False,False
0,0.5,0.5,0.5,0,0.625,0.9999999999999999,0.0,0.0,False,False,False,True,False,True,False,False
1,0.5367286973555337,0.033333333333333326,0.6728624535315986,1,0.44999999999999996,0.5965823899325741,0.0,0.85,False,False,False,True,True,False,False,False
0,0.5,0.5,0.5,0,0.13785714285714284,0.9999999999999999,0.0,0.0,True,False,False,False,False,False,True,False
0,0.5,0.5,0.5,0,0.17192857142857143,0.9999999999999999,0.0,0.0,False,False,False,True,False,True,False,False
0,0.4338883447600392,0.65,0.512546468401487,0,0.10992857142857142,0.36022468897576826,1.0,0.001,True,False,False,False,False,False,True,False
1,0.5734573947110676,0.7,0.2736988847583643,1,0.3389285714285714,0.5965452434406415,0.0,0.0,False,True,False,False,False,False,False,True
1,0.6762977473065622,0.3277777777777778,0.3722118959107807,1,0.4946428571428571,0.47568102120641303,0.0,0.872,False,False,True,False,True,False,False,False
0,0.5,0.5,0.5,0,0.1357857142857143,0.47642662478557035,0.0,0.0,True,False,False,False,False,False,True,False
0,0.5,0.5,0.5,0,0.17083928571428572,0.9999999999999999,0.0,0.0,False,True,False,False,False,False,False,True
0,0.5,0.5,0.5,0,0.4196428571428571,0.9999999999999999,0.01,0.749,True,False,False,False,False,False,True,False
0,0.5,0.5,0.5,0,0.2989285714285714,0.5627438619518744,0.0,0.0,False,False,True,False,False,True,False,False
0,0.5296278158667973,0.7888888888888889,0.5195167286245354,0,0.43571428571428567,0.9999999999999999,0.01,0.254,False,True,False,False,False,False,False,True
0,0.5,0.5,0.5,0,0.11408928571428571,0.38944815678593747,0.0,0.0,False,True,False,False,False,False,False,True
1,0.0,0.55,0.22630111524163565,0,0.6607142857142857,0.9999999999999999,0.0,0.0,False,False,True,False,True,False,False,False
1,0.5394221351616063,0.8,0.4851301115241636,0,0.4267857142857142,0.9999999999999999,0.12,0.999,False,True,False,False,False,False,False,True
1,0.14226248775710088,0.6944444444444444,0.23745353159851296,0,0.176625,0.9999999999999999,0.11,0.169,False,True,False,False,False,False,False,True
0,0.4363369245837414,0.6888888888888889,0.48605947955390333,0,5.357142857142857e-05,0.5290151644170661,0.81,0.002,False,True,False,False,False,False,True,False
0,0.5785994123408423,0.37222222222222223,0.48977695167286245,0,0.2566071428571428,0.33606655650681266,0.03,0.023,False,False,True,False,True,False,False,False
1,0.6471596474045054,0.7,0.49070631970260226,0,0.5714285714285714,0.5628737556776171,0.0,0.694,False,True,False,False,False,False,False,True
1,0.0734573947110676,0.75,0.0,1,0.625,0.5964971417802742,0.0,0.0,False,True,False,False,False,False,False,True
1,0.20323212536728696,0.3611111111111111,0.2644052044609665,0,0.625,0.9999999999999999,0.0,0.0,False,True,False,False,True,False,False,False
1,0.7426542605288933,0.27222222222222225,0.7225836431226766,1,0.5196428571428572,0.9999999999999999,0.01,1.0,False,False,True,False,True,False,False,False
1,0.5636630754162586,0.3111111111111111,0.5139405204460966,0,0.3696428571428571,0.9999999999999999,0.33,0.014,False,False,True,False,False,True,False,False
0,0.4755142017629775,0.5444444444444444,0.4711895910780669,0,0.05414285714285714,0.2517892340063373,0.2,0.0,False,True,False,False,False,False,False,True
1,0.17874632713026445,0.2888888888888889,0.22211895910780666,0,0.6964285714285714,0.9999999999999999,0.0,0.0,False,False,False,True,False,False,True,False
0,0.5,0.5,0.5,0,0.05551785714285714,0.5955971598729495,0.0,0.0,False,False,False,True,False,True,False,False
0,0.5,0.5,0.5,0,0.000125,0.9999999999999999,0.0,0.0,False,False,False,True,False,False,True,False
1,0.5734573947110676,0.7,0.2736988847583643,1,0.625,0.49967655563664826,0.0,1.0,False,True,False,False,False,False,False,True
1,0.35308521057786485,0.711111111111111,0.4725836431226766,0,0.44107142857142856,0.9999999999999999,0.16,0.666,True,False,False,False,False,False,True,False
0,0.5,0.5,0.5,0,0.06569642857142856,0.5966079446027837,0.0,0.0,False,True,False,False,False,False,False,True
0,0.5,0.5,0.5,0,0.26767857142857143,0.569396730134995,0.0,0.0,False,False,True,False,False,True,False,False
0,0.5737022526934378,0.6444444444444444,0.5065055762081785,0,0.3821428571428571,0.42346390959375635,0.0,0.466,False,True,False,False,False,False,False,True
0,0.5,0.5,0.5,0,0.31857142857142856,0.9999999999999999,0.0,0.0,False,True,False,False,False,False,False,True
1,0.5394221351616063,0.8,0.4851301115241636,0,0.0,0.9999999999999999,0.0,0.0,False,True,False,False,False,False,False,True
0,0.4265426052889324,0.5222222222222223,0.5134758364312267,0,0.22017857142857142,0.9999999999999999,0.01,0.16,True,False,False,False,False,False,True,False
1,0.3947110675808031,0.9611111111111111,0.27788104089219334,1,0.0,0.9999999999999999,0.0,0.0,False,False,True,False,False,False,False,True
0,0.5345249755142018,0.5166666666666666,0.5027881040892194,0,0.005089285714285714,0.46820507054822275,0.53,0.055,False,False,True,False,True,False,False,False
1,0.2573457394711067,0.7277777777777777,0.2774163568773234,1,0.49642857142857144,0.9999999999999999,0.0,1.0,True,False,False,False,False,False,True,False
0,0.568560235063663,0.6333333333333333,0.49814126394052044,0,0.45535714285714285,0.35012096009476684,0.08,0.802,False,True,False,False,False,False,False,True
1,0.4926542605288932,0.1777777777777778,0.6858736059479554,1,0.40892857142857136,0.5008838642772969,0.0,0.063,False,False,False,True,True,False,False,False
0,0.5345249755142018,0.5166666666666666,0.5027881040892194,0,0.15075,0.3612222310645274,0.18,0.029,False,False,True,False,True,False,False,False
1,0.0734573947110676,0.75,0.0,1,0.625,0.9999999999999999,0.0,0.0,False,True,False,False,False,False,False,True
0,0.568560235063663,0.4666666666666667,0.5473977695167286,0,0.40178571428571425,0.9999999999999999,0.0,0.674,True,False,False,False,False,False,True,False
1,0.7426542605288933,0.27222222222222225,0.7225836431226766,1,0.625,0.9999999999999999,0.0,1.0,False,False,True,False,True,False,False,False
0,0.5,0.5,0.5,0,5.357142857142857e-05,0.5628400733815095,0.0,0.0,False,False,False,True,False,True,False,False
1,0.5734573947110676,0.4777777777777778,0.4865241635687732,0,0.6071428571428571,0.9999999999999999,0.02,0.799,False,False,True,False,True,False,False,False
0,0.5,0.5,0.5,0,0.0894642857142857,0.5965649128865013,0.0,0.0,False,False,False,True,False,True,False,False
0,0.5,0.5,0.5,0,0.07716071428571428,0.5628780364045654,0.0,0.0,False,True,False,False,False,False,False,True
1,0.35308521057786485,0.711111111111111,0.4725836431226766,0,0.4303571428571429,0.9999999999999999,0.0,1.0,True,False,False,False,False,False,True,False
0,0.5,0.5,0.5,0,0.46964285714285714,0.596614916387771,0.0,0.978,False,False,True,False,True,False,False,False
1,0.5,0.5,0.5,0,0.28214285714285714,0.9999999999999999,0.0,0.0,False,False,True,False,True,False,False,False
1,0.4657198824681685,0.5,0.479089219330855,0,0.0,0.9999999999999999,0.0,0.0,True,False,False,False,False,False,False,True
0,0.5,0.5,0.5,0,0.000875,0.9999999999999999,0.0,0.0,False,True,False,False,False,False,False,True
1,0.24265426052889322,0.5444444444444444,0.23605947955390333,0,0.6071428571428571,0.9999999999999999,0.0,0.999,False,True,False,False,False,False,True,False
1,0.47037218413320275,0.21111111111111114,0.4804832713754647,0,0.40714285714285714,0.9999999999999999,0.0,0.214,False,False,False,True,False,True,False,False
0,0.5,0.5,0.5,0,0.0007142857142857143,0.9999999999999999,0.0,0.0,True,False,False,False,False,False,True,False
0,0.5,0.5,0.5,0,0.25875,0.11414907721802935,0.0,0.0,False,True,False,False,False,False,False,True
1,0.1398139079333986,0.6944444444444444,0.3503717472118959,1,0.625,0.9999999999999999,0.0,0.0,False,False,True,False,False,False,False,True
0,0.5,0.5,0.5,0,0.20160714285714282,0.9999999999999999,0.0,0.0,True,False,False,False,False,False,True,False
0,0.6762977473065622,0.3277777777777778,0.3722118959107807,1,0.15953571428571425,0.9999999999999999,0.28,0.046,False,False,True,False,True,False,False,False
0,0.5,0.5,0.5,0,0.3023214285714286,0.5312083764919185,0.0,0.0,False,True,False,False,False,False,False,True
0,0.5734573947110676,0.7,0.2736988847583643,1,0.6071428571428571,0.3730067905559467,0.02,0.973,False,True,False,False,False,False,False,True
1,0.568560235063663,0.6333333333333333,0.49814126394052044,0,0.42142857142857143,0.9999999999999999,0.1,0.168,False,True,False,False,False,False,False,True
1,0.1398139079333986,0.6944444444444444,0.3503717472118959,1,0.2125,0.9999999999999999,0.36,0.214,False,False,True,False,False,False,False,True
0,0.5,0.5,0.5,0,0.295,0.9999999999999999,0.0,0.0,False,False,True,False,True,False,False,False
0,0.5,0.5,0.5,0,0.006839285714285714,0.9999999999999999,0.0,0.0,False,False,False,True,False,False,True,False
0,0.4657198824681685,0.5,0.479089219330855,0,0.005660714285714285,0.9999999999999999,0.0,0.0,True,False,False,False,False,False,False,True
1,0.0,0.55,0.22630111524163565,0,0.4892857142857142,0.9999999999999999,0.0,0.999,False,False,True,False,True,False,False,False
1,0.4755142017629775,0.5444444444444444,0.4711895910780669,0,0.5107142857142857,0.5431622652209167,0.0,1.0,False,True,False,False,False,False,False,True
0,0.5,0.5,0.5,0,0.013964285714285714,0.047551133431073575,0.0,0.0,False,False,False,True,False,True,False,False
1,0.3947110675808031,0.9611111111111111,0.27788104089219334,1,0.5017857142857143,0.5965882577608526,0.0,0.986,False,False,True,False,False,False,False,True
1,0.4755142017629775,0.5444444444444444,0.4711895910780669,0,0.0,0.9999999999999999,0.0,0.0,False,True,False,False,False,False,False,True
1,0.5636630754162586,0.6055555555555555,0.4103159851301115,1,0.49642857142857144,0.9999999999999999,0.0,0.999,False,True,False,False,False,False,False,True
0,0.5296278158667973,0.7888888888888889,0.5195167286245354,0,0.21178571428571427,0.24481241226297845,0.08,0.006,False,True,False,False,False,False,False,True
1,0.4534769833496572,0.5722222222222222,0.35269516728624534,0,0.625,0.9999999999999999,0.0,0.993,False,False,True,False,True,False,False,False
0,0.5,0.5,0.5,0,0.42321428571428565,0.9999999999999999,0.0,0.427,True,False,False,False,False,False,True,False
0,0.4755142017629775,0.5444444444444444,0.4711895910780669,0,0.07166071428571429,0.5274327758664131,0.68,0.004,False,True,False,False,False,False,False,True
0,0.46547502448579825,0.5222222222222223,0.4990706319702602,0,1.7857142857142855e-05,0.581278276576046,1.0,0.002,False,True,False,False,False,False,True,False
1,0.4534769833496572,0.5722222222222222,0.35269516728624534,0,0.5892857142857143,0.5019390152791764,0.0,0.999,False,False,True,False,True,False,False,False
0,0.5,0.5,0.5,0,0.008285714285714285,0.46161166791008734,0.0,0.0,False,False,False,True,False,True,False,False
1,0.6863369245837414,0.4722222222222222,0.49907063197026025,0,0.4035714285714286,0.9999999999999999,0.34,0.023,False,True,False,False,True,False,False,False
1,0.5636630754162586,0.6055555555555555,0.4103159851301115,1,0.4875,0.59662029879966,0.0,1.0,False,True,False,False,False,False,False,True
0,0.4657198824681685,0.37777777777777777,0.4986059479553903,0,0.4107142857142857,0.5966276394117005,0.05,0.028,False,True,False,False,False,False,True,False
1,0.3528403525954946,0.30000000000000004,0.5092936802973977,0,0.0,0.9999999999999999,0.0,0.0,False,False,False,True,False,True,False,False
1,0.46057786483839375,0.2,0.5148698884758364,0,0.46249999999999997,0.5430889078332051,0.0,1.0,False,False,False,True,False,True,False,False
1,0.3650832517140059,0.711111111111111,0.2602230483271375,1,0.5892857142857143,0.9999999999999999,0.0,0.985,False,False,True,False,False,True,False,False
0,0.5734573947110676,0.3611111111111111,0.48141263940520446,0,0.28607142857142853,0.9999999999999999,0.39,0.0,False,False,True,False,True,False,False,False
0,0.5,0.5,0.5,0,0.23892857142857143,0.9999999999999999,0.11,0.15,False,False,True,False,True,False,False,False
1,0.6469147894221352,0.2888888888888889,0.5274163568773235,0,0.5892857142857143,0.9999999999999999,0.0,0.912,False,False,True,False,True,False,False,False
1,0.1398139079333986,0.6944444444444444,0.3503717472118959,1,0.32875,0.9999999999999999,0.28,0.477,False,False,True,False,False,False,False,True
0,0.5,0.5,0.5,0,0.07525,0.9999999999999999,0.0,0.0,False,False,False,True,False,True,False,False
1,0.6420176297747306,0.3277777777777778,0.35130111524163565,1,3.571428571428571e-05,0.9999999999999999,0.47,0.017,False,False,True,False,True,False,False,False
1,0.5345249755142018,0.47777777777777775,0.5009293680297398,0,0.5232142857142857,0.5291152964779712,0.0,0.689,False,False,True,False,False,True,False,False
0,0.5737022526934378,0.6444444444444444,0.5065055762081785,0,0.11012499999999999,0.5427994126988236,0.08,0.226,False,True,False,False,False,False,False,True
0,0.5,0.5,0.5,0,0.35374999999999995,0.9999999999999999,0.0,0.103,True,False,False,False,False,False,True,False
1,0.0734573947110676,0.75,0.0,1,0.4517857142857143,0.9999999999999999,0.0,0.012,False,True,False,False,False,False,False,True
1,0.45592556317335947,0.6444444444444444,0.5130111524163569,0,0.4303571428571429,0.42221872529180854,0.01,0.027,False,False,True,False,True,False,False,False
1,0.5342801175318316,0.5,0.520910780669145,0,0.14525,0.596442748984904,0.0,0.0,False,True,False,False,True,False,False,False
0,0.5,0.5,0.5,0,0.39285714285714285,0.9999999999999999,0.0,0.0,False,True,False,False,False,False,False,True
0,0.5,0.5,0.5,0,0.3110714285714286,0.5276170403458376,0.0,0.0,False,True,False,False,False,False,False,True
0,0.6691968658178257,0.29444444444444445,0.7360594795539034,1,0.36071428571428565,0.9999999999999999,0.0,0.0,False,True,False,False,False,False,True,False
1,0.43119490695396673,0.5555555555555556,0.262546468401487,1,0.5071428571428571,0.5431736863146966,0.0,0.002,False,False,True,False,True,False,False,False
1,0.5541136141038198,0.5166666666666666,0.7239776951672863,1,0.4821428571428571,0.9999999999999999,0.01,0.644,False,False,True,False,False,True,False,False
0,0.5,0.5,0.5,0,0.009589285714285715,0.9999999999999999,0.0,0.0,False,False,True,False,True,False,False,False
0,0.5,0.5,0.5,0,0.16348214285714283,0.9999999999999999,0.0,0.0,False,False,True,False,True,False,False,False
1,0.46057786483839375,0.2,0.5148698884758364,0,0.4392857142857143,0.5963684535480691,0.11,0.946,False,False,False,True,False,True,False,False
0,0.4975514201762977,0.5,0.6129182156133829,1,0.4517857142857143,0.41740060486754027,0.03,0.992,False,False,True,False,False,True,False,False
0,0.5737022526934378,0.6444444444444444,0.5065055762081785,0,0.42321428571428565,0.5965467092121468,0.34,0.072,False,True,False,False,False,False,False,True
1,0.14201762977473065,0.7166666666666667,0.04739776951672858,1,0.625,0.9999999999999999,0.0,0.0,True,False,False,False,False,False,False,True
1,0.24265426052889322,0.5444444444444444,0.23605947955390333,0,0.6607142857142857,0.9999999999999999,0.0,0.0,False,True,False,False,True,False,False,False
1,0.37022526934378064,0.8888888888888888,0.23559479553903345,1,0.6071428571428571,0.9999999999999999,0.0,0.858,False,True,False,False,False,False,False,True
0,0.5,0.5,0.5,0,0.0002678571428571428,0.9999999999999999,0.0,0.0,False,False,False,True,False,False,True,False
0,0.7426542605288933,0.27222222222222225,0.7225836431226766,1,0.5535714285714285,0.9999999999999999,0.0,0.981,False,False,True,False,False,True,False,False
0,0.5345249755142018,0.4777777777777778,0.7012081784386617,1,0.42857142857142855,0.9999999999999999,0.01,1.0,False,True,False,False,False,False,True,False
1,0.5832517140058766,0.4444444444444444,0.4767657992565056,0,0.47857142857142854,0.9999999999999999,0.0,0.971,False,True,False,False,False,False,False,True
1,0.5296278158667973,0.7888888888888889,0.5195167286245354,0,0.5714285714285714,0.9999999999999999,0.0,1.0,False,True,False,False,False,False,False,True
0,0.5,0.5,0.5,0,0.000375,0.9999999999999999,0.0,0.0,True,False,False,False,False,False,True,False
0,0.49779627815866795,0.9444444444444444,0.5283457249070632,0,0.20214285714285712,0.343046445334124,0.05,0.373,True,False,False,False,False,False,False,True
1,0.4314397649363369,0.36666666666666664,0.5018587360594795,0,0.4946428571428571,0.9999999999999999,0.0,0.997,False,False,False,True,False,True,False,False
1,0.3552889324191969,0.6611111111111111,0.2927509293680297,1,0.4464285714285714,0.9999999999999999,0.06,0.033,False,False,True,False,False,True,False,False
0,0.5394221351616063,0.8,0.4851301115241636,0,0.33089285714285716,0.3300698619286924,0.01,0.018,False,True,False,False,False,False,False,True
0,0.5,0.5,0.5,0,3.571428571428571e-05,0.9999999999999999,0.0,0.0,True,False,False,False,False,False,False,True
1,0.24265426052889322,0.5444444444444444,0.23605947955390333,0,0.7142857142857142,0.9999999999999999,0.0,0.0,False,True,False,False,False,False,True,False
1,0.17874632713026445,0.2888888888888889,0.22211895910780666,0,0.7142857142857142,0.9999999999999999,0.0,0.0,False,False,False,True,False,False,True,False
0,0.5737022526934378,0.6444444444444444,0.5065055762081785,0,0.24035714285714285,0.9999999999999999,0.3,0.296,False,True,False,False,False,False,False,True
1,0.5318315377081293,0.34444444444444444,0.49117100371747213,0,0.48392857142857143,0.9999999999999999,0.0,0.97,False,True,False,False,True,False,False,False
0,0.539177277179236,0.07222222222222224,0.35176579925650553,1,0.5892857142857143,0.27907720376226713,0.0,0.996,False,False,False,True,True,False,False,False
0,0.35798237022526935,0.6722222222222223,0.6486988847583643,1,0.19839285714285712,0.9999999999999999,0.07,0.095,True,False,False,False,False,False,True,False
0,0.5,0.5,0.5,0,0.055339285714285716,0.9999999999999999,0.0,0.0,True,False,False,False,False,False,True,False
0,0.5,0.5,0.5,0,0.4267857142857142,0.9999999999999999,0.01,0.681,True,False,False,False,False,False,True,False
1,0.5734573947110676,0.7,0.2736988847583643,1,0.625,0.5965847125300037,0.0,0.999,False,True,False,False,False,False,False,True
0,0.5,0.5,0.5,0,0.2594642857142857,0.9999999999999999,0.0,0.0,False,False,False,True,False,True,False,False
1,0.460822722820764,0.9277777777777778,0.6482342007434945,1,0.5142857142857142,0.9999999999999999,0.0,0.754,True,False,False,False,False,False,False,True
1,0.14226248775710088,0.6944444444444444,0.23745353159851296,0,0.12039285714285713,0.9999999999999999,1.0,0.002,False,True,False,False,False,False,False,True
1,0.5832517140058766,0.4444444444444444,0.4767657992565056,0,0.5303571428571429,0.9999999999999999,0.0,0.999,False,True,False,False,False,False,False,True
1,0.5734573947110676,0.7,0.2736988847583643,1,0.23839285714285713,0.9999999999999999,0.0,0.0,False,True,False,False,False,False,False,True
1,0.1398139079333986,0.6944444444444444,0.3503717472118959,1,0.42321428571428565,0.9999999999999999,0.1,0.03,False,False,True,False,False,False,False,True
0,0.5832517140058766,0.4444444444444444,0.4767657992565056,0,0.41428571428571426,0.48450459591913275,0.24,0.015,False,True,False,False,False,False,False,True
1,0.5,0.5,0.5,0,0.3389285714285714,0.5965452434406415,0.0,0.0,False,True,False,False,True,False,False,False
0,0.6349167482859941,0.2888888888888889,0.7397769516728625,1,0.27017857142857143,0.44833037431798745,0.4,0.003,False,True,False,False,False,False,True,False
0,0.5,0.5,0.5,0,0.17223214285714283,0.5965913142016394,0.0,0.0,False,True,False,False,False,False,True,False
0,0.5345249755142018,0.5166666666666666,0.5027881040892194,0,0.04689285714285714,0.9999999999999999,0.13,0.002,False,False,True,False,True,False,False,False
1,0.4167482859941234,0.5555555555555556,0.5232342007434945,0,0.20339285714285715,0.9999999999999999,0.0,0.0,False,True,False,False,True,False,False,False
1,0.5734573947110676,0.7,0.2736988847583643,1,0.20035714285714284,0.5965677234564055,0.0,0.0,False,True,False,False,False,False,False,True
1,0.46057786483839375,0.2,0.5148698884758364,0,0.43392857142857144,0.5629031779855148,0.0,0.044,False,False,False,True,False,True,False,False
1,0.20323212536728696,0.3611111111111111,0.2644052044609665,0,0.0,0.9999999999999999,0.0,0.0,False,False,False,True,True,False,False,False
0,0.5734573947110676,0.3611111111111111,0.48141263940520446,0,0.2294642857142857,0.5291097960797836,1.0,0.5,False,False,True,False,True,False,False,False
1,0.5465230166503428,0.4277777777777778,0.6473048327137547,0,0.27660714285714283,0.9999999999999999,0.34,0.246,True,False,False,False,False,False,True,False
0,0.49779627815866795,0.4777777777777778,0.8029739776951673,1,0.42857142857142855,0.9999999999999999,0.06,0.881,False,False,True,False,True,False,False,False
0,0.5,0.5,0.5,0,0.4196428571428571,0.9999999999999999,0.27,0.973,False,False,False,True,False,True,False,False
0,0.5,0.5,0.5,0,0.0860892857142857,0.5431243500977437,0.0,0.0,True,False,False,False,False,False,True,False
1,0.14226248775710088,0.6944444444444444,0.23745353159851296,0,0.46249999999999997,0.9999999999999999,0.0,0.746,False,True,False,False,False,False,False,True
1,0.0,0.55,0.22630111524163565,0,0.5892857142857143,0.9999999999999999,0.0,1.0,False,False,True,False,True,False,False,False
1,0.6028403525954946,0.7555555555555555,0.4995353159851301,0,0.5714285714285714,0.5966218891716455,0.0,0.966,False,False,True,False,False,False,False,True
1,0.0,0.55,0.22630111524163565,0,0.5714285714285714,0.9999999999999999,0.05,0.941,False,False,True,False,True,False,False,False
1,0.5636630754162586,0.6055555555555555,0.4103159851301115,1,0.0,0.9999999999999999,0.0,0.0,False,True,False,False,False,False,False,True
1,0.20323212536728696,0.3611111111111111,0.2644052044609665,0,0.625,0.9999999999999999,0.0,0.0,False,True,False,False,True,False,False,False
0,0.5,0.5,0.5,0,0.09314285714285714,0.9999999999999999,0.0,0.0,False,False,False,True,False,True,False,False
0,0.5,0.5,0.5,0,0.07155357142857142,0.5475555664258754,0.0,0.0,False,False,True,False,True,False,False,False
1,0.5785994123408423,0.37222222222222223,0.48977695167286245,0,0.5017857142857143,0.9999999999999999,0.03,1.0,False,False,True,False,True,False,False,False
0,0.5,0.5,0.5,0,0.34732142857142856,0.9999999999999999,0.0,0.997,False,False,False,True,False,True,False,False
1,0.49779627815866795,0.4777777777777778,0.8029739776951673,1,0.4732142857142857,0.9999999999999999,0.03,0.564,False,False,True,False,True,False,False,False
1,0.4314397649363369,0.36666666666666664,0.5018587360594795,0,0.5,0.9999999999999999,0.0,0.996,False,False,False,True,False,True,False,False
0,0.5636630754162586,0.3111111111111111,0.5139405204460966,0,0.000125,0.5430278610301944,0.93,0.003,False,False,True,False,False,True,False,False
0,0.5,0.5,0.5,0,0.000375,0.9999999999999999,0.0,0.0,True,False,False,False,False,False,False,True
1,0.3161116552399608,0.5222222222222223,0.2225836431226766,0,0.6785714285714285,0.9999999999999999,0.0,0.0,False,False,True,False,False,False,False,True
1,0.37022526934378064,0.8888888888888888,0.23559479553903345,1,0.5053571428571428,0.5138188858889587,0.0,0.901,False,True,False,False,False,False,False,True
1,0.7426542605288933,0.27222222222222225,0.7225836431226766,1,0.5714285714285714,0.5961603005953862,0.0,0.865,False,False,True,False,True,False,False,False
1,0.49779627815866795,0.4777777777777778,0.8029739776951673,1,0.625,0.9999999999999999,0.0,0.808,False,False,True,False,True,False,False,False
1,0.056317335945151814,0.5722222222222222,0.23698884758364308,0,0.22017857142857142,0.5964601822071848,0.0,0.0,False,False,False,True,True,False,False,False
0,0.5,0.5,0.5,0,0.19160714285714286,0.9999999999999999,0.0,0.0,False,True,False,False,False,False,False,True
0,0.5,0.5,0.5,0,0.24107142857142855,0.9999999999999999,0.14,0.004,True,False,False,False,False,False,True,False
1,0.5394221351616063,0.6833333333333333,0.47165427509293684,0,0.5892857142857143,0.9999999999999999,0.01,0.996,False,True,False,False,False,False,True,False
0,0.5,0.5,0.5,0,0.4660714285714286,0.9999999999999999,0.0,0.999,True,False,False,False,False,False,True,False
0,0.4265426052889324,0.6388888888888888,0.5185873605947956,0,0.09575,0.9999999999999999,0.1,0.045,True,False,False,False,False,False,True,False
1,0.3528403525954946,0.30000000000000004,0.5092936802973977,0,0.4875,0.9999999999999999,0.0,0.999,False,False,False,True,False,True,False,False
0,0.5,0.5,0.5,0,0.3407142857142857,0.9999999999999999,0.0,0.994,True,False,False,False,False,False,True,False
0,0.568560235063663,0.6333333333333333,0.49814126394052044,0,0.6071428571428571,0.9999999999999999,0.0,0.983,False,True,False,False,False,False,False,True
1,0.5636630754162586,0.3111111111111111,0.5139405204460966,0,0.5089285714285714,0.5431361699240794,0.0,0.874,False,False,True,False,False,True,False,False
1,0.5244857982370226,0.45555555555555555,0.5288104089219331,0,0.2973214285714285,0.596551351113181,0.12,0.05,False,False,False,True,False,True,False,False
1,0.556562193927522,0.5166666666666666,0.6013011152416357,1,0.3982142857142857,0.9999999999999999,0.03,0.183,True,False,False,False,False,True,False,False
1,0.14226248775710088,0.6944444444444444,0.23745353159851296,0,0.2319642857142857,0.9999999999999999,0.0,0.335,False,True,False,False,False,False,False,True
1,0.3947110675808031,0.9611111111111111,0.27788104089219334,1,0.43571428571428567,0.5626373722934959,0.05,0.06,False,False,True,False,False,False,False,True
1,0.49779627815866795,0.4777777777777778,0.8029739776951673,1,0.12405357142857143,0.9999999999999999,0.33,0.031,False,False,True,False,True,False,False,False
0,0.5,0.5,0.5,0,0.17178571428571426,0.9999999999999999,0.0,0.0,False,True,False,False,False,False,False,True
1,0.5639079333986288,0.7555555555555555,0.5139405204460967,0,0.5714285714285714,0.5425535003875867,0.02,0.828,False,True,False,False,False,False,False,True
0,0.5,0.5,0.5,0,0.04223214285714286,0.09871033572688213,0.0,0.0,False,False,False,True,False,True,False,False
0,0.568560235063663,0.4666666666666667,0.5473977695167286,0,0.20803571428571427,0.5475511028410243,0.01,0.0,True,False,False,False,False,False,True,False
1,0.5345249755142018,0.47777777777777775,0.5009293680297398,0,0.48392857142857143,0.9999999999999999,0.0,0.915,False,False,True,False,False,False,False,True
1,0.4314397649363369,0.5333333333333333,0.4526022304832714,0,0.4178571428571428,0.9999999999999999,0.06,0.198,False,False,True,False,True,False,False,False
1,0.5364838393731636,0.0944444444444445,0.4846654275092937,0,0.5535714285714285,0.9999999999999999,0.0,1.0,False,False,False,True,True,False,False,False
1,0.29676787463271304,0.6888888888888889,0.46189591078066916,0,0.6785714285714285,0.9999999999999999,0.0,0.0,False,False,True,False,False,False,False,True
1,0.14226248775710088,0.6944444444444444,0.23745353159851296,0,0.6785714285714285,0.9999999999999999,0.0,0.0,False,True,False,False,False,False,False,True
1,0.5342801175318316,0.5055555555555555,0.4962825278810409,0,0.19875,0.9999999999999999,0.89,0.002,False,False,False,True,True,False,False,False
1,0.46057786483839375,0.2,0.5148698884758364,0,0.5714285714285714,0.9999999999999999,0.0,1.0,False,False,False,True,False,True,False,False
0,0.5661116552399609,0.35,0.487453531598513,0,0.5535714285714285,0.9999999999999999,0.06,0.948,False,False,True,False,True,False,False,False
0,0.5,0.5,0.5,0,0.16191071428571427,0.2108366518837063,0.0,0.0,False,False,False,True,False,True,False,False
0,0.5,0.5,0.5,0,0.04305357142857143,0.9999999999999999,0.0,0.0,False,False,True,False,False,True,False,False
1,0.056317335945151814,0.5722222222222222,0.23698884758364308,0,0.6607142857142857,0.9999999999999999,0.0,0.0,False,True,False,False,False,False,True,False
0,0.5785994123408423,0.37222222222222223,0.48977695167286245,0,0.4375,0.3596594306204357,0.08,0.767,False,False,True,False,True,False,False,False
0,0.5,0.5,0.5,0,0.003232142857142857,0.9999999999999999,0.0,0.0,True,False,False,False,False,True,False,False
0,0.49779627815866795,0.4777777777777778,0.8029739776951673,1,0.6428571428571428,0.9999999999999999,0.0,0.0,False,False,True,False,True,False,False,False
0,0.5,0.5,0.5,0,0.625,0.9999999999999999,0.0,0.0,False,True,False,False,False,False,False,True
0,0.5,0.5,0.5,0,0.21964285714285714,0.4016156675645961,0.0,0.0,False,True,False,False,False,False,False,True
0,0.5,0.5,0.5,0,0.00010714285714285714,0.9999999999999999,0.34,0.331,False,True,False,False,False,False,False,True
0,0.5,0.5,0.5,0,0.23839285714285713,0.9999999999999999,0.0,0.0,False,False,False,True,False,False,True,False
0,0.5345249755142018,0.47777777777777775,0.5009293680297398,0,1.7857142857142855e-05,0.4495102089364122,0.86,0.001,False,False,True,False,False,False,False,True
0,0.5296278158667973,0.7888888888888889,0.5195167286245354,0,0.14201785714285714,0.9999999999999999,0.05,0.001,False,True,False,False,False,False,False,True
0,0.5,0.5,0.5,0,0.02721428571428571,0.3269511880297243,0.0,0.0,True,False,False,False,False,False,True,False
1,0.5541136141038198,0.5166666666666666,0.7239776951672863,1,0.4321428571428571,0.9999999999999999,0.0,0.27,False,False,True,False,False,True,False,False
1,0.6469147894221352,0.2888888888888889,0.5274163568773235,0,0.5089285714285714,0.9999999999999999,0.01,0.861,False,False,True,False,True,False,False,False
0,0.5,0.5,0.5,0,0.00017857142857142857,0.9999999999999999,0.0,0.0,True,False,False,False,False,False,False,True
0,0.4338883447600392,0.65,0.512546468401487,0,0.43571428571428567,0.9999999999999999,0.0,0.979,True,False,False,False,False,False,True,False
0,0.5,0.5,0.5,0,0.4035714285714286,0.9999999999999999,0.12,0.93,True,False,False,False,False,False,True,False
1,0.46547502448579825,0.5222222222222223,0.4990706319702602,0,0.45535714285714285,0.9999999999999999,0.0,0.995,False,True,False,False,False,False,True,False
1,0.6028403525954946,0.7555555555555555,0.4995353159851301,0,0.5535714285714285,0.9999999999999999,0.01,1.0,False,False,True,False,False,False,False,True
1,0.1398139079333986,0.6944444444444444,0.3503717472118959,1,0.8214285714285714,0.9999999999999999,0.0,0.0,False,False,True,False,False,False,False,True
1,0.6297747306562194,0.11111111111111116,0.7644052044609666,1,0.46249999999999997,0.9999999999999999,0.0,0.999,False,False,False,True,False,True,False,False
0,0.5,0.5,0.5,0,0.25125,0.3465386128799715,0.0,0.0,False,True,False,False,False,False,False,True
1,0.14226248775710088,0.6944444444444444,0.23745353159851296,0,0.0,0.9999999999999999,0.0,0.0,False,True,False,False,False,False,False,True
0,0.5,0.5,0.5,0,0.425,0.9999999999999999,0.0,0.258,True,False,False,False,False,False,True,False
1,0.7426542605288933,0.27222222222222225,0.7225836431226766,1,0.5535714285714285,0.9999999999999999,0.0,0.999,False,False,True,False,True,False,False,False
1,0.056317335945151814,0.5722222222222222,0.23698884758364308,0,0.6428571428571428,0.9999999999999999,0.0,0.0,False,True,False,False,False,False,True,False
0,0.4534769833496572,0.5722222222222222,0.35269516728624534,0,0.5232142857142857,0.9999999999999999,0.06,0.917,False,False,True,False,True,False,False,False
0,0.6469147894221352,0.2888888888888889,0.5274163568773235,0,0.0054285714285714284,0.9999999999999999,0.26,0.036,False,False,True,False,True,False,False,False
0,0.5,0.5,0.5,0,0.3553571428571428,0.9999999999999999,0.0,0.0,False,False,True,False,True,False,False,False
1,0.17874632713026445,0.2888888888888889,0.22211895910780666,0,0.5892857142857143,0.9999999999999999,0.0,0.0,False,False,False,True,True,False,False,False
1,0.4262977473065622,0.3555555555555556,0.4934944237918215,0,0.4178571428571428,0.9999999999999999,0.0,0.841,False,False,False,True,False,True,False,False
0,0.5,0.5,0.5,0,0.1594642857142857,0.591684472653947,0.0,0.0,False,True,False,False,False,False,False,True
1,0.14201762977473065,0.7166666666666667,0.04739776951672858,1,0.000875,0.9999999999999999,0.25,0.026,True,False,False,False,False,False,False,True
0,0.4363369245837414,0.39444444444444443,0.5896840148698885,1,0.4446428571428571,0.27717488513118893,0.0,0.989,False,False,False,True,False,True,False,False
0,0.5,0.5,0.5,0,0.005982142857142857,0.9999999999999999,0.0,0.0,False,False,False,True,False,False,True,False
0,0.5,0.5,0.5,0,0.2414285714285714,0.9999999999999999,0.2,0.142,False,True,False,False,False,False,False,True
1,0.539177277179236,0.35555555555555557,0.4851301115241636,0,0.5892857142857143,0.5965470756619212,0.0,0.621,False,False,True,False,False,False,False,True
1,0.6469147894221352,0.2888888888888889,0.5274163568773235,0,0.42857142857142855,0.9999999999999999,0.04,0.309,False,False,True,False,True,False,False,False
0,0.5737022526934378,0.6444444444444444,0.5065055762081785,0,0.4196428571428571,0.2736927135138763,0.11,0.004,False,True,False,False,False,False,False,True
1,0.0734573947110676,0.75,0.0,1,0.6785714285714285,0.529166969446514,0.0,0.0,False,True,False,False,False,False,False,True
0,0.5,0.5,0.5,0,0.10142857142857142,0.2903320026871308,0.0,0.0,True,False,False,False,False,False,True,False
1,0.5394221351616063,0.8,0.4851301115241636,0,0.5892857142857143,0.9999999999999999,0.0,0.994,False,True,False,False,False,False,False,True
1,0.17874632713026445,0.2888888888888889,0.22211895910780666,0,0.000375,0.9999999999999999,0.11,0.017,False,False,False,True,True,False,False,False
0,0.5,0.5,0.5,0,0.09662499999999999,0.052334485748350174,0.0,0.0,False,False,True,False,True,False,False,False
0,0.5,0.5,0.5,0,0.169875,0.9999999999999999,0.0,0.0,False,False,True,False,True,False,False,False
1,0.1398139079333986,0.6944444444444444,0.3503717472118959,1,0.625,0.9999999999999999,0.0,0.0,False,False,True,False,False,False,False,True
1,0.5734573947110676,0.3611111111111111,0.48141263940520446,0,0.4178571428571428,0.9999999999999999,0.07,0.495,False,False,True,False,True,False,False,False
0,0.5,0.5,0.5,0,0.15289285714285714,0.596564546302393,0.0,0.0,False,False,False,True,False,True,False,False
1,0.14201762977473065,0.7166666666666667,0.04739776951672858,1,0.9821428571428571,0.9999999999999999,0.0,0.0,True,False,False,False,False,False,False,True
0,0.5,0.5,0.5,0,0.12207142857142857,0.9999999999999999,0.0,0.0,True,False,False,False,False,True,False,False
1,0.4167482859941234,0.5555555555555556,0.5232342007434945,0,0.12801785714285713,0.9999999999999999,0.0,0.0,False,True,False,False,True,False,False,False
0,0.46547502448579825,0.5222222222222223,0.4990706319702602,0,0.25821428571428573,0.013820651332347755,0.31,0.026,False,True,False,False,False,False,True,False
0,0.37022526934378064,0.8888888888888888,0.23559479553903345,1,0.14169642857142856,0.9999999999999999,0.38,0.005,False,True,False,False,False,False,False,True
1,0.44588638589618024,0.48333333333333334,0.2760223048327137,1,0.45714285714285713,0.9999999999999999,0.11,0.91,False,True,False,False,False,False,True,False
1,0.46057786483839375,0.2,0.5148698884758364,0,0.5196428571428572,0.52917064062005,0.0,0.897,False,False,False,True,False,True,False,False
0,0.5222820763956905,0.5166666666666666,0.5901486988847584,1,0.3558928571428571,0.41417895352882744,0.07,0.015,False,False,True,False,False,True,False,False
1,0.6028403525954946,0.7555555555555555,0.4995353159851301,0,0.0,0.9999999999999999,0.0,0.0,False,False,True,False,False,False,False,True
1,0.6177766895200784,0.4222222222222222,0.4776951672862454,0,0.5714285714285714,0.9999999999999999,0.0,0.91,False,False,True,False,False,False,False,True
0,0.46547502448579825,0.5222222222222223,0.4990706319702602,0,3.571428571428571e-05,0.9999999999999999,1.0,0.0,False,True,False,False,False,False,True,False
0,0.5,0.5,0.5,0,0.019535714285714285,0.5960398721833903,0.0,0.0,False,False,True,False,True,False,False,False
1,0.5636630754162586,0.6055555555555555,0.4103159851301115,1,0.4464285714285714,0.9999999999999999,0.07,0.999,False,True,False,False,False,False,False,True
0,0.4338883447600392,0.65,0.512546468401487,0,0.07978571428571428,0.43805312733571394,0.73,0.001,True,False,False,False,False,False,True,False
1,0.056317335945151814,0.5722222222222222,0.23698884758364308,0,0.006375,0.9999999999999999,0.0,0.0,False,False,False,True,False,False,True,False
1,0.4534769833496572,0.5722222222222222,0.35269516728624534,0,0.6071428571428571,0.9999999999999999,0.01,0.914,False,False,True,False,True,False,False,False
1,0.6469147894221352,0.2888888888888889,0.5274163568773235,0,0.4303571428571429,0.9999999999999999,0.03,0.091,False,False,True,False,True,False,False,False
0,0.5,0.5,0.5,0,0.15294642857142857,0.9999999999999999,0.0,0.0,False,True,False,False,True,False,False,False
1,0.3871204701273261,0.3388888888888889,0.54182156133829,0,0.44999999999999996,0.9999999999999999,0.01,0.999,False,False,False,True,False,False,True,False
0,0.5345249755142018,0.5166666666666666,0.5027881040892194,0,0.056249999999999994,0.4418268458022688,0.54,0.015,False,False,True,False,True,False,False,False
1,0.14226248775710088,0.6944444444444444,0.23745353159851296,0,0.625,0.9999999999999999,0.0,0.0,False,True,False,False,False,False,False,True
0,0.568560235063663,0.6333333333333333,0.49814126394052044,0,0.25857142857142856,0.31029236872038507,0.3,0.009,False,True,False,False,False,False,False,True
1,0.24265426052889322,0.5444444444444444,0.23605947955390333,0,0.75,0.9999999999999999,0.0,0.0,False,True,False,False,True,False,False,False
1,0.6420176297747306,0.3277777777777778,0.35130111524163565,1,0.5339285714285714,0.5430583748597141,0.01,0.929,False,False,True,False,True,False,False,False
0,0.5,0.5,0.5,0,0.05778571428571429,0.9999999999999999,0.0,0.0,False,False,False,True,False,False,True,False
0,0.5,0.5,0.5,0,0.08748214285714286,0.5966114915264814,0.0,0.0,False,False,False,True,False,True,False,False
0,0.5342801175318316,0.6222222222222222,0.5013940520446096,0,0.2523214285714286,0.40432050022350186,0.26,0.113,False,False,True,False,False,True,False,False
1,0.46547502448579825,0.5222222222222223,0.4990706319702602,0,0.21464285714285714,0.9999999999999999,0.28,0.363,False,False,False,True,False,False,True,False
1,0.502203721841332,0.5222222222222223,0.19702602230483268,1,0.4946428571428571,0.9999999999999999,0.0,0.996,True,False,False,False,False,False,True,False
0,0.4314397649363369,0.5333333333333333,0.4526022304832714,0,0.30642857142857144,0.4178961654935944,0.29,0.004,False,False,True,False,True,False,False,False
0,0.5,0.5,0.5,0,0.1690892857142857,0.5966083115139372,0.0,0.0,True,False,False,False,False,False,True,False
1,0.20323212536728696,0.3611111111111111,0.2644052044609665,0,0.6964285714285714,0.9999999999999999,0.0,0.0,False,True,False,False,True,False,False,False
0,0.5,0.5,0.5,0,0.22767857142857142,0.3199783783610976,0.0,0.0,False,True,False,False,False,False,False,True
1,0.1398139079333986,0.6944444444444444,0.3503717472118959,1,0.42321428571428565,0.9999999999999999,0.1,0.943,False,False,True,False,False,False,False,True
0,0.5,0.5,0.5,0,0.017982142857142853,0.3575487765706737,0.0,0.0,True,False,False,False,False,False,True,False
1,0.5394221351616063,0.8,0.4851301115241636,0,0.425,0.9999999999999999,0.12,0.619,False,True,False,False,False,False,False,True
1,0.14226248775710088,0.6944444444444444,0.23745353159851296,0,0.00010714285714285714,0.9999999999999999,0.46,0.007,False,True,False,False,False,False,False,True
1,0.46057786483839375,0.2,0.5148698884758364,0,0.0,0.9999999999999999,0.0,0.0,False,False,False,True,False,True,False,False
1,0.17874632713026445,0.2888888888888889,0.22211895910780666,0,0.09912499999999999,0.5966288629546934,0.13,0.001,False,False,False,True,True,False,False,False
1,0.1398139079333986,0.6944444444444444,0.3503717472118959,1,0.40714285714285714,0.9999999999999999,0.01,0.187,False,False,True,False,False,False,False,True
0,0.5,0.5,0.5,0,0.18624999999999997,0.562313732500186,0.0,0.0,False,True,False,False,False,False,False,True
1,0.20323212536728696,0.3611111111111111,0.2644052044609665,0,0.0,0.9999999999999999,0.0,0.0,False,True,False,False,True,False,False,False
1,0.2573457394711067,0.7277777777777777,0.2774163568773234,1,0.20678571428571427,0.9999999999999999,0.0,0.0,True,False,False,False,False,False,True,False
0,0.5,0.5,0.5,0,0.1725357142857143,0.9999999999999999,0.0,0.0,False,False,True,False,False,True,False,False
0,0.5,0.5,0.5,0,0.0006428571428571428,0.20137978538375317,0.0,0.0,False,False,False,True,False,True,False,False
1,0.14226248775710088,0.6944444444444444,0.23745353159851296,0,0.75,0.9999999999999999,0.0,0.0,False,True,False,False,False,False,False,True
1,0.3136630754162586,0.5277777777777778,0.5009293680297398,0,0.4732142857142857,0.5963661412483201,0.0,0.998,True,False,False,False,False,True,False,False
1,0.796767874632713,0.6388888888888888,0.7355947955390335,0,0.19285714285714287,0.9999999999999999,0.0,0.0,True,False,False,False,False,False,False,True
0,0.5734573947110676,0.3611111111111111,0.48141263940520446,0,0.3360714285714286,0.5094411693997819,0.08,0.019,False,False,True,False,True,False,False,False
0,0.5,0.5,0.5,0,0.30053571428571424,0.9999999999999999,0.05,0.731,False,False,True,False,True,False,False,False
1,0.14226248775710088,0.6944444444444444,0.23745353159851296,0,0.35035714285714287,0.9999999999999999,0.04,0.096,False,True,False,False,False,False,False,True
1,0.7426542605288933,0.27222222222222225,0.7225836431226766,1,0.6071428571428571,0.9999999999999999,0.0,1.0,False,False,True,False,True,False,False,False
1,0.4975514201762977,0.5,0.6226765799256506,1,0.0,0.9999999999999999,0.0,0.0,False,False,True,False,True,False,False,False
1,0.40181194906953965,0.5888888888888889,0.4400557620817844,1,0.5303571428571429,0.9999999999999999,0.0,1.0,True,False,False,False,False,True,False,False
0,0.5,0.5,0.5,0,0.41607142857142854,0.9999999999999999,0.7,0.948,False,False,False,True,False,True,False,False
1,0.0734573947110676,0.75,0.0,1,0.32071428571428573,0.9999999999999999,0.0,0.0,False,True,False,False,False,False,False,True
1,0.6762977473065622,0.3277777777777778,0.3722118959107807,1,0.5892857142857143,0.9999999999999999,0.01,0.946,False,False,True,False,True,False,False,False
1,0.1398139079333986,0.6944444444444444,0.3503717472118959,1,0.4464285714285714,0.9999999999999999,0.02,0.714,False,False,True,False,False,False,False,True
0,0.5440744368266406,0.35555555555555557,0.48698884758364314,0,0.2219642857142857,0.5628981608663994,0.0,0.0,False,True,False,False,False,False,True,False
1,0.14226248775710088,0.6944444444444444,0.23745353159851296,0,0.5714285714285714,0.9999999999999999,0.0,0.994,False,True,False,False,False,False,False,True
1,0.5465230166503428,0.4277777777777778,0.6473048327137547,0,0.4678571428571428,0.5628946736614696,0.0,0.999,True,False,False,False,False,False,True,False
0,0.5,0.5,0.5,0,0.05071428571428571,0.04613719909480752,0.0,0.0,False,False,False,True,False,True,False,False
0,0.47037218413320275,0.21111111111111114,0.4804832713754647,0,0.40714285714285714,0.30384047230284683,0.08,0.033,False,False,False,True,False,True,False,False
1,0.6297747306562194,0.11111111111111116,0.7644052044609666,1,0.0,0.9999999999999999,0.0,0.0,False,False,False,True,False,True,False,False
1,0.6471596474045054,0.7,0.49070631970260226,0,0.0,0.9999999999999999,0.0,0.0,False,True,False,False,False,False,False,True
0,0.558765915768854,0.11111111111111116,0.574814126394052,1,0.5089285714285714,0.9999999999999999,0.01,0.958,False,False,False,True,True,False,False,False
0,0.5,0.5,0.5,0,0.12848214285714285,0.9999999999999999,0.14,0.26,False,True,False,False,False,False,False,True
0,0.5,0.5,0.5,0,0.22624999999999998,0.5627791865645355,0.0,0.0,False,False,True,False,True,False,False,False
0,0.5,0.5,0.5,0,0.14428571428571427,0.9999999999999999,0.09,0.177,False,False,True,False,True,False,False,False
0,0.5,0.5,0.5,0,0.018625,0.9999999999999999,0.67,0.009,False,False,False,True,False,True,False,False
1,0.14226248775710088,0.6944444444444444,0.23745353159851296,0,0.033857142857142856,0.9999999999999999,0.44,0.004,False,True,False,False,False,False,False,True
1,0.38222331047992164,0.37777777777777777,0.3657063197026022,1,0.45535714285714285,0.9999999999999999,0.0,0.989,False,False,False,True,False,False,True,False
0,0.4265426052889324,0.9277777777777778,0.6273234200743494,1,0.4035714285714286,0.9999999999999999,0.24,0.072,True,False,False,False,False,False,False,True
0,0.5,0.5,0.5,0,3.571428571428571e-05,0.9999999999999999,0.0,0.0,True,False,False,False,False,False,True,False
1,0.056317335945151814,0.5722222222222222,0.23698884758364308,0,0.625,0.9999999999999999,0.0,0.0,False,False,False,True,True,False,False,False
1,0.33080313418217433,0.7055555555555555,0.2639405204460966,1,0.625,0.9999999999999999,0.0,0.965,False,True,False,False,True,False,False,False
0,0.5,0.5,0.5,0,0.008089285714285714,0.48963125720326806,0.0,0.0,False,False,False,True,False,True,False,False
1,0.1398139079333986,0.6944444444444444,0.3503717472118959,1,0.36071428571428565,0.9999999999999999,0.01,0.885,False,False,True,False,False,False,False,True
0,0.3237022526934378,0.6722222222222223,0.6277881040892193,1,0.19964285714285712,0.22481694579944922,0.05,0.0,True,False,False,False,False,False,True,False
0,0.5345249755142018,0.5166666666666666,0.5027881040892194,0,0.42857142857142855,0.9999999999999999,0.0,0.992,False,False,True,False,True,False,False,False
0,0.5394221351616063,0.8,0.4851301115241636,0,0.4035714285714286,0.9999999999999999,0.0,0.986,False,True,False,False,False,False,False,True
0,0.5,0.5,0.5,0,0.05928571428571428,0.9999999999999999,0.0,0.0,False,True,False,False,False,False,False,True
1,0.056317335945151814,0.5722222222222222,0.23698884758364308,0,0.6428571428571428,0.9999999999999999,0.0,0.0,False,False,False,True,False,False,True,False
0,0.5,0.5,0.5,0,0.22839285714285712,0.5179150667429797,0.0,0.0,False,True,False,False,False,False,False,True
1,0.4605778648383937,0.31666666666666665,0.5283457249070632,0,0.46964285714285714,0.9999999999999999,0.0,0.587,False,False,True,False,False,True,False,False
0,0.5734573947110676,0.3611111111111111,0.48141263940520446,0,0.4178571428571428,0.5628845805292247,0.35,0.032,False,False,True,False,True,False,False,False
1,0.6297747306562194,0.11111111111111116,0.7644052044609666,1,0.49642857142857144,0.9999999999999999,0.0,0.931,False,False,False,True,False,True,False,False
0,0.5394221351616063,0.8,0.4851301115241636,0,0.26053571428571426,0.22989596780196123,1.0,0.019,False,True,False,False,False,False,False,True
0,0.5,0.5,0.5,0,0.2351785714285714,0.5431736863146966,0.0,0.0,False,True,False,False,False,False,False,True
0,0.4657198824681685,0.37777777777777777,0.4986059479553903,0,0.171125,0.5705240950336163,0.53,0.012,False,True,False,False,False,False,True,False
1,0.37022526934378064,0.8888888888888888,0.23559479553903345,1,0.6071428571428571,0.9999999999999999,0.0,1.0,False,True,False,False,False,False,False,True
0,0.502203721841332,0.5222222222222223,0.19702602230483268,1,0.4464285714285714,0.5964310490653645,0.02,0.517,True,False,False,False,False,False,True,False
0,0.5,0.5,0.5,0,0.07369642857142857,0.47569804675273103,0.0,0.0,True,False,False,False,False,False,True,False
1,0.49779627815866795,0.4777777777777778,0.8029739776951673,1,0.5714285714285714,0.5036110419615706,0.02,0.918,False,False,True,False,True,False,False,False
0,0.5,0.5,0.5,0,3.571428571428571e-05,0.2463106751308693,0.0,0.0,False,False,False,True,False,True,False,False
1,0.0,0.55,0.22630111524163565,0,0.19017857142857142,0.9999999999999999,0.02,0.132,False,False,True,False,True,False,False,False
0,0.37022526934378064,0.8888888888888888,0.23559479553903345,1,0.5535714285714285,0.9999999999999999,0.0,0.999,False,True,False,False,False,False,False,True
1,0.6177766895200784,0.6222222222222222,0.6342936802973977,1,0.625,0.9999999999999999,0.05,0.947,False,False,True,False,False,False,False,True
1,0.1398139079333986,0.6944444444444444,0.3503717472118959,1,0.6071428571428571,0.9999999999999999,0.0,0.76,False,False,True,False,False,False,False,True
0,0.46547502448579825,0.48333333333333334,0.4972118959107807,0,1.7857142857142855e-05,0.22349478217233576,0.66,0.0,True,False,False,False,False,False,True,False
1,0.5832517140058766,0.4444444444444444,0.4767657992565056,0,0.4321428571428571,0.9999999999999999,0.24,0.83,False,True,False,False,False,False,False,True
1,0.0734573947110676,0.75,0.0,1,0.25732142857142853,0.9999999999999999,0.38,0.004,False,True,False,False,False,False,False,True
1,0.5394221351616063,0.8,0.4851301115241636,0,0.5089285714285714,0.9999999999999999,0.0,1.0,False,True,False,False,False,False,False,True
0,0.568560235063663,0.4666666666666667,0.5473977695167286,0,0.06903571428571428,0.26700879034720976,0.56,0.075,True,False,False,False,False,False,True,False
0,0.5,0.5,0.5,0,0.0013571428571428571,0.463580948927749,0.0,0.0,False,False,False,True,False,True,False,False
0,0.46057786483839375,0.2,0.5148698884758364,0,0.22374999999999998,0.4134885094332473,0.23,0.0,False,False,False,True,False,True,False,False
0,0.5,0.5,0.5,0,0.18428571428571427,0.9999999999999999,0.0,0.0,False,True,False,False,False,False,False,True
1,0.14226248775710088,0.6944444444444444,0.23745353159851296,0,0.18767857142857142,0.9999999999999999,0.02,0.387,False,True,False,False,False,False,False,True
1,0.43609206660137123,0.24444444444444446,0.48605947955390333,0,0.0,0.9999999999999999,0.0,0.0,False,False,False,True,False,True,False,False
1,0.4975514201762977,0.5,0.6226765799256506,1,0.6071428571428571,0.5431035704674758,0.0,1.0,False,False,True,False,True,False,False,False
1,0.14226248775710088,0.6944444444444444,0.23745353159851296,0,0.7321428571428571,0.9999999999999999,0.0,0.0,False,True,False,False,False,False,False,True
1,0.5832517140058766,0.4444444444444444,0.4767657992565056,0,0.4732142857142857,0.9999999999999999,0.02,0.998,False,True,False,False,False,False,False,True
1,0.0,0.55,0.22630111524163565,0,0.7142857142857142,0.596518500862405,0.0,0.0,False,False,True,False,True,False,False,False
1,0.14226248775710088,0.6944444444444444,0.23745353159851296,0,0.45535714285714285,0.9999999999999999,0.09,0.991,False,True,False,False,False,False,False,True
0,0.4657198824681685,0.5,0.479089219330855,0,0.40892857142857136,0.3386034138009014,0.1,0.0,False,False,True,False,False,False,False,True
1,0.509794319294809,0.55,0.4674721189591078,0,0.4875,0.5094122135008706,0.02,0.846,False,True,False,False,True,False,False,False
0,0.5734573947110676,0.3611111111111111,0.48141263940520446,0,0.02996428571428571,0.14409392617582317,1.0,0.076,False,False,True,False,True,False,False,False
0,0.5,0.5,0.5,0,0.425,0.9999999999999999,0.0,0.986,False,True,False,False,False,False,False,True
0,0.5,0.5,0.5,0,0.1725357142857143,0.9999999999999999,0.0,0.0,False,False,True,False,True,False,False,False
1,0.14226248775710088,0.6944444444444444,0.23745353159851296,0,0.40714285714285714,0.9999999999999999,0.7,0.991,False,True,False,False,False,False,False,True
1,0.14226248775710088,0.6944444444444444,0.23745353159851296,0,0.6428571428571428,0.9999999999999999,0.0,0.0,False,True,False,False,False,False,False,True
0,0.5,0.5,0.5,0,0.5303571428571429,0.9999999999999999,0.0,0.94,False,True,False,False,False,False,False,True
0,0.5,0.5,0.5,0,0.037625,0.9999999999999999,0.05,0.225,True,False,False,False,False,False,True,False
0,0.5342801175318316,0.5055555555555555,0.4962825278810409,0,0.42857142857142855,0.9999999999999999,0.23,0.775,False,False,False,True,True,False,False,False
1,0.37022526934378064,0.8888888888888888,0.23559479553903345,1,0.5892857142857143,0.5017902827792462,0.01,0.984,False,True,False,False,False,False,False,True
0,0.5688050930460333,0.4444444444444444,0.737453531598513,1,0.41428571428571426,0.5966161396109301,0.4,0.76,True,False,False,False,False,False,True,False
0,0.4265426052889324,0.6388888888888888,0.5185873605947956,0,0.0012321428571428572,0.9999999999999999,0.62,0.01,True,False,False,False,False,False,True,False
1,0.4314397649363369,0.36666666666666664,0.5018587360594795,0,0.0,0.9999999999999999,0.0,0.0,False,False,False,True,False,True,False,False
0,0.5394221351616063,0.8,0.4851301115241636,0,0.5714285714285714,0.5291727822658425,0.0,0.998,False,True,False,False,False,False,False,True
0,0.4534769833496572,0.5722222222222222,0.35269516728624534,0,0.42321428571428565,0.9999999999999999,0.17,0.246,False,False,True,False,True,False,False,False
0,0.5002448579823702,0.4777777777777778,0.6900557620817844,1,0.019,0.9999999999999999,0.99,0.0,False,True,False,False,True,False,False,False
0,0.0734573947110676,0.75,0.0,1,0.16898214285714283,0.5963630989160233,0.0,0.0,False,True,False,False,False,False,False,True
1,0.14226248775710088,0.6944444444444444,0.23745353159851296,0,0.3442857142857143,0.9999999999999999,0.45,0.007,False,True,False,False,False,False,False,True
0,0.5,0.5,0.5,0,0.18285714285714286,0.9999999999999999,0.07,0.426,False,True,False,False,False,False,False,True
0,0.5,0.5,0.5,0,0.2469642857142857,0.37108178246197066,0.0,0.0,False,True,False,False,False,False,False,True
0,0.42140058765915767,0.6277777777777778,0.5102230483271375,0,0.13598214285714286,0.9999999999999999,0.52,0.001,True,False,False,False,False,False,True,False
1,0.5734573947110676,0.7,0.2736988847583643,1,0.23607142857142857,0.9999999999999999,0.0,0.0,False,True,False,False,False,False,False,True
0,0.5465230166503428,0.4277777777777778,0.6473048327137547,0,0.40178571428571425,0.368722311924336,0.03,0.192,True,False,False,False,False,False,True,False
1,0.14201762977473065,0.7166666666666667,0.04739776951672858,1,0.21482142857142855,0.5920862652887733,0.11,0.686,True,False,False,False,False,False,False,True
0,0.5734573947110676,0.3611111111111111,0.48141263940520446,0,0.2641071428571428,0.9999999999999999,0.56,0.429,False,False,True,False,True,False,False,False
0,0.5,0.5,0.5,0,0.3678571428571429,0.9999999999999999,0.0,0.997,False,True,False,False,False,False,False,True
1,0.5394221351616063,0.8,0.4851301115241636,0,0.5892857142857143,0.5965634465666354,0.0,1.0,False,True,False,False,False,False,False,True
1,0.4314397649363369,0.36666666666666664,0.5018587360594795,0,0.425,0.9999999999999999,0.0,1.0,False,False,False,True,False,True,False,False
1,0.43119490695396673,0.5555555555555556,0.262546468401487,1,0.5339285714285714,0.9999999999999999,0.18,0.99,False,False,True,False,True,False,False,False
0,0.5345249755142018,0.5166666666666666,0.5027881040892194,0,0.33821428571428575,0.5409700397503192,0.41,0.243,False,False,True,False,True,False,False,False
0,0.5342801175318316,0.5055555555555555,0.4962825278810409,0,0.4196428571428571,0.9999999999999999,0.0,0.68,False,False,True,False,False,True,False,False
1,0.24265426052889322,0.5444444444444444,0.23605947955390333,0,0.29232142857142857,0.9999999999999999,0.38,0.006,False,True,False,False,False,False,True,False
1,0.3552889324191969,0.6611111111111111,0.2927509293680297,1,0.625,0.5966040310559232,0.01,0.997,False,False,True,False,False,True,False,False
0,0.5024485798237023,0.5,0.3870817843866171,1,0.7142857142857142,0.9999999999999999,0.0,0.0,False,True,False,False,False,False,True,False
0,0.5,0.5,0.5,0,0.22214285714285711,0.5965970608300294,0.0,0.0,False,False,False,True,False,True,False,False
1,0.5734573947110676,0.7,0.2736988847583643,1,0.5178571428571428,0.4484117936996401,0.0,1.0,False,True,False,False,False,False,False,True
0,0.5,0.5,0.5,0,0.20642857142857143,0.3508522372251549,0.0,0.0,False,True,False,False,False,False,False,True
0,0.5345249755142018,0.5166666666666666,0.5027881040892194,0,0.40178571428571425,0.5965165476426402,0.1,0.309,False,False,True,False,True,False,False,False
0,0.5,0.5,0.5,0,0.005303571428571428,0.5456597106246263,0.0,0.0,False,True,False,False,False,False,False,True
0,0.5,0.5,0.5,0,0.20249999999999999,0.9999999999999999,0.0,0.0,False,False,True,False,True,False,False,False
0,0.5,0.5,0.5,0,0.1308392857142857,0.06943987264322765,0.0,0.0,True,False,False,False,False,False,True,False
1,0.6297747306562194,0.11111111111111116,0.7644052044609666,1,0.5107142857142857,0.9999999999999999,0.01,0.98,False,False,False,True,False,True,False,False
1,0.539177277179236,0.07222222222222224,0.35176579925650553,1,0.4178571428571428,0.9999999999999999,0.0,0.252,False,False,False,True,True,False,False,False
0,0.5394221351616063,0.8,0.4851301115241636,0,0.4107142857142857,0.4587371517105998,0.02,0.0,False,True,False,False,False,False,False,True
1,0.7426542605288933,0.27222222222222225,0.7225836431226766,1,0.4303571428571429,0.9999999999999999,0.03,0.092,False,False,True,False,True,False,False,False
1,0.1398139079333986,0.6944444444444444,0.3503717472118959,1,0.4678571428571428,0.9999999999999999,0.01,0.956,False,False,True,False,False,False,False,True
0,0.6863369245837414,0.4722222222222222,0.49907063197026025,0,0.4375,0.2399771406021893,0.0,0.987,False,True,False,False,True,False,False,False
1,0.14226248775710088,0.6944444444444444,0.23745353159851296,0,0.5249999999999999,0.9999999999999999,0.0,0.0,False,True,False,False,False,False,False,True
1,0.14226248775710088,0.6944444444444444,0.23745353159851296,0,0.8214285714285714,0.5959010538111076,0.0,0.0,False,True,False,False,False,False,False,True
1,0.43364348677766895,0.6777777777777778,0.30762081784386613,1,0.4660714285714286,0.9999999999999999,0.0,0.997,True,False,False,False,False,True,False,False
0,0.5,0.5,0.5,0,0.2596428571428571,0.9999999999999999,0.03,0.461,True,False,False,False,False,False,True,False
0,0.5,0.5,0.5,0,0.27249999999999996,0.5965952267259672,0.0,0.0,False,True,False,False,True,False,False,False
1,0.1398139079333986,0.6944444444444444,0.3503717472118959,1,0.4678571428571428,0.9999999999999999,0.0,0.998,False,False,True,False,False,False,False,True
1,0.6177766895200784,0.6222222222222222,0.6342936802973977,1,0.4875,0.5430713999188194,0.0,1.0,False,False,True,False,False,False,False,True
0,0.5,0.5,0.5,0,0.2666071428571428,0.9999999999999999,0.0,0.0,False,True,False,False,False,False,False,True
1,0.4338883447600392,0.65,0.512546468401487,0,0.5714285714285714,0.9999999999999999,0.0,0.994,True,False,False,False,False,False,True,False
0,0.5661116552399609,0.35,0.487453531598513,0,0.21214285714285713,0.9999999999999999,0.07,0.444,False,False,True,False,True,False,False,False
1,0.37022526934378064,0.8888888888888888,0.23559479553903345,1,0.5714285714285714,0.9999999999999999,0.0,0.997,False,True,False,False,False,False,False,True
1,0.20323212536728696,0.3611111111111111,0.2644052044609665,0,0.625,0.9999999999999999,0.0,0.0,False,False,False,True,True,False,False,False
1,0.24265426052889322,0.5444444444444444,0.23605947955390333,0,0.6964285714285714,0.9999999999999999,0.0,0.0,False,True,False,False,False,False,True,False
0,0.5,0.5,0.5,0,0.019660714285714285,0.9999999999999999,0.0,0.0,False,False,True,False,False,False,False,True
1,0.35798237022526935,0.6722222222222223,0.6486988847583643,1,0.5267857142857143,0.9999999999999999,0.0,0.999,True,False,False,False,False,False,True,False
1,0.14201762977473065,0.7166666666666667,0.04739776951672858,1,0.0007857142857142856,0.9999999999999999,0.15,0.047,True,False,False,False,False,False,False,True
1,0.5,0.5,0.5,0,0.24803571428571428,0.5619338943139912,0.0,0.0,False,False,True,False,True,False,False,False
1,0.056317335945151814,0.5722222222222222,0.23698884758364308,0,0.7321428571428571,0.9999999999999999,0.0,0.0,False,False,False,True,True,False,False,False
0,0.6128795298726739,0.6611111111111111,0.45817843866171004,0,0.4267857142857142,0.9999999999999999,0.0,0.0,False,False,True,False,False,False,False,True
1,0.1398139079333986,0.6944444444444444,0.3503717472118959,1,0.26535714285714285,0.9999999999999999,0.12,0.0,False,False,True,False,False,False,False,True
1,0.1398139079333986,0.6944444444444444,0.3503717472118959,1,0.3507142857142857,0.9999999999999999,0.05,0.27,False,False,True,False,False,False,False,True
1,0.5394221351616063,0.8,0.4851301115241636,0,0.4053571428571428,0.5964225196469166,0.72,0.995,False,True,False,False,False,False,False,True
1,0.5244857982370226,0.45555555555555555,0.5288104089219331,0,0.4035714285714286,0.9999999999999999,0.19,0.925,False,False,False,True,False,True,False,False
0,0.5,0.5,0.5,0,0.2239285714285714,0.9999999999999999,0.0,0.0,False,True,False,False,False,False,False,True
1,0.0,0.55,0.22630111524163565,0,0.75,0.9999999999999999,0.0,0.0,False,False,True,False,True,False,False,False
0,0.5244857982370226,0.45555555555555555,0.5288104089219331,0,0.47857142857142854,0.3300797361544126,0.01,0.797,False,False,False,True,False,True,False,False
1,0.1398139079333986,0.6944444444444444,0.3503717472118959,1,0.31571428571428567,0.9999999999999999,0.54,0.12,False,False,True,False,False,False,False,True
0,0.5394221351616063,0.8,0.4851301115241636,0,0.46964285714285714,0.16982777226172993,0.01,0.975,False,True,False,False,False,False,False,True
0,0.5394221351616063,0.8,0.4851301115241636,0,0.5892857142857143,0.5628815224175212,0.04,0.604,False,True,False,False,False,False,False,True
0,0.5,0.5,0.5,0,0.14105357142857142,0.5628737556776171,0.0,0.0,False,False,False,True,True,False,False,False
1,0.7426542605288933,0.27222222222222225,0.7225836431226766,1,0.48571428571428565,0.5966063546864159,0.05,1.0,False,False,True,False,False,True,False,False
1,0.43609206660137123,0.2055555555555556,0.48420074349442377,0,0.42857142857142855,0.9999999999999999,0.0,0.2,False,False,False,True,False,False,True,False
0,0.5,0.5,0.5,0,0.16808928571428572,0.5430591888237876,0.0,0.0,False,False,True,False,True,False,False,False
1,0.14226248775710088,0.6944444444444444,0.23745353159851296,0,0.2958928571428571,0.9999999999999999,0.54,0.015,False,True,False,False,False,False,False,True
0,0.5,0.5,0.5,0,0.0024821428571428572,0.9999999999999999,0.0,0.0,False,False,False,True,False,False,True,False
0,0.5,0.5,0.5,0,0.23625,0.9999999999999999,0.0,0.0,False,True,False,False,False,False,False,True
1,0.17874632713026445,0.2888888888888889,0.22211895910780666,0,0.29124999999999995,0.9999999999999999,0.21,0.821,False,False,False,True,False,False,True,False
0,0.5,0.5,0.5,0,0.18732142857142856,0.9999999999999999,0.07,0.208,False,False,False,True,False,True,False,False
0,0.5,0.5,0.5,0,0.23767857142857143,0.4278040359708175,0.0,0.0,False,True,False,False,False,False,True,False
1,0.1398139079333986,0.6944444444444444,0.3503717472118959,1,0.47678571428571426,0.9999999999999999,0.01,0.999,False,False,True,False,False,False,False,True
0,0.5394221351616063,0.8,0.4851301115241636,0,0.375,0.9999999999999999,0.27,0.111,False,True,False,False,False,False,False,True
0,0.6297747306562194,0.11111111111111116,0.7644052044609666,1,0.22892857142857143,0.4864934300427443,0.2,0.004,False,False,False,True,False,True,False,False
0,0.6691968658178257,0.29444444444444445,0.7360594795539034,1,0.3964285714285714,0.36989337296483904,0.03,0.03,True,False,False,False,False,True,False,False
1,0.24265426052889322,0.5444444444444444,0.23605947955390333,0,0.6071428571428571,0.9999999999999999,0.0,0.999,False,True,False,False,True,False,False,False
0,0.5,0.5,0.5,0,0.17232142857142857,0.9999999999999999,0.0,0.0,False,True,False,False,True,False,False,False
0,0.4657198824681685,0.5,0.479089219330855,0,0.16660714285714284,0.9999999999999999,0.08,0.0,True,False,False,False,False,False,False,True
0,0.4262977473065622,0.3555555555555556,0.4934944237918215,0,0.31517857142857136,0.9999999999999999,0.02,0.009,False,False,False,True,False,True,False,False
1,0.1398139079333986,0.6944444444444444,0.3503717472118959,1,0.48392857142857143,0.9999999999999999,0.0,0.0,False,False,True,False,False,False,False,True
0,0.5,0.5,0.5,0,0.003910714285714286,0.46820507054822275,0.0,0.0,False,True,False,False,False,False,False,True
0,0.5,0.5,0.5,0,0.10049999999999999,0.48963940397477534,0.0,0.0,True,False,False,False,False,False,True,False
0,0.5661116552399609,0.35,0.487453531598513,0,0.3678571428571429,0.46809225896665996,0.19,0.053,False,False,True,False,True,False,False,False
1,0.6469147894221352,0.2888888888888889,0.5274163568773235,0,0.4892857142857142,0.9999999999999999,0.0,0.989,False,False,True,False,True,False,False,False
1,0.5345249755142018,0.47777777777777775,0.5009293680297398,0,0.49642857142857144,0.596601340675,0.03,0.542,False,False,True,False,False,True,False,False
1,0.33080313418217433,0.7055555555555555,0.2639405204460966,1,0.21749999999999997,0.9999999999999999,0.0,0.0,True,False,False,False,False,False,False,True
1,0.056317335945151814,0.5722222222222222,0.23698884758364308,0,0.5714285714285714,0.5962851583986375,0.0,0.0,False,True,False,False,True,False,False,False
0,0.5737022526934378,0.6444444444444444,0.5065055762081785,0,0.32589285714285715,0.45874693955952456,0.1,0.031,False,True,False,False,False,False,False,True
0,0.5,0.5,0.5,0,0.21589285714285714,0.5966304536065737,0.0,0.0,False,False,True,False,True,False,False,False
0,0.3237022526934378,0.6722222222222223,0.6277881040892193,1,0.5142857142857142,0.9999999999999999,0.0,1.0,True,False,False,False,False,False,True,False
0,0.5785994123408423,0.37222222222222223,0.48977695167286245,0,0.39999999999999997,0.9999999999999999,0.14,0.018,False,False,True,False,True,False,False,False
1,0.14226248775710088,0.6944444444444444,0.23745353159851296,0,0.38749999999999996,0.9999999999999999,0.15,0.088,False,True,False,False,False,False,False,True
0,0.5734573947110676,0.3611111111111111,0.48141263940520446,0,0.27767857142857144,0.3000649971437055,0.03,0.0,False,False,True,False,True,False,False,False
0,0.4363369245837414,0.39444444444444443,0.5896840148698885,1,0.00010714285714285714,0.38772043398149564,1.0,0.006,False,False,False,True,False,True,False,False
1,0.14201762977473065,0.7166666666666667,0.04739776951672858,1,0.5892857142857143,0.9999999999999999,0.0,0.0,True,False,False,False,False,False,False,True
0,0.5,0.5,0.5,0,3.571428571428571e-05,0.9999999999999999,1.0,0.001,False,True,False,False,False,False,False,True
1,0.6469147894221352,0.2888888888888889,0.5274163568773235,0,0.47678571428571426,0.5627430691200876,0.0,0.983,False,False,True,False,True,False,False,False
1,0.5734573947110676,0.7,0.2736988847583643,1,0.43571428571428567,0.5628284641996943,0.0,0.995,False,True,False,False,False,False,False,True
0,0.5,0.5,0.5,0,0.05108928571428571,0.9999999999999999,0.0,0.0,False,False,False,True,False,True,False,False
1,0.14201762977473065,0.7166666666666667,0.04739776951672858,1,0.38749999999999996,0.9999999999999999,0.03,0.213,True,False,False,False,False,False,False,True
0,0.4363369245837414,0.39444444444444443,0.5896840148698885,1,0.1593035714285714,0.9999999999999999,0.06,0.269,False,False,False,True,False,True,False,False
0,0.5,0.5,0.5,0,0.001857142857142857,0.5965506181520033,0.0,0.0,False,True,False,False,False,False,False,True
0,0.5,0.5,0.5,0,0.43392857142857144,0.9999999999999999,0.3,0.506,False,False,True,False,True,False,False,False
1,0.6052889324191969,0.03888888888888886,0.7221189591078067,1,0.0,0.9999999999999999,0.0,0.0,False,False,False,True,False,False,True,False
1,0.14226248775710088,0.6944444444444444,0.23745353159851296,0,0.2330357142857143,0.9999999999999999,0.05,0.637,False,True,False,False,False,False,False,True
0,0.5,0.5,0.5,0,0.45535714285714285,0.9999999999999999,0.0,0.937,False,False,True,False,True,False,False,False
1,0.4534769833496572,0.5722222222222222,0.35269516728624534,0,0.6071428571428571,0.5812774732759156,0.0,0.997,False,False,True,False,True,False,False,False
0,0.47037218413320275,0.21111111111111114,0.4804832713754647,0,0.19303571428571428,0.49396229847906414,0.08,0.004,False,False,False,True,False,True,False,False
1,0.460822722820764,0.9277777777777778,0.6482342007434945,1,0.5196428571428572,0.9999999999999999,0.0,0.948,True,False,False,False,False,False,False,True
1,0.3871204701273261,0.3388888888888889,0.54182156133829,0,0.45714285714285713,0.9999999999999999,0.0,0.943,False,False,False,True,False,False,True,False
1,0.3971596474045054,0.2444444444444444,0.5004646840148699,0,0.5214285714285714,0.9999999999999999,0.0,1.0,False,False,False,True,False,False,True,False
1,0.0,0.55,0.22630111524163565,0,0.49821428571428567,0.9999999999999999,0.04,0.88,False,False,True,False,True,False,False,False
1,0.18388834476003918,0.5277777777777778,0.5037174721189591,0,0.4928571428571429,0.9999999999999999,0.0,0.95,False,False,False,True,False,False,True,False
0,0.5,0.5,0.5,0,0.16478571428571429,0.9999999999999999,0.0,0.0,False,False,True,False,True,False,False,False
1,0.7426542605288933,0.27222222222222225,0.7225836431226766,1,0.4517857142857143,0.9999999999999999,0.05,0.813,False,False,True,False,False,True,False,False
0,0.46547502448579825,0.48333333333333334,0.4972118959107807,0,0.04433928571428571,0.37433491956734233,0.53,0.0,True,False,False,False,False,False,True,False
1,0.1398139079333986,0.6944444444444444,0.3503717472118959,1,0.4535714285714285,0.9999999999999999,0.13,0.778,False,False,True,False,False,False,False,True
1,0.5636630754162586,0.3111111111111111,0.5139405204460966,0,0.5017857142857143,0.5628791983811394,0.02,0.812,False,False,True,False,False,True,False,False
1,0.3871204701273261,0.3388888888888889,0.54182156133829,0,0.4035714285714286,0.5141044924910408,0.0,0.008,False,False,False,True,False,False,True,False
0,0.5,0.5,0.5,0,0.40892857142857136,0.9999999999999999,0.07,0.559,False,False,False,True,False,True,False,False
1,0.1398139079333986,0.6944444444444444,0.3503717472118959,1,0.40714285714285714,0.9999999999999999,0.01,0.73,False,False,True,False,False,False,False,True
0,0.5,0.5,0.5,0,0.001732142857142857,0.3975899643667696,0.0,0.0,True,False,False,False,False,False,True,False
0,0.5,0.5,0.5,0,0.4392857142857143,0.9999999999999999,0.0,0.999,True,False,False,False,False,True,False,False
1,0.0,0.55,0.22630111524163565,0,0.6071428571428571,0.9999999999999999,0.0,1.0,False,False,True,False,True,False,False,False
1,0.14201762977473065,0.7166666666666667,0.04739776951672858,1,0.6607142857142857,0.9999999999999999,0.0,0.0,True,False,False,False,False,False,False,True
0,0.5,0.5,0.5,0,0.25321428571428567,0.5922940085482765,0.0,0.0,False,True,False,False,False,False,False,True
1,0.47037218413320275,0.21111111111111114,0.4804832713754647,0,0.4589285714285714,0.596625314764758,0.0,0.986,False,False,False,True,False,True,False,False
1,0.14226248775710088,0.6944444444444444,0.23745353159851296,0,0.40178571428571425,0.9999999999999999,0.0,0.009,False,True,False,False,False,False,False,True
1,0.502203721841332,0.05555555555555558,0.47165427509293684,0,0.0,0.9999999999999999,0.0,0.0,False,False,False,True,True,False,False,False
1,0.14226248775710088,0.6944444444444444,0.23745353159851296,0,0.31124999999999997,0.9999999999999999,0.25,0.071,False,True,False,False,False,False,False,True
1,0.24265426052889322,0.5444444444444444,0.23605947955390333,0,0.3292857142857143,0.9999999999999999,0.12,0.031,False,True,False,False,False,False,True,False
0,0.5,0.5,0.5,0,0.4125,0.9999999999999999,0.19,0.955,True,False,False,False,False,False,True,False
1,0.3650832517140059,0.711111111111111,0.2602230483271375,1,0.4464285714285714,0.9999999999999999,0.16,0.963,False,False,True,False,False,True,False,False
0,0.5,0.5,0.5,0,0.625,0.9999999999999999,0.0,0.0,False,False,False,True,False,True,False,False
1,0.24265426052889322,0.5444444444444444,0.23605947955390333,0,0.625,0.9999999999999999,0.0,0.0,False,True,False,False,False,False,True,False
0,0.5,0.5,0.5,0,0.13273214285714285,0.5966017075363682,0.0,0.0,True,False,False,False,False,True,False,False
1,0.6028403525954946,0.7555555555555555,0.4995353159851301,0,0.5892857142857143,0.9999999999999999,0.0,0.999,False,False,True,False,False,False,False,True
1,0.056317335945151814,0.5722222222222222,0.23698884758364308,0,0.06892857142857142,0.5964827449459585,0.0,0.0,False,True,False,False,True,False,False,False
1,0.14226248775710088,0.6944444444444444,0.23745353159851296,0,0.8035714285714285,0.5424388437041526,0.0,0.0,False,True,False,False,False,False,False,True
1,0.17874632713026445,0.2888888888888889,0.22211895910780666,0,0.6428571428571428,0.9999999999999999,0.0,0.0,False,False,False,True,True,False,False,False
1,0.568560235063663,0.6333333333333333,0.49814126394052044,0,0.4875,0.9999999999999999,0.01,0.998,False,True,False,False,False,False,False,True
0,0.5,0.5,0.5,0,0.11939285714285713,0.9999999999999999,0.12,0.081,True,False,False,False,False,False,True,False
0,0.5,0.5,0.5,0,0.32535714285714284,0.9999999999999999,0.0,0.0,False,False,True,False,True,False,False,False
0,0.5,0.5,0.5,0,0.08728571428571429,0.9999999999999999,0.0,0.0,False,False,False,True,True,False,False,False
1,0.35798237022526935,0.6722222222222223,0.6486988847583643,1,0.0,0.9999999999999999,0.0,0.0,True,False,False,False,False,False,True,False
1,0.20323212536728696,0.3611111111111111,0.2644052044609665,0,0.625,0.9999999999999999,0.0,0.0,False,True,False,False,True,False,False,False
1,0.6177766895200784,0.6222222222222222,0.6342936802973977,1,0.0,0.9999999999999999,0.0,0.0,False,False,True,False,False,False,False,True
1,0.29676787463271304,0.6888888888888889,0.46189591078066916,0,0.5892857142857143,0.3844882064918016,0.0,1.0,False,False,True,False,False,True,False,False
0,0.49779627815866795,0.4777777777777778,0.8029739776951673,1,0.3892857142857143,0.2620916046054361,0.06,0.931,False,False,True,False,True,False,False,False
0,0.5,0.5,0.5,0,0.0,0.9999999999999999,0.0,0.0,False,False,False,True,False,True,False,False
0,0.568560235063663,0.6333333333333333,0.49814126394052044,0,0.4125,0.38676648797843666,0.26,0.405,False,True,False,False,False,False,False,True
1,0.5296278158667973,0.7888888888888889,0.5195167286245354,0,0.0,0.9999999999999999,0.0,0.0,False,True,False,False,False,False,False,True
0,0.5,0.5,0.5,0,0.24232142857142858,0.9999999999999999,0.0,0.0,False,False,True,False,False,True,False,False
1,0.056317335945151814,0.5722222222222222,0.23698884758364308,0,0.6607142857142857,0.9999999999999999,0.0,0.0,False,True,False,False,True,False,False,False
0,0.5,0.5,0.5,0,0.24410714285714286,0.42647656660428945,0.0,0.0,True,False,False,False,False,False,True,False
0,0.5,0.5,0.5,0,1.7857142857142855e-05,0.9999999999999999,1.0,0.431,False,True,False,False,False,False,False,True
0,0.3237022526934378,0.6722222222222223,0.6277881040892193,1,0.40892857142857136,0.9999999999999999,0.17,0.025,True,False,False,False,False,False,True,False
1,0.5318315377081293,0.34444444444444444,0.49117100371747213,0,0.5303571428571429,0.5274127056976329,0.0,0.998,False,True,False,False,True,False,False,False
1,0.1398139079333986,0.6944444444444444,0.3503717472118959,1,0.625,0.9999999999999999,0.0,0.0,False,False,True,False,False,False,False,True
1,0.056317335945151814,0.5722222222222222,0.23698884758364308,0,0.18660714285714283,0.562778820374868,0.0,0.0,False,True,False,False,False,False,True,False
1,0.5342801175318316,0.5,0.520910780669145,0,0.4303571428571429,0.9999999999999999,0.0,0.993,False,False,False,True,True,False,False,False
0,0.5,0.5,0.5,0,0.4821428571428571,0.9999999999999999,0.0,0.998,True,False,False,False,False,False,True,False
0,0.5,0.5,0.5,0,0.3285714285714285,0.4759382615694097,0.0,0.0,False,False,True,False,False,True,False,False
1,0.3552889324191969,0.6611111111111111,0.2927509293680297,1,0.5267857142857143,0.9999999999999999,0.0,0.729,False,False,True,False,False,True,False,False
1,0.056317335945151814,0.5722222222222222,0.23698884758364308,0,0.875,0.9999999999999999,0.0,0.0,False,False,False,True,True,False,False,False
1,0.5,0.5,0.5,0,0.08535714285714285,0.9999999999999999,0.0,0.0,False,False,True,False,True,False,False,False
1,0.0734573947110676,0.75,0.0,1,0.47678571428571426,0.56289969042108,0.0,0.0,True,False,False,False,False,False,False,True
0,0.5,0.5,0.5,0,0.40892857142857136,0.9999999999999999,0.03,0.998,False,True,False,False,False,False,False,True
1,0.14226248775710088,0.6944444444444444,0.23745353159851296,0,0.29642857142857143,0.9999999999999999,0.07,0.05,False,True,False,False,False,False,False,True
0,0.43364348677766895,0.6777777777777778,0.30762081784386613,1,0.475,0.2467192214855945,0.0,1.0,True,False,False,False,False,True,False,False
0,0.4657198824681685,0.37777777777777777,0.4986059479553903,0,0.25375,0.4617762310827151,0.51,0.01,False,True,False,False,False,False,True,False
1,0.4167482859941234,0.5944444444444444,0.525092936802974,0,0.5232142857142857,0.9999999999999999,0.0,0.999,False,False,False,True,True,False,False,False
1,0.14201762977473065,0.7166666666666667,0.04739776951672858,1,0.012624999999999999,0.48448639247326597,0.09,0.007,True,False,False,False,False,False,False,True
0,0.5,0.5,0.5,0,0.18553571428571428,0.9999999999999999,0.22,0.225,False,False,True,False,True,False,False,False
0,0.5,0.5,0.5,0,0.23035714285714284,0.9999999999999999,0.0,0.0,False,False,False,True,False,True,False,False
0,0.5832517140058766,0.4444444444444444,0.4767657992565056,0,0.47857142857142854,0.3399801271124999,0.01,0.956,False,True,False,False,False,False,False,True
1,0.17874632713026445,0.2888888888888889,0.22211895910780666,0,0.5178571428571428,0.9999999999999999,0.0,0.0,False,False,False,True,False,False,True,False
0,0.5,0.5,0.5,0,0.0007321428571428571,0.9999999999999999,0.0,0.0,False,False,False,True,True,False,False,False
0,0.5,0.5,0.5,0,0.2139285714285714,0.9999999999999999,0.0,0.0,False,False,True,False,True,False,False,False
1,0.49779627815866795,0.4777777777777778,0.8029739776951673,1,0.5160714285714285,0.9999999999999999,0.06,0.985,False,False,True,False,True,False,False,False
1,0.1398139079333986,0.6944444444444444,0.3503717472118959,1,0.0,0.9999999999999999,0.0,0.0,False,False,True,False,False,False,False,True
0,0.5,0.5,0.5,0,0.26160714285714287,0.9999999999999999,0.0,0.0,False,False,True,False,False,True,False,False
1,0.14201762977473065,0.7166666666666667,0.04739776951672858,1,0.7857142857142857,0.9999999999999999,0.0,0.0,True,False,False,False,False,False,False,True
1,0.14226248775710088,0.6944444444444444,0.23745353159851296,0,0.4464285714285714,0.9999999999999999,0.0,0.947,False,True,False,False,False,False,False,True
0,0.5,0.5,0.5,0,0.4267857142857142,0.9999999999999999,0.0,1.0,False,False,True,False,True,False,False,False
0,0.5737022526934378,0.6444444444444444,0.5065055762081785,0,0.008285714285714285,0.9999999999999999,0.46,0.138,False,True,False,False,False,False,False,True
0,0.5,0.5,0.5,0,0.009625,0.9999999999999999,0.0,0.0,False,False,False,True,False,False,True,False
0,0.46547502448579825,0.48333333333333334,0.4972118959107807,0,0.1635892857142857,0.4399890145979783,0.35,0.051,True,False,False,False,False,False,True,False
0,0.5,0.5,0.5,0,0.4446428571428571,0.9999999999999999,0.06,0.984,False,True,False,False,False,False,False,True
1,0.539177277179236,0.07222222222222224,0.35176579925650553,1,0.5035714285714286,0.9999999999999999,0.0,0.907,False,False,False,True,True,False,False,False
0,0.5,0.5,0.5,0,0.23428571428571426,0.42458350863166494,0.0,0.0,False,False,True,False,True,False,False,False
0,0.5,0.5,0.5,0,0.04655357142857143,0.34205524668205345,0.0,0.0,False,False,True,False,True,False,False,False
0,0.37022526934378064,0.8888888888888888,0.23559479553903345,1,0.4678571428571428,0.9999999999999999,0.0,0.792,False,True,False,False,False,False,False,True
0,0.5,0.5,0.5,0,0.15617857142857142,0.9999999999999999,0.0,0.0,False,True,False,False,False,False,False,True
0,0.5,0.5,0.5,0,0.000982142857142857,0.9999999999999999,0.19,0.205,True,False,False,False,False,False,True,False
0,0.5,0.5,0.5,0,0.4464285714285714,0.9999999999999999,0.01,0.666,False,True,False,False,False,False,False,True
0,0.5,0.5,0.5,0,0.5535714285714285,0.9999999999999999,0.0,1.0,True,False,False,False,False,True,False,False
1,0.6297747306562194,0.11111111111111116,0.7644052044609666,1,0.0,0.9999999999999999,0.0,0.0,False,False,False,True,False,True,False,False
1,0.5,0.5,0.5,0,0.2592857142857143,0.5965351063962208,0.0,0.0,False,False,True,False,True,False,False,False
1,0.17874632713026445,0.2888888888888889,0.22211895910780666,0,0.6071428571428571,0.9999999999999999,0.0,0.0,False,False,False,True,True,False,False,False
1,0.46547502448579825,0.5222222222222223,0.4990706319702602,0,0.4053571428571428,0.9999999999999999,0.02,0.156,False,True,False,False,False,False,True,False
1,0.4926542605288932,0.1777777777777778,0.6858736059479554,1,0.5125,0.9999999999999999,0.0,0.969,False,False,False,True,True,False,False,False
1,0.4926542605288932,0.1777777777777778,0.6858736059479554,1,0.47857142857142854,0.5966258041548866,0.0,1.0,False,False,False,True,True,False,False,False
1,0.5636630754162586,0.6055555555555555,0.4103159851301115,1,0.4678571428571428,0.9999999999999999,0.0,0.982,False,True,False,False,False,False,False,True
0,0.5,0.5,0.5,0,0.1825,0.3445515191467463,0.0,0.0,False,True,False,False,False,False,False,True
1,0.46057786483839375,0.2,0.5148698884758364,0,0.5321428571428571,0.5620088081505988,0.0,0.973,False,False,False,True,False,True,False,False
1,0.2573457394711067,0.7277777777777777,0.2774163568773234,1,0.5535714285714285,0.9999999999999999,0.0,1.0,False,True,False,False,False,False,True,False
1,0.35308521057786485,0.711111111111111,0.4725836431226766,0,0.4535714285714285,0.5965094678780608,0.0,0.993,True,False,False,False,False,False,True,False
1,0.5785994123408423,0.37222222222222223,0.48977695167286245,0,0.5053571428571428,0.4484358384588985,0.01,0.988,False,False,True,False,True,False,False,False
1,0.6420176297747306,0.3277777777777778,0.35130111524163565,1,0.5535714285714285,0.9999999999999999,0.0,1.0,False,False,True,False,True,False,False,False
0,0.568560235063663,0.6333333333333333,0.49814126394052044,0,0.16475,0.44682687548773375,0.0,0.0,False,True,False,False,False,False,False,True
0,0.5,0.5,0.5,0,0.3360714285714286,0.5291694168647673,0.0,0.0,False,True,False,False,False,False,False,True
0,0.5832517140058766,0.40555555555555556,0.4749070631970261,0,0.06301785714285714,0.9999999999999999,1.0,0.016,True,False,False,False,False,False,False,True
0,0.5,0.5,0.5,0,0.1559642857142857,0.9999999999999999,0.0,0.0,False,False,False,True,False,True,False,False
1,0.14226248775710088,0.6944444444444444,0.23745353159851296,0,0.1403392857142857,0.9999999999999999,0.08,0.03,False,True,False,False,False,False,False,True
0,0.5,0.5,0.5,0,0.17287499999999997,0.5965021450673119,0.0,0.0,False,True,False,False,True,False,False,False
1,0.46057786483839375,0.2,0.5148698884758364,0,0.4892857142857142,0.9999999999999999,0.0,0.998,False,False,False,True,False,True,False,False
1,0.5394221351616063,0.8,0.4851301115241636,0,0.6071428571428571,0.5965754228052782,0.0,0.933,False,True,False,False,False,False,False,True
0,0.43364348677766895,0.6777777777777778,0.30762081784386613,1,0.5535714285714285,0.9999999999999999,0.0,1.0,True,False,False,False,False,True,False,False
0,0.5,0.5,0.5,0,0.19,0.9999999999999999,0.19,0.059,True,False,False,False,False,False,True,False
0,0.49779627815866795,0.9444444444444444,0.5283457249070632,0,1.7857142857142855e-05,0.5431304634426085,0.22,0.041,True,False,False,False,False,False,False,True
0,0.5,0.5,0.5,0,0.0011428571428571427,0.9999999999999999,0.41,0.124,False,False,False,True,False,True,False,False
1,0.5734573947110676,0.7,0.2736988847583643,1,0.625,0.5628540080561475,0.0,1.0,False,True,False,False,False,False,False,True
0,0.46057786483839375,0.2,0.5148698884758364,0,0.4303571428571429,0.9999999999999999,0.0,0.826,False,False,False,True,False,True,False,False
1,0.6077375122428992,0.2055555555555556,0.349907063197026,1,0.44999999999999996,0.5933202823926241,0.01,0.429,False,True,False,False,True,False,False,False
0,0.3237022526934378,0.6722222222222223,0.6277881040892193,1,0.5196428571428572,0.9999999999999999,0.01,0.864,True,False,False,False,False,False,True,False
0,0.5,0.5,0.5,0,0.40178571428571425,0.9999999999999999,0.0,0.814,False,False,False,True,False,True,False,False
1,0.5612144955925563,0.14444444444444443,0.733271375464684,1,0.0,0.9999999999999999,0.0,0.0,False,False,False,True,False,False,True,False
0,0.2573457394711067,0.7277777777777777,0.2774163568773234,1,0.6428571428571428,0.9999999999999999,0.0,0.0,True,False,False,False,False,False,True,False
1,0.3552889324191969,0.6611111111111111,0.2927509293680297,1,0.6071428571428571,0.9999999999999999,0.0,0.989,False,False,True,False,False,True,False,False
0,0.46547502448579825,0.48333333333333334,0.4972118959107807,0,0.15189285714285714,0.32523481728719694,0.43,0.002,True,False,False,False,False,False,True,False
0,0.5,0.5,0.5,0,0.05355357142857143,0.9999999999999999,0.0,0.0,True,False,False,False,False,True,False,False
1,0.0734573947110676,0.75,0.0,1,0.1875,0.9999999999999999,0.0,0.0,False,True,False,False,False,False,False,True
0,0.5,0.5,0.5,0,0.4732142857142857,0.9999999999999999,0.02,0.956,True,False,False,False,False,False,True,False
1,0.5636630754162586,0.3111111111111111,0.5139405204460966,0,0.5892857142857143,0.5965913142016394,0.0,0.901,False,False,True,False,False,True,False,False
1,0.14226248775710088,0.6944444444444444,0.23745353159851296,0,0.48392857142857143,0.9999999999999999,0.0,0.925,False,True,False,False,False,False,False,True
1,0.24265426052889322,0.5444444444444444,0.23605947955390333,0,0.21624999999999997,0.9999999999999999,0.09,0.331,False,True,False,False,False,False,True,False
1,0.6297747306562194,0.11111111111111116,0.7644052044609666,1,0.47142857142857136,0.9999999999999999,0.0,1.0,False,False,False,True,False,True,False,False
0,0.5,0.5,0.5,0,0.2144642857142857,0.9999999999999999,0.0,0.0,False,True,False,False,False,False,False,True
0,0.4338883447600392,0.65,0.512546468401487,0,0.12648214285714285,0.4798251373369012,0.76,0.002,True,False,False,False,False,False,True,False
0,0.5,0.5,0.5,0,0.02401785714285714,0.9999999999999999,0.0,0.0,False,False,False,True,False,True,False,False
0,0.5,0.5,0.5,0,0.14532142857142857,0.9999999999999999,0.0,0.0,False,False,True,False,False,True,False,False
1,0.17874632713026445,0.2888888888888889,0.22211895910780666,0,0.6964285714285714,0.9999999999999999,0.0,0.0,False,False,False,True,False,False,True,False
0,0.5,0.5,0.5,0,0.44821428571428573,0.9999999999999999,0.0,0.996,True,False,False,False,False,False,True,False
1,0.4975514201762977,0.5,0.6226765799256506,1,0.5892857142857143,0.9999999999999999,0.02,0.551,False,False,True,False,True,False,False,False
0,0.6128795298726739,0.6611111111111111,0.45817843866171004,0,0.4607142857142857,0.5965738339510043,0.01,0.634,False,False,True,False,False,False,False,True
1,0.24265426052889322,0.5444444444444444,0.23605947955390333,0,0.6428571428571428,0.9999999999999999,0.0,0.0,False,True,False,False,False,False,True,False
0,0.5,0.5,0.5,0,0.17467857142857143,0.350883218198903,0.0,0.0,False,True,False,False,False,False,False,True
1,0.490205680705191,0.45,0.5325278810408922,0,0.45714285714285713,0.5427084135973347,0.08,0.987,True,False,False,False,False,True,False,False
1,0.17874632713026445,0.2888888888888889,0.22211895910780666,0,0.6428571428571428,0.9999999999999999,0.0,0.0,False,False,False,True,True,False,False,False
1,0.5639079333986288,0.7944444444444444,0.5157992565055762,0,0.5892857142857143,0.9999999999999999,0.0,0.837,False,False,True,False,False,False,False,True
0,0.49779627815866795,0.4777777777777778,0.8029739776951673,1,0.42142857142857143,0.9999999999999999,0.06,0.305,False,False,True,False,True,False,False,False
0,0.5,0.5,0.5,0,0.04996428571428571,0.9999999999999999,0.0,0.0,True,False,False,False,False,False,True,False
1,0.43119490695396673,0.5555555555555556,0.262546468401487,1,0.5017857142857143,0.9999999999999999,0.04,0.996,False,False,True,False,True,False,False,False
1,0.5296278158667973,0.7888888888888889,0.5195167286245354,0,0.49642857142857144,0.9999999999999999,0.0,0.997,False,True,False,False,False,False,False,True
1,0.0734573947110676,0.75,0.0,1,7.142857142857142e-05,0.9999999999999999,0.48,0.059,True,False,False,False,False,False,False,True
0,0.5,0.5,0.5,0,0.08344642857142857,0.9999999999999999,0.0,0.0,False,False,False,True,False,True,False,False
1,0.14201762977473065,0.7166666666666667,0.04739776951672858,1,0.75,0.9999999999999999,0.0,0.0,True,False,False,False,False,False,False,True
0,0.4534769833496572,0.5722222222222222,0.35269516728624534,0,0.42142857142857143,0.5810549350218274,0.2,0.002,False,False,True,False,True,False,False,False
0,0.490205680705191,0.45,0.5325278810408922,0,0.07498214285714284,0.5875841068381268,0.76,0.0,True,False,False,False,False,True,False,False
0,0.6863369245837414,0.4722222222222222,0.49907063197026025,0,0.33428571428571424,0.9999999999999999,0.04,0.054,False,True,False,False,True,False,False,False
1,0.0,0.55,0.22630111524163565,0,0.0,0.9999999999999999,0.0,0.0,False,False,True,False,True,False,False,False
0,0.5,0.5,0.5,0,0.19535714285714284,0.9999999999999999,0.15,0.138,False,False,False,True,False,True,False,False
0,0.5345249755142018,0.5166666666666666,0.5027881040892194,0,0.08623214285714285,0.9999999999999999,0.05,0.26,False,False,True,False,True,False,False,False
0,0.6052889324191969,0.03888888888888886,0.7221189591078067,1,0.04001785714285714,0.4895315697725514,0.31,0.599,False,False,False,True,False,False,True,False
1,0.1398139079333986,0.6944444444444444,0.3503717472118959,1,0.23571428571428568,0.9999999999999999,0.07,0.386,False,False,True,False,False,False,False,True
0,0.5,0.5,0.5,0,0.21821428571428572,0.9999999999999999,0.02,0.388,False,False,True,False,True,False,False,False
1,0.37022526934378064,0.8888888888888888,0.23559479553903345,1,0.6071428571428571,0.5183072618808219,0.0,0.992,False,True,False,False,False,False,False,True
1,0.056317335945151814,0.5722222222222222,0.23698884758364308,0,7.142857142857142e-05,0.9999999999999999,0.0,0.0,False,False,False,True,True,False,False,False
1,0.3552889324191969,0.6611111111111111,0.2927509293680297,1,0.0,0.9999999999999999,0.0,0.0,False,False,True,False,False,True,False,False
0,0.5,0.5,0.5,0,0.005928571428571429,0.9999999999999999,0.0,0.0,True,False,False,False,False,False,True,False
0,0.5,0.5,0.5,0,0.13053571428571428,0.9999999999999999,0.16,0.012,False,True,False,False,False,False,False,True
1,0.14226248775710088,0.6944444444444444,0.23745353159851296,0,0.625,0.9999999999999999,0.0,0.0,False,True,False,False,False,False,False,True
0,0.5,0.5,0.5,0,3.571428571428571e-05,0.9999999999999999,1.0,0.008,False,True,False,False,False,False,False,True
0,0.5,0.5,0.5,0,0.33767857142857144,0.9999999999999999,0.21,0.487,True,False,False,False,False,False,True,False
0,0.5,0.5,0.5,0,0.22732142857142856,0.9999999999999999,0.0,0.0,False,False,True,False,False,False,False,True
1,0.14201762977473065,0.7166666666666667,0.04739776951672858,1,0.4035714285714286,0.9999999999999999,0.14,0.196,True,False,False,False,False,False,False,True
0,0.4262977473065622,0.3555555555555556,0.4934944237918215,0,0.012785714285714284,0.5628903914709275,0.57,0.021,False,False,False,True,False,True,False,False
0,0.5,0.5,0.5,0,0.18803571428571425,0.41473635145118776,0.0,0.0,False,True,False,False,False,False,False,True
0,0.49779627815866795,0.4777777777777778,0.8029739776951673,1,0.13741071428571427,0.9999999999999999,0.36,0.0,False,False,True,False,True,False,False,False
1,0.460822722820764,0.9277777777777778,0.6482342007434945,1,0.0,0.9999999999999999,0.0,0.0,True,False,False,False,False,False,False,True
1,0.6420176297747306,0.3277777777777778,0.35130111524163565,1,0.5267857142857143,0.9999999999999999,0.0,0.96,False,False,True,False,True,False,False,False
1,0.539177277179236,0.35555555555555557,0.4851301115241636,0,0.6071428571428571,0.5291247708434659,0.0,0.998,False,False,True,False,False,False,False,True
1,0.6471596474045054,0.7,0.49070631970260226,0,0.5892857142857143,0.9999999999999999,0.01,0.996,False,True,False,False,False,False,False,True
1,0.17874632713026445,0.2888888888888889,0.22211895910780666,0,0.7857142857142857,0.9999999999999999,0.0,0.0,False,False,False,True,False,False,True,False
0,0.4314397649363369,0.36666666666666664,0.5018587360594795,0,0.011214285714285713,0.42326699842377274,0.13,0.002,False,False,False,True,False,True,False,False
1,0.5342801175318316,0.5055555555555555,0.4962825278810409,0,0.4107142857142857,0.5428407217438082,0.06,0.581,False,False,True,False,False,True,False,False
0,0.556562193927522,0.5166666666666666,0.6013011152416357,1,0.2144642857142857,0.9999999999999999,0.0,0.032,True,False,False,False,False,True,False,False
0,0.5,0.5,0.5,0,0.17857142857142855,0.9999999999999999,0.0,0.0,False,False,True,False,False,False,False,True
1,0.490205680705191,0.45,0.5325278810408922,0,0.5071428571428571,0.9999999999999999,0.0,0.999,True,False,False,False,False,True,False,False
1,0.056317335945151814,0.5722222222222222,0.23698884758364308,0,0.75,0.9999999999999999,0.0,0.0,False,False,False,True,True,False,False,False
1,0.5737022526934378,0.6444444444444444,0.5065055762081785,0,0.6071428571428571,0.47180076428362866,0.02,0.998,False,True,False,False,False,False,False,True
1,0.14226248775710088,0.6944444444444444,0.23745353159851296,0,0.6428571428571428,0.5965657682601593,0.0,0.0,False,True,False,False,False,False,False,True
1,0.0,0.55,0.22630111524163565,0,0.75,0.9999999999999999,0.0,0.0,False,False,True,False,True,False,False,False
0,0.6469147894221352,0.2888888888888889,0.5274163568773235,0,0.47678571428571426,0.3786908347348597,0.0,0.947,False,False,True,False,True,False,False,False
0,0.5,0.5,0.5,0,0.21607142857142855,0.9999999999999999,0.0,0.0,False,False,True,False,True,False,False,False
0,0.2573457394711067,0.7277777777777777,0.2774163568773234,1,0.4464285714285714,0.5044467315960481,0.01,0.345,True,False,False,False,False,False,True,False
0,0.5,0.5,0.5,0,0.12823214285714285,0.5703550064929246,0.0,0.0,False,False,True,False,True,False,False,False
1,0.5345249755142018,0.5166666666666666,0.5027881040892194,0,0.42142857142857143,0.9999999999999999,0.13,0.983,False,False,True,False,True,False,False,False
0,0.5,0.5,0.5,0,0.4178571428571428,0.9999999999999999,0.0,1.0,True,False,False,False,False,False,True,False
0,0.5,0.5,0.5,0,0.4196428571428571,0.9999999999999999,0.01,0.702,True,False,False,False,False,False,True,False
0,0.3237022526934378,0.6722222222222223,0.6277881040892193,1,0.3346428571428571,0.1642287241717108,0.09,0.013,True,False,False,False,False,False,True,False
1,0.0,0.55,0.22630111524163565,0,0.0,0.9999999999999999,0.0,0.0,False,False,True,False,True,False,False,False
0,0.5734573947110676,0.3611111111111111,0.48141263940520446,0,0.0007321428571428571,0.5182615178153672,1.0,0.055,False,False,True,False,True,False,False,False
0,0.5002448579823702,0.4777777777777778,0.6900557620817844,1,0.11010714285714286,0.37381006693448554,0.05,0.05,False,True,False,False,True,False,False,False
1,0.14226248775710088,0.6944444444444444,0.23745353159851296,0,0.7142857142857142,0.9999999999999999,0.0,0.0,False,True,False,False,False,False,False,True
1,0.17874632713026445,0.2888888888888889,0.22211895910780666,0,0.3410714285714286,0.5964932371331236,0.27,0.068,False,False,False,True,True,False,False,False
1,0.1398139079333986,0.6944444444444444,0.3503717472118959,1,0.0,0.9999999999999999,0.0,0.0,False,False,True,False,False,False,False,True
0,0.5,0.5,0.5,0,0.19642857142857142,0.9999999999999999,0.0,0.0,False,False,True,False,False,True,False,False
1,0.5,0.5,0.5,0,0.13773214285714286,0.9999999999999999,0.0,0.0,True,False,False,False,False,False,True,False
0,0.5,0.5,0.5,0,0.004946428571428571,0.4024944862691824,0.0,0.0,False,True,False,False,False,False,True,False
0,0.5,0.5,0.5,0,0.4589285714285714,0.9999999999999999,0.0,0.915,True,False,False,False,False,False,True,False
1,0.5832517140058766,0.4444444444444444,0.4767657992565056,0,0.5232142857142857,0.4845306301243141,0.0,1.0,False,True,False,False,False,False,False,True
1,0.24265426052889322,0.5444444444444444,0.23605947955390333,0,0.2239285714285714,0.9999999999999999,0.02,0.006,False,True,False,False,False,False,True,False
1,0.49779627815866795,0.9444444444444444,0.5283457249070632,0,0.5303571428571429,0.9999999999999999,0.0,0.999,True,False,False,False,False,False,False,True
0,0.5661116552399609,0.35,0.487453531598513,0,0.30303571428571424,0.3709734218029379,0.24,0.785,False,False,True,False,True,False,False,False
1,0.5734573947110676,0.4777777777777778,0.4865241635687732,0,0.5125,0.9999999999999999,0.03,0.999,False,False,True,False,True,False,False,False
0,0.4265426052889324,0.5222222222222223,0.5134758364312267,0,0.48571428571428565,0.9999999999999999,0.0,0.992,True,False,False,False,False,False,True,False
1,0.14226248775710088,0.6944444444444444,0.23745353159851296,0,0.0015535714285714285,0.9999999999999999,0.15,0.124,False,True,False,False,False,False,False,True
1,0.14226248775710088,0.6944444444444444,0.23745353159851296,0,0.9285714285714285,0.5627830927591089,0.0,0.0,False,True,False,False,False,False,False,True
0,0.509794319294809,0.55,0.4674721189591078,0,0.42321428571428565,0.518244161003143,0.2,0.968,False,True,False,False,True,False,False,False
1,0.4975514201762977,0.5,0.6226765799256506,1,0.5178571428571428,0.5611153589560166,0.0,1.0,False,False,True,False,True,False,False,False
0,0.5,0.5,0.5,0,0.14932142857142858,0.9999999999999999,0.0,0.0,False,False,False,True,False,True,False,False
1,0.35308521057786485,0.711111111111111,0.4725836431226766,0,0.4803571428571428,0.9999999999999999,0.01,0.994,True,False,False,False,False,False,True,False
1,0.0,0.55,0.22630111524163565,0,0.8035714285714285,0.9999999999999999,0.0,0.0,False,False,True,False,True,False,False,False
1,0.502203721841332,0.5222222222222223,0.19702602230483268,1,0.0,0.9999999999999999,0.0,0.0,True,False,False,False,False,False,True,False
0,0.3237022526934378,0.6722222222222223,0.6277881040892193,1,0.4107142857142857,0.4419388721161905,0.14,0.05,True,False,False,False,False,False,True,False
0,0.4755142017629775,0.5444444444444444,0.4711895910780669,0,0.4464285714285714,0.9999999999999999,0.02,0.853,False,True,False,False,False,False,False,True
0,0.5,0.5,0.5,0,0.12498214285714285,0.9999999999999999,0.0,0.0,False,True,False,False,False,False,False,True
0,0.5,0.5,0.5,0,0.040107142857142855,0.5291434193370457,0.0,0.0,False,True,False,False,False,False,False,True
1,0.4975514201762977,0.5,0.6226765799256506,1,0.4196428571428571,0.9999999999999999,0.1,0.0,False,False,True,False,True,False,False,False
1,0.4755142017629775,0.5444444444444444,0.4711895910780669,0,0.5535714285714285,0.9999999999999999,0.0,0.964,False,True,False,False,False,False,False,True
0,0.5734573947110676,0.3611111111111111,0.48141263940520446,0,0.156,0.9999999999999999,0.29,0.364,False,False,True,False,True,False,False,False
0,0.5,0.5,0.5,0,0.39464285714285713,0.9999999999999999,0.1,0.814,False,False,True,False,True,False,False,False
1,0.49779627815866795,0.4777777777777778,0.8029739776951673,1,0.6071428571428571,0.9999999999999999,0.0,0.991,False,False,True,False,True,False,False,False
0,0.46547502448579825,0.5222222222222223,0.29879182156133827,1,0.4107142857142857,0.9999999999999999,0.0,0.982,False,False,True,False,False,False,False,True
1,0.056317335945151814,0.5722222222222222,0.23698884758364308,0,0.12766071428571427,0.9999999999999999,0.0,0.0,False,True,False,False,False,False,True,False
0,0.5,0.5,0.5,0,0.046410714285714284,0.9999999999999999,0.0,0.0,False,False,True,False,False,True,False,False
0,0.5,0.5,0.5,0,3.571428571428571e-05,0.9999999999999999,0.0,0.0,True,False,False,False,False,False,True,False
0,0.5,0.5,0.5,0,0.1469285714285714,0.596521919185634,0.0,0.0,True,False,False,False,False,True,False,False
1,0.0,0.55,0.22630111524163565,0,0.3296428571428571,0.9999999999999999,0.96,0.954,False,False,True,False,True,False,False,False
0,0.49779627815866795,0.4777777777777778,0.8029739776951673,1,0.3964285714285714,0.3996522679953672,0.39,0.327,False,False,True,False,True,False,False,False
0,0.4681684622918707,0.6555555555555556,0.5088289962825279,0,0.44285714285714284,0.9999999999999999,0.0,0.055,True,False,False,False,False,True,False,False
0,0.5,0.5,0.5,0,0.3767857142857143,0.5966025635569822,0.19,0.684,False,False,False,True,False,True,False,False
0,0.5,0.5,0.5,0,0.3982142857142857,0.9999999999999999,0.05,0.835,False,True,False,False,False,False,False,True
1,0.7426542605288933,0.27222222222222225,0.7225836431226766,1,0.5285714285714286,0.9999999999999999,0.0,0.999,False,False,True,False,False,True,False,False
1,0.35308521057786485,0.711111111111111,0.4725836431226766,0,0.47678571428571426,0.9999999999999999,0.05,0.865,True,False,False,False,False,False,True,False
1,0.6420176297747306,0.3277777777777778,0.35130111524163565,1,0.46249999999999997,0.9999999999999999,0.02,0.971,False,False,True,False,True,False,False,False
0,0.5,0.5,0.5,0,0.22410714285714287,0.9999999999999999,0.0,0.0,False,True,False,False,False,False,False,True
1,0.5636630754162586,0.3111111111111111,0.5139405204460966,0,0.5714285714285714,0.9999999999999999,0.04,0.988,False,False,True,False,False,True,False,False
0,0.568560235063663,0.6333333333333333,0.49814126394052044,0,0.23964285714285713,0.9999999999999999,0.37,0.001,False,True,False,False,False,False,False,True
0,0.5,0.5,0.5,0,0.17714285714285713,0.9999999999999999,0.0,0.0,False,True,False,False,False,False,True,False
0,0.5,0.5,0.5,0,0.41607142857142854,0.9999999999999999,0.0,0.984,True,False,False,False,False,False,True,False
0,0.5394221351616063,0.8,0.4851301115241636,0,0.5142857142857142,0.9999999999999999,0.0,0.976,False,True,False,False,False,False,False,True
1,0.0734573947110676,0.75,0.0,1,0.16135714285714284,0.9999999999999999,0.01,0.089,True,False,False,False,False,False,False,True
0,0.5,0.5,0.5,0,0.0020357142857142857,0.9999999999999999,0.0,0.0,False,False,False,True,False,True,False,False
0,0.5,0.5,0.5,0,0.0002321428571428571,0.9999999999999999,0.0,0.0,True,False,False,False,False,False,True,False
1,0.14226248775710088,0.6944444444444444,0.23745353159851296,0,0.7142857142857142,0.9999999999999999,0.0,0.0,False,True,False,False,False,False,False,True
1,0.0,0.55,0.22630111524163565,0,0.0,0.9999999999999999,0.0,0.0,False,False,True,False,True,False,False,False
0,0.5244857982370226,0.45555555555555555,0.5288104089219331,0,0.2426785714285714,0.5965579482605811,0.28,0.0,False,False,False,True,False,True,False,False
0,0.5,0.5,0.5,0,0.11557142857142857,0.5966125923484686,0.0,0.0,False,True,False,False,False,False,False,True
0,0.5296278158667973,0.7888888888888889,0.5195167286245354,0,0.41607142857142854,0.2987222758016707,0.04,0.053,False,True,False,False,False,False,False,True
1,0.24265426052889322,0.5444444444444444,0.23605947955390333,0,0.4928571428571429,0.9999999999999999,0.0,0.0,False,True,False,False,True,False,False,False
1,0.43119490695396673,0.5555555555555556,0.262546468401487,1,0.6071428571428571,0.9999999999999999,0.0,0.997,False,False,True,False,True,False,False,False
1,0.6471596474045054,0.7,0.49070631970260226,0,0.5125,0.9999999999999999,0.0,1.0,False,True,False,False,False,False,False,True
1,0.5832517140058766,0.4444444444444444,0.4767657992565056,0,0.4607142857142857,0.9999999999999999,0.02,0.99,False,True,False,False,False,False,False,True
1,0.4755142017629775,0.5444444444444444,0.4711895910780669,0,0.5125,0.9999999999999999,0.0,0.999,False,True,False,False,False,False,False,True
0,0.43119490695396673,0.5555555555555556,0.262546468401487,1,0.44999999999999996,0.9999999999999999,0.25,0.509,False,False,True,False,True,False,False,False
1,0.5734573947110676,0.07222222222222224,0.37267657992565056,1,0.5714285714285714,0.5966319219467631,0.0,0.994,False,False,False,True,True,False,False,False
0,0.43119490695396673,0.5555555555555556,0.262546468401487,1,0.295,0.9999999999999999,0.24,0.037,False,False,True,False,True,False,False,False
0,0.5,0.5,0.5,0,0.010089285714285712,0.9999999999999999,0.0,0.0,False,True,False,False,False,False,False,True
1,0.4975514201762977,0.5,0.6129182156133829,1,0.5892857142857143,0.5965886245236119,0.0,1.0,False,False,True,False,False,True,False,False
1,0.40181194906953965,0.5888888888888889,0.4400557620817844,1,0.37857142857142856,0.5965789673594399,0.18,0.032,True,False,False,False,False,True,False,False
0,0.5222820763956905,0.5166666666666666,0.5901486988847584,1,0.22535714285714284,0.32853248887416225,0.08,0.032,False,False,True,False,False,False,False,True
1,0.0734573947110676,0.75,0.0,1,0.5714285714285714,0.9999999999999999,0.0,1.0,False,True,False,False,False,False,False,True
0,0.4975514201762977,0.5,0.6226765799256506,1,0.4107142857142857,0.9999999999999999,0.01,0.451,False,False,True,False,True,False,False,False
0,0.5,0.5,0.5,0,0.18517857142857141,0.9999999999999999,0.0,0.0,False,True,False,False,False,False,True,False
1,0.45592556317335947,0.6444444444444444,0.5130111524163569,0,0.4392857142857143,0.9999999999999999,0.0,0.885,False,False,True,False,True,False,False,False
0,0.5737022526934378,0.6444444444444444,0.5065055762081785,0,0.39999999999999997,0.3257114452689099,0.01,0.354,False,True,False,False,False,False,False,True
1,0.5661116552399609,0.35,0.487453531598513,0,0.5178571428571428,0.9999999999999999,0.0,0.488,False,False,True,False,True,False,False,False
0,0.4314397649363369,0.5333333333333333,0.4526022304832714,0,0.45714285714285713,0.9999999999999999,0.07,0.705,False,False,True,False,True,False,False,False
1,0.14226248775710088,0.6944444444444444,0.23745353159851296,0,0.000625,0.9999999999999999,0.23,0.098,False,True,False,False,False,False,False,True
0,0.5,0.5,0.5,0,0.43571428571428567,0.9999999999999999,0.0,0.0,False,True,False,False,False,False,False,True
0,0.5,0.5,0.5,0,0.001107142857142857,0.3309321290619766,0.0,0.0,False,False,True,False,True,False,False,False
0,0.5394221351616063,0.8,0.4851301115241636,0,0.42142857142857143,0.5475569055811651,0.0,0.2,False,True,False,False,False,False,False,True
0,0.5,0.5,0.5,0,1.7857142857142855e-05,0.9999999999999999,1.0,0.001,False,False,False,True,False,True,False,False
0,0.5342801175318316,0.6222222222222222,0.5013940520446096,0,0.23428571428571426,0.4277564191021651,0.08,0.0,False,False,True,False,False,True,False,False
0,0.5,0.5,0.5,0,0.03603571428571428,0.9999999999999999,0.0,0.0,False,False,True,False,True,False,False,False
1,0.35308521057786485,0.711111111111111,0.4725836431226766,0,0.46249999999999997,0.9999999999999999,0.0,0.688,True,False,False,False,False,False,True,False
1,0.796767874632713,0.6388888888888888,0.7355947955390335,0,0.19285714285714287,0.9999999999999999,0.0,0.0,True,False,False,False,False,True,False,False
0,0.5,0.5,0.5,0,0.03985714285714286,0.9999999999999999,0.0,0.0,False,True,False,False,False,False,False,True
1,0.5785994123408423,0.37222222222222223,0.48977695167286245,0,0.5892857142857143,0.9999999999999999,0.0,0.999,False,False,True,False,True,False,False,False
1,0.49779627815866795,0.4777777777777778,0.8029739776951673,1,0.4660714285714286,0.9999999999999999,0.0,0.96,False,False,True,False,True,False,False,False
0,0.5,0.5,0.5,0,0.14714285714285713,0.5915570815355268,0.0,0.0,False,True,False,False,False,False,False,True
0,0.5639079333986288,0.7555555555555555,0.5139405204460967,0,0.21928571428571425,0.3949948763198425,0.66,0.0,False,True,False,False,False,False,False,True
0,0.5,0.5,0.5,0,0.17276785714285714,0.9999999999999999,0.0,0.0,True,False,False,False,False,False,True,False
1,0.056317335945151814,0.5722222222222222,0.23698884758364308,0,0.18624999999999997,0.5627857784497593,0.0,0.0,False,True,False,False,True,False,False,False
0,0.5,0.5,0.5,0,0.4464285714285714,0.9999999999999999,0.0,0.487,False,False,False,True,False,True,False,False
1,0.49779627815866795,0.4777777777777778,0.8029739776951673,1,0.6071428571428571,0.5965874019918294,0.01,0.975,False,False,True,False,True,False,False,False
1,0.7426542605288933,0.27222222222222225,0.7225836431226766,1,0.47142857142857136,0.45333127966672704,0.12,1.0,False,False,True,False,False,True,False,False
1,0.3947110675808031,0.9611111111111111,0.27788104089219334,1,0.6071428571428571,0.9999999999999999,0.0,0.996,False,False,True,False,False,False,False,True
1,0.3871204701273261,0.3388888888888889,0.54182156133829,0,0.5125,0.9999999999999999,0.0,0.999,False,False,False,True,False,False,True,False
1,0.0734573947110676,0.75,0.0,1,0.8214285714285714,0.5183104435485522,0.0,0.0,False,True,False,False,False,False,False,True
0,0.5,0.5,0.5,0,0.19553571428571426,0.31890149456379435,0.0,0.0,False,True,False,False,False,False,False,True
1,0.42140058765915767,0.6277777777777778,0.5102230483271375,0,0.40892857142857136,0.5182517385682742,0.0,0.008,True,False,False,False,False,False,True,False
0,0.5,0.5,0.5,0,0.0024107142857142856,0.9999999999999999,0.0,0.0,False,False,False,True,False,True,False,False
1,0.4363369245837414,0.39444444444444443,0.5896840148698885,1,0.4821428571428571,0.9999999999999999,0.0,0.88,False,False,False,True,False,True,False,False
1,0.6762977473065622,0.3277777777777778,0.3722118959107807,1,0.0,0.9999999999999999,0.0,0.0,False,False,True,False,True,False,False,False
1,0.6469147894221352,0.2888888888888889,0.5274163568773235,0,0.49642857142857144,0.9999999999999999,0.0,1.0,False,False,True,False,True,False,False,False
1,0.47037218413320275,0.21111111111111114,0.4804832713754647,0,0.17592857142857143,0.9999999999999999,0.12,0.008,False,False,False,True,False,True,False,False
1,0.0734573947110676,0.75,0.0,1,0.3892857142857143,0.9999999999999999,0.0,0.0,False,True,False,False,False,False,False,True
0,0.43119490695396673,0.5555555555555556,0.262546468401487,1,0.2876785714285714,0.42595570088180224,0.44,0.056,False,False,True,False,True,False,False,False
0,0.5,0.5,0.5,0,0.15035714285714286,0.9999999999999999,0.0,0.0,False,False,True,False,True,False,False,False
0,0.5,0.5,0.5,0,0.1576607142857143,0.9999999999999999,0.12,0.187,True,False,False,False,False,False,True,False
0,0.5734573947110676,0.4777777777777778,0.4865241635687732,0,0.5892857142857143,0.5628884951926324,0.0,0.998,False,False,True,False,True,False,False,False
0,0.5,0.5,0.5,0,0.33178571428571424,0.9999999999999999,0.0,0.0,False,True,False,False,True,False,False,False
0,0.5636630754162586,0.6055555555555555,0.4103159851301115,1,0.41607142857142854,0.9999999999999999,0.12,0.721,False,True,False,False,False,False,False,True
0,0.5,0.5,0.5,0,0.21071428571428572,0.9999999999999999,0.0,0.0,False,False,True,False,True,False,False,False
1,0.502203721841332,0.5222222222222223,0.19702602230483268,1,0.6964285714285714,0.9999999999999999,0.0,0.0,True,False,False,False,False,False,True,False
0,0.5,0.5,0.5,0,0.29857142857142854,0.4897006842315046,0.0,0.0,False,True,False,False,True,False,False,False
1,0.6420176297747306,0.3277777777777778,0.35130111524163565,1,0.4732142857142857,0.9999999999999999,0.0,1.0,False,False,True,False,True,False,False,False
0,0.5342801175318316,0.6222222222222222,0.5013940520446096,0,0.4946428571428571,0.47568102120641303,0.0,0.872,False,False,True,False,False,True,False,False
0,0.5734573947110676,0.3611111111111111,0.48141263940520446,0,0.3964285714285714,0.2751511038644804,0.4,0.015,False,False,True,False,True,False,False,False
1,0.6762977473065622,0.3277777777777778,0.3722118959107807,1,0.0,0.9999999999999999,0.0,0.0,False,False,True,False,True,False,False,False
0,0.4265426052889324,0.6388888888888888,0.5185873605947956,0,1.7857142857142855e-05,0.5965820232167965,0.86,0.001,True,False,False,False,False,False,True,False
0,0.46547502448579825,0.5222222222222223,0.4990706319702602,0,0.42857142857142855,0.9999999999999999,0.01,0.996,False,True,False,False,False,False,True,False
0,0.4755142017629775,0.5444444444444444,0.4711895910780669,0,0.20035714285714284,0.16075879024971668,0.2,0.004,False,True,False,False,False,False,False,True
0,0.5737022526934378,0.6444444444444444,0.5065055762081785,0,0.3642857142857142,0.5736141520092412,0.09,0.117,False,True,False,False,False,False,False,True
1,0.43119490695396673,0.5555555555555556,0.262546468401487,1,0.6071428571428571,0.9999999999999999,0.0,1.0,False,False,True,False,True,False,False,False
0,0.3947110675808031,0.9611111111111111,0.27788104089219334,1,0.425,0.26222314540825853,0.04,0.229,False,False,True,False,False,False,False,True
1,0.5345249755142018,0.4777777777777778,0.7012081784386617,1,0.12185714285714284,0.5966063546864159,0.0,0.0,False,True,False,False,False,False,True,False
0,0.5734573947110676,0.3611111111111111,0.48141263940520446,0,0.5053571428571428,0.38159695036582997,0.02,0.902,False,False,True,False,True,False,False,False
1,0.14201762977473065,0.7166666666666667,0.04739776951672858,1,0.4946428571428571,0.9999999999999999,0.0,0.999,True,False,False,False,False,False,False,True
1,0.3971596474045054,0.2444444444444444,0.5004646840148699,0,0.5160714285714285,0.9999999999999999,0.0,0.908,False,False,False,True,False,False,True,False
1,0.056317335945151814,0.5722222222222222,0.23698884758364308,0,0.6428571428571428,0.9999999999999999,0.0,0.0,False,True,False,False,True,False,False,False
1,0.5,0.5,0.5,0,0.5892857142857143,0.5966009738163972,0.0,0.997,False,False,True,False,True,False,False,False
1,0.14201762977473065,0.7166666666666667,0.04739776951672858,1,0.21,0.9999999999999999,0.02,0.042,True,False,False,False,False,False,False,True
0,0.5,0.5,0.5,0,0.17291071428571428,0.2292615364366126,0.0,0.0,False,False,True,False,True,False,False,False
1,0.056317335945151814,0.5722222222222222,0.23698884758364308,0,0.0,0.9999999999999999,0.0,0.0,False,False,False,True,False,False,True,False
0,0.46547502448579825,0.5222222222222223,0.4990706319702602,0,0.3332142857142857,0.9999999999999999,0.0,0.0,False,True,False,False,False,False,True,False
1,0.17874632713026445,0.2888888888888889,0.22211895910780666,0,0.875,0.9999999999999999,0.0,0.0,False,False,False,True,True,False,False,False
0,0.6447110675808031,0.3388888888888889,0.7072490706319703,1,0.46964285714285714,0.9999999999999999,0.0,0.967,False,True,False,False,False,False,True,False
0,0.5,0.5,0.5,0,0.08628571428571429,0.9999999999999999,0.19,0.168,False,True,False,False,False,False,False,True
0,0.5,0.5,0.5,0,0.285,0.5430221672337145,0.0,0.0,False,False,True,False,True,False,False,False
1,0.7426542605288933,0.27222222222222225,0.7225836431226766,1,0.4821428571428571,0.9999999999999999,0.0,0.945,False,False,True,False,True,False,False,False
1,0.5394221351616063,0.8,0.4851301115241636,0,0.5892857142857143,0.9999999999999999,0.0,0.995,False,True,False,False,False,False,False,True
0,0.5,0.5,0.5,0,0.0002321428571428571,0.5018363203232836,0.0,0.0,True,False,False,False,False,False,True,False
0,0.4755142017629775,0.5444444444444444,0.4711895910780669,0,0.5089285714285714,0.4508083018697125,0.0,0.99,False,True,False,False,False,False,False,True
1,0.2573457394711067,0.7277777777777777,0.2774163568773234,1,0.625,0.9999999999999999,0.0,0.999,False,True,False,False,False,False,True,False
0,0.7426542605288933,0.27222222222222225,0.7225836431226766,1,0.32053571428571426,0.9999999999999999,0.05,0.956,False,False,True,False,True,False,False,False
0,0.566356513222331,0.3222222222222222,0.6923791821561338,1,0.625,0.4896544790982137,0.01,0.813,False,True,False,False,True,False,False,False
1,0.6762977473065622,0.3277777777777778,0.3722118959107807,1,0.4660714285714286,0.9999999999999999,0.03,0.872,False,False,True,False,True,False,False,False
1,0.24265426052889322,0.5444444444444444,0.23605947955390333,0,0.37321428571428567,0.9999999999999999,0.8,0.865,False,True,False,False,False,False,True,False
1,0.0734573947110676,0.75,0.0,1,0.32589285714285715,0.596610268420143,0.42,0.001,False,True,False,False,False,False,False,True
1,0.5832517140058766,0.4444444444444444,0.4767657992565056,0,0.2305357142857143,0.9999999999999999,0.0,0.0,False,False,True,False,False,False,False,True
0,0.5734573947110676,0.3611111111111111,0.48141263940520446,0,0.4303571428571429,0.9999999999999999,0.93,0.753,False,False,True,False,True,False,False,False
1,0.37022526934378064,0.8888888888888888,0.23559479553903345,1,0.5892857142857143,0.9999999999999999,0.0,0.998,False,True,False,False,False,False,False,True
1,0.14201762977473065,0.7166666666666667,0.04739776951672858,1,0.7321428571428571,0.9999999999999999,0.0,0.0,True,False,False,False,False,False,False,True
0,0.5,0.5,0.5,0,0.17057142857142857,0.9999999999999999,0.0,0.0,False,True,False,False,False,False,False,True
1,0.33080313418217433,0.7055555555555555,0.2639405204460966,1,0.4446428571428571,0.9999999999999999,0.0,0.999,False,False,True,False,False,True,False,False
1,0.5981880509304603,0.4111111111111111,0.5599442379182156,1,0.44285714285714284,0.9999999999999999,0.0,0.92,False,True,False,False,True,False,False,False
0,0.5,0.5,0.5,0,0.08835714285714286,0.5966009738163972,0.0,0.0,False,False,True,False,True,False,False,False
0,0.5,0.5,0.5,0,0.4035714285714286,0.9999999999999999,0.04,0.615,True,False,False,False,False,False,True,False
0,0.5,0.5,0.5,0,0.040535714285714286,0.9999999999999999,0.0,0.0,True,False,False,False,False,False,False,True
0,0.5,0.5,0.5,0,0.001125,0.5961497587766282,0.0,0.0,False,False,False,True,False,False,True,False
1,0.5612144955925563,0.14444444444444443,0.733271375464684,1,0.46964285714285714,0.9999999999999999,0.0,0.747,False,False,False,True,False,False,True,False
1,0.1398139079333986,0.6944444444444444,0.3503717472118959,1,0.13507142857142856,0.9999999999999999,0.11,0.075,False,False,True,False,False,False,False,True
0,0.5,0.5,0.5,0,0.21767857142857142,0.9999999999999999,0.0,0.0,True,False,False,False,False,True,False,False
1,0.37022526934378064,0.8888888888888888,0.23559479553903345,1,0.5714285714285714,0.9999999999999999,0.16,0.809,False,True,False,False,False,False,False,True
0,0.4755142017629775,0.5444444444444444,0.4711895910780669,0,0.02555357142857143,0.9999999999999999,0.37,0.014,False,True,False,False,False,False,False,True
1,0.5,0.5,0.5,0,0.26267857142857143,0.9999999999999999,0.0,0.0,False,False,True,False,True,False,False,False
1,0.18388834476003918,0.5277777777777778,0.5037174721189591,0,0.5017857142857143,0.5019402391443689,0.0,0.999,False,False,False,True,False,False,True,False
1,0.4534769833496572,0.5722222222222222,0.35269516728624534,0,0.5125,0.5965432891473047,0.07,0.57,False,False,True,False,True,False,False,False
1,0.056317335945151814,0.5722222222222222,0.23698884758364308,0,0.5892857142857143,0.9999999999999999,0.0,0.0,False,False,False,True,False,False,True,False
0,0.5,0.5,0.5,0,0.14714285714285713,0.5915570815355268,0.0,0.0,False,True,False,False,False,False,True,False
0,0.6420176297747306,0.3277777777777778,0.35130111524163565,1,0.0855,0.30021739373245326,1.0,0.0,False,False,True,False,True,False,False,False
1,0.5394221351616063,0.8,0.4851301115241636,0,0.5053571428571428,0.9999999999999999,0.0,1.0,False,True,False,False,False,False,False,True
1,0.0734573947110676,0.75,0.0,1,0.34375,0.9999999999999999,0.0,0.0,False,True,False,False,False,False,False,True
1,0.5734573947110676,0.7,0.2736988847583643,1,0.5535714285714285,0.5881714536871282,0.0,0.99,False,True,False,False,False,False,False,True
1,0.37022526934378064,0.8888888888888888,0.23559479553903345,1,0.49107142857142855,0.9999999999999999,0.06,0.997,False,True,False,False,False,False,False,True
1,0.6420176297747306,0.2055555555555556,0.370817843866171,1,0.6071428571428571,0.9999999999999999,0.0,0.999,False,True,False,False,True,False,False,False
1,0.14226248775710088,0.6944444444444444,0.23745353159851296,0,0.6785714285714285,0.9999999999999999,0.0,0.0,False,True,False,False,False,False,False,True
0,0.5,0.5,0.5,0,0.18392857142857144,0.581162203395233,0.0,0.0,False,True,False,False,False,False,False,True
0,0.5345249755142018,0.47777777777777775,0.5009293680297398,0,0.22125,0.467865941501615,0.34,0.006,False,False,True,False,False,False,False,True
0,0.5,0.5,0.5,0,0.33,0.9999999999999999,0.0,0.73,True,False,False,False,False,False,True,False
1,0.24265426052889322,0.5444444444444444,0.23605947955390333,0,0.4303571428571429,0.9999999999999999,0.04,0.011,False,True,False,False,False,False,True,False
1,0.6420176297747306,0.3277777777777778,0.35130111524163565,1,0.6071428571428571,0.9999999999999999,0.0,1.0,False,False,True,False,True,False,False,False
1,0.24265426052889322,0.5444444444444444,0.23605947955390333,0,0.625,0.9999999999999999,0.0,0.0,False,True,False,False,True,False,False,False
0,0.6028403525954946,0.7555555555555555,0.4995353159851301,0,0.40178571428571425,0.9999999999999999,0.07,0.05,False,False,True,False,False,False,False,True
0,0.5,0.5388888888888889,0.5018587360594795,0,5.357142857142857e-05,0.9999999999999999,0.47,0.002,False,True,False,False,True,False,False,False
1,0.6177766895200784,0.6222222222222222,0.6342936802973977,1,0.32249999999999995,0.436233936898302,1.0,0.006,False,False,True,False,False,False,False,True
1,0.35308521057786485,0.711111111111111,0.4725836431226766,0,0.49821428571428567,0.5964626209179469,0.0,0.999,True,False,False,False,False,False,True,False
1,0.5345249755142018,0.4777777777777778,0.7012081784386617,1,0.41428571428571426,0.5430624448162259,0.29,0.95,False,True,False,False,False,False,True,False
0,0.5,0.5,0.5,0,0.3048214285714286,0.9999999999999999,0.0,0.0,False,False,True,False,False,True,False,False
0,0.5,0.5,0.5,0,0.05728571428571429,0.9999999999999999,0.0,0.0,False,False,False,True,False,True,False,False
0,0.5,0.5,0.5,0,0.029,0.186430510725922,0.0,0.0,True,False,False,False,False,False,True,False
0,0.43119490695396673,0.5555555555555556,0.262546468401487,1,0.48571428571428565,0.9999999999999999,0.0,0.254,False,False,True,False,True,False,False,False
1,0.14226248775710088,0.6944444444444444,0.23745353159851296,0,0.7678571428571428,0.9999999999999999,0.0,0.0,False,True,False,False,False,False,False,True
1,0.1398139079333986,0.6944444444444444,0.3503717472118959,1,0.17189285714285713,0.9999999999999999,0.62,0.013,False,False,True,False,False,False,False,True
1,0.14201762977473065,0.7166666666666667,0.04739776951672858,1,0.11348214285714286,0.9999999999999999,0.32,0.081,True,False,False,False,False,False,False,True
0,0.5,0.5,0.5,0,0.16121428571428573,0.9999999999999999,0.0,0.0,False,False,True,False,True,False,False,False
0,0.5,0.5,0.5,0,0.009642857142857142,0.07648626741144195,0.0,0.0,False,False,True,False,False,True,False,False
0,0.5,0.5,0.5,0,5.357142857142857e-05,0.9999999999999999,0.0,0.0,True,False,False,False,False,False,True,False
0,0.5,0.5,0.5,0,0.4303571428571429,0.9999999999999999,0.08,0.982,False,False,True,False,True,False,False,False
0,0.5,0.5,0.5,0,0.06405357142857143,0.5431435078121596,0.0,0.0,False,False,True,False,True,False,False,False
0,0.44588638589618024,0.48333333333333334,0.2760223048327137,1,0.4321428571428571,0.5946626104645281,0.02,0.176,False,True,False,False,False,False,True,False
0,0.4265426052889324,0.5222222222222223,0.5134758364312267,0,0.17726785714285712,0.21336496555102338,0.48,0.002,True,False,False,False,False,False,True,False
0,0.5,0.5,0.5,0,0.003196428571428571,0.9999999999999999,0.12,0.072,True,False,False,False,False,False,True,False
0,0.5,0.5,0.5,0,0.7321428571428571,0.9999999999999999,0.0,0.0,False,True,False,False,False,False,False,True
0,0.5,0.5,0.5,0,0.001875,0.08476123438532822,0.0,0.0,True,False,False,False,False,True,False,False
0,0.5,0.5,0.5,0,0.000125,0.07639810926247975,0.0,0.0,False,False,False,True,False,True,False,False
0,0.43119490695396673,0.5555555555555556,0.262546468401487,1,0.28785714285714287,0.5965704119795081,0.45,0.002,False,False,True,False,True,False,False,False
1,0.5734573947110676,0.3611111111111111,0.48141263940520446,0,0.44999999999999996,0.9999999999999999,0.0,1.0,False,False,True,False,True,False,False,False
0,0.5,0.5,0.5,0,0.4178571428571428,0.9999999999999999,0.0,0.0,False,True,False,False,False,False,False,True
1,0.3552889324191969,0.6611111111111111,0.2927509293680297,1,0.5714285714285714,0.9999999999999999,0.01,0.985,False,False,True,False,False,True,False,False
1,0.35308521057786485,0.711111111111111,0.4725836431226766,0,0.4732142857142857,0.3765721750983564,0.0,1.0,True,False,False,False,False,False,True,False
1,0.5,0.5,0.5,0,0.011,0.9999999999999999,0.0,0.0,True,False,False,False,False,False,True,False
1,0.14226248775710088,0.6944444444444444,0.23745353159851296,0,0.625,0.9999999999999999,0.0,0.0,False,True,False,False,False,False,False,True
0,0.29676787463271304,0.6888888888888889,0.46189591078066916,0,0.6428571428571428,0.9999999999999999,0.0,0.0,False,False,True,False,False,False,False,True
1,0.1398139079333986,0.6944444444444444,0.3503717472118959,1,0.4125,0.9999999999999999,0.18,0.623,False,False,True,False,False,False,False,True
1,0.1398139079333986,0.6944444444444444,0.3503717472118959,1,0.4375,0.9999999999999999,0.1,0.589,False,False,True,False,False,False,False,True
1,0.056317335945151814,0.5722222222222222,0.23698884758364308,0,0.6428571428571428,0.9999999999999999,0.0,0.0,False,True,False,False,False,False,True,False
1,0.0734573947110676,0.75,0.0,1,0.2760714285714286,0.9999999999999999,0.0,0.0,False,True,False,False,False,False,False,True
0,0.5,0.5,0.5,0,0.18517857142857141,0.9999999999999999,0.26,0.39,False,False,True,False,True,False,False,False
1,0.4363369245837414,0.39444444444444443,0.5896840148698885,1,0.5089285714285714,0.9999999999999999,0.0,0.997,False,False,False,True,False,True,False,False
1,0.6177766895200784,0.4222222222222222,0.4776951672862454,0,0.41428571428571426,0.9999999999999999,0.02,0.096,False,False,True,False,False,False,False,True
0,0.5,0.5,0.5,0,0.26035714285714284,0.9999999999999999,0.03,0.027,False,False,True,False,True,False,False,False
1,0.49779627815866795,0.4777777777777778,0.8029739776951673,1,0.5535714285714285,0.9999999999999999,0.0,0.999,False,False,True,False,True,False,False,False
0,0.4338883447600392,0.65,0.512546468401487,0,0.4464285714285714,0.5493338996958033,0.01,0.987,True,False,False,False,False,False,True,False
1,0.14226248775710088,0.6944444444444444,0.23745353159851296,0,0.6428571428571428,0.9999999999999999,0.0,0.0,False,True,False,False,False,False,False,True
0,0.5,0.5,0.5,0,0.13294642857142858,0.9999999999999999,0.04,0.085,False,False,True,False,True,False,False,False
0,0.5,0.5,0.5,0,0.02782142857142857,0.5146321953923398,0.0,0.0,True,False,False,False,False,False,True,False
1,0.7426542605288933,0.27222222222222225,0.7225836431226766,1,0.0,0.9999999999999999,0.0,0.0,False,False,True,False,False,True,False,False
1,0.1398139079333986,0.6944444444444444,0.3503717472118959,1,0.0,0.9999999999999999,0.0,0.0,False,False,True,False,False,False,False,True
0,0.5,0.5,0.5,0,0.46964285714285714,0.9999999999999999,0.0,0.944,True,False,False,False,False,False,True,False
1,0.14226248775710088,0.6944444444444444,0.23745353159851296,0,0.4321428571428571,0.9999999999999999,0.11,0.507,False,True,False,False,False,False,False,True
0,0.5,0.5,0.5,0,0.24964285714285714,0.9999999999999999,0.0,0.0,False,False,True,False,False,False,False,True
1,0.056317335945151814,0.5722222222222222,0.23698884758364308,0,0.6785714285714285,0.9999999999999999,0.0,0.0,False,False,False,True,False,False,True,False
1,0.056317335945151814,0.5722222222222222,0.23698884758364308,0,8.928571428571429e-05,0.9999999999999999,0.0,0.0,False,True,False,False,True,False,False,False
1,0.3871204701273261,0.3388888888888889,0.54182156133829,0,0.47857142857142854,0.5966261712007127,0.0,0.966,False,False,False,True,False,False,True,False
1,0.43609206660137123,0.2055555555555556,0.48420074349442377,0,0.4678571428571428,0.9999999999999999,0.0,0.973,False,False,False,True,False,False,True,False
0,0.5,0.5,0.5,0,0.05482142857142856,0.9999999999999999,0.06,0.228,False,False,False,True,False,True,False,False
0,0.5,0.5,0.5,0,0.21839285714285714,0.5966179745033179,0.0,0.0,False,True,False,False,False,False,False,True
1,0.5,0.5,0.5,0,0.25821428571428573,0.5965377931180018,0.0,0.0,False,False,True,False,True,False,False,False
0,0.5,0.5,0.5,0,0.10857142857142857,0.39811640109346513,0.0,0.0,False,False,False,True,False,True,False,False
1,0.6447110675808031,0.3388888888888889,0.7072490706319703,1,0.0,0.9999999999999999,0.0,0.0,False,True,False,False,False,False,True,False
0,0.4657198824681685,0.37777777777777777,0.4986059479553903,0,0.42142857142857143,0.9999999999999999,0.12,0.643,False,True,False,False,False,False,True,False
1,0.24265426052889322,0.5444444444444444,0.23605947955390333,0,0.41607142857142854,0.9999999999999999,0.03,0.495,False,True,False,False,True,False,False,False
1,0.6762977473065622,0.3277777777777778,0.3722118959107807,1,0.4660714285714286,0.9999999999999999,0.0,0.967,False,False,True,False,True,False,False,False
1,0.4363369245837414,0.39444444444444443,0.5896840148698885,1,0.4589285714285714,0.9999999999999999,0.02,0.989,False,False,False,True,False,True,False,False
0,0.5,0.5,0.5,0,0.43392857142857144,0.9999999999999999,0.0,0.974,False,False,True,False,True,False,False,False
0,0.7426542605288933,0.27222222222222225,0.7225836431226766,1,0.23874999999999996,0.4294462454107446,1.0,0.198,False,False,True,False,False,True,False,False
0,0.43119490695396673,0.5555555555555556,0.262546468401487,1,0.48571428571428565,0.5966292300235898,0.0,0.999,False,False,True,False,True,False,False,False
0,0.5,0.5,0.5,0,0.19232142857142856,0.9999999999999999,0.01,0.072,False,False,False,True,False,True,False,False
1,0.5,0.5,0.5,0,0.41607142857142854,0.9999999999999999,0.09,0.044,False,False,True,False,True,False,False,False
1,0.35798237022526935,0.6722222222222223,0.6486988847583643,1,0.5196428571428572,0.9999999999999999,0.0,0.948,True,False,False,False,False,False,True,False
0,0.5,0.5,0.5,0,0.005464285714285714,0.9999999999999999,0.0,0.0,True,False,False,False,False,False,True,False
0,0.5394221351616063,0.8,0.4851301115241636,0,0.024428571428571428,0.5448431554011631,0.37,0.0,False,True,False,False,False,False,False,True
0,0.5,0.5,0.5,0,0.4607142857142857,0.9999999999999999,0.01,0.999,False,False,False,True,False,True,False,False
0,0.5,0.5,0.5,0,0.4178571428571428,0.9999999999999999,0.03,0.714,False,False,True,False,True,False,False,False
1,0.0,0.55,0.22630111524163565,0,0.6607142857142857,0.9999999999999999,0.0,0.0,False,False,True,False,True,False,False,False
0,0.5,0.5,0.5,0,0.10014285714285713,0.9999999999999999,0.0,0.0,False,False,True,False,True,False,False,False
1,0.5,0.5,0.5,0,0.4107142857142857,0.4263391693922792,0.16,0.216,False,False,True,False,True,False,False,False
0,0.5342801175318316,0.5055555555555555,0.4962825278810409,0,0.49107142857142855,0.9999999999999999,0.01,0.985,False,False,False,True,True,False,False,False
1,0.5296278158667973,0.7888888888888889,0.5195167286245354,0,0.34214285714285714,0.9999999999999999,0.18,0.078,False,True,False,False,False,False,False,True
1,0.6052889324191969,0.03888888888888886,0.7221189591078067,1,0.4535714285714285,0.9999999999999999,0.0,0.67,False,False,False,True,False,False,True,False
0,0.568560235063663,0.6333333333333333,0.49814126394052044,0,0.25,0.9999999999999999,0.21,0.228,False,True,False,False,False,False,False,True
0,0.5465230166503428,0.4277777777777778,0.6473048327137547,0,0.0006607142857142856,0.9999999999999999,0.24,0.029,True,False,False,False,False,False,True,False
0,0.5,0.5,0.5,0,0.19160714285714286,0.9999999999999999,0.0,0.0,False,False,True,False,True,False,False,False
1,0.6077375122428992,0.2055555555555556,0.349907063197026,1,0.4678571428571428,0.9999999999999999,0.01,0.922,False,True,False,False,True,False,False,False
0,0.5,0.5,0.5,0,0.007767857142857142,0.9999999999999999,0.0,0.0,True,False,False,False,False,True,False,False
0,0.5,0.5,0.5,0,0.0010714285714285713,0.9999999999999999,0.0,0.0,True,False,False,False,False,False,True,False
0,0.5,0.5,0.5,0,0.08814285714285713,0.9999999999999999,0.0,0.0,False,False,False,True,False,False,True,False
1,0.6077375122428991,0.5166666666666666,0.5190520446096655,0,0.0,0.9999999999999999,0.0,0.0,False,False,True,False,False,False,False,True
1,0.4363369245837414,0.39444444444444443,0.5896840148698885,1,0.5178571428571428,0.9999999999999999,0.0,1.0,False,False,False,True,False,True,False,False
0,0.5541136141038198,0.5166666666666666,0.7239776951672863,1,0.42321428571428565,0.5869843907903778,0.0,0.0,False,False,True,False,False,True,False,False
0,0.5,0.5,0.5,0,0.18803571428571425,0.9999999999999999,0.0,0.0,False,True,False,False,False,False,True,False
0,0.5,0.5,0.5,0,0.28857142857142853,0.9999999999999999,0.0,0.0,False,False,True,False,False,True,False,False
1,0.5734573947110676,0.4777777777777778,0.4865241635687732,0,0.5196428571428572,0.9999999999999999,0.01,1.0,False,False,True,False,True,False,False,False
1,0.7426542605288933,0.27222222222222225,0.7225836431226766,1,0.5321428571428571,0.9999999999999999,0.01,0.995,False,False,True,False,False,True,False,False
0,0.49779627815866795,0.4777777777777778,0.8029739776951673,1,0.47678571428571426,0.9999999999999999,0.01,0.984,False,False,True,False,True,False,False,False
1,0.17874632713026445,0.2888888888888889,0.22211895910780666,0,0.625,0.9999999999999999,0.0,0.0,False,False,False,True,True,False,False,False
0,0.568560235063663,0.4666666666666667,0.5473977695167286,0,0.40178571428571425,0.27873412332259045,0.2,0.242,True,False,False,False,False,False,True,False
0,0.4265426052889324,0.6388888888888888,0.5185873605947956,0,0.29178571428571426,0.9999999999999999,0.15,0.524,True,False,False,False,False,False,True,False
0,0.539177277179236,0.35555555555555557,0.4851301115241636,0,0.064875,0.5029130923768212,1.0,0.0,False,False,True,False,False,False,False,True
0,0.4363369245837414,0.6888888888888889,0.48605947955390333,0,0.2735714285714286,0.9999999999999999,0.36,0.039,False,True,False,False,False,False,True,False
1,0.20323212536728696,0.3611111111111111,0.2644052044609665,0,0.05614285714285714,0.9999999999999999,0.0,0.0,False,False,False,True,True,False,False,False
1,0.49779627815866795,0.4777777777777778,0.8029739776951673,1,0.6071428571428571,0.5579368828499982,0.0,1.0,False,False,True,False,True,False,False,False
1,0.0,0.55,0.22630111524163565,0,0.38749999999999996,0.9999999999999999,0.09,0.331,False,False,True,False,True,False,False,False
0,0.7426542605288933,0.27222222222222225,0.7225836431226766,1,0.19089285714285711,0.34213102211907975,0.19,0.203,False,False,True,False,True,False,False,False
0,0.37022526934378064,0.8888888888888888,0.23559479553903345,1,0.4321428571428571,0.5026182493469465,0.05,0.0,False,True,False,False,False,False,False,True
1,0.5734573947110676,0.7,0.2736988847583643,1,0.5535714285714285,0.5431634887813412,0.0,0.979,False,True,False,False,False,False,False,True
0,0.5,0.5,0.5,0,0.1449642857142857,0.9999999999999999,0.0,0.0,False,False,False,True,False,False,True,False
0,0.46547502448579825,0.48333333333333334,0.4972118959107807,0,0.22410714285714287,0.37912833101490995,0.1,0.16,True,False,False,False,False,False,True,False
1,0.14226248775710088,0.6944444444444444,0.23745353159851296,0,0.6607142857142857,0.9999999999999999,0.0,0.0,False,True,False,False,False,False,False,True
0,0.4338883447600392,0.65,0.512546468401487,0,0.21964285714285714,0.22536501959277794,0.24,0.715,True,False,False,False,False,False,True,False
1,0.4262977473065622,0.3555555555555556,0.4934944237918215,0,0.0,0.9999999999999999,0.0,0.0,False,False,False,True,False,True,False,False
1,0.49779627815866795,0.4777777777777778,0.8029739776951673,1,0.4732142857142857,0.9999999999999999,0.05,0.896,False,False,True,False,True,False,False,False
0,0.5734573947110676,0.4777777777777778,0.4865241635687732,0,0.5714285714285714,0.5966315548575625,0.02,0.947,False,False,True,False,True,False,False,False
0,0.5,0.5,0.5,0,0.18357142857142855,0.49527405557422377,0.0,0.0,False,False,True,False,True,False,False,False
0,0.5,0.5,0.5,0,0.09876785714285713,0.9999999999999999,0.0,0.0,True,False,False,False,False,False,True,False
1,0.5612144955925563,0.14444444444444443,0.733271375464684,1,0.24660714285714286,0.5961868470108611,0.0,0.222,False,False,False,True,False,False,True,False
0,0.5,0.5,0.5,0,0.147,0.027070954949778146,0.0,0.0,False,True,False,False,False,False,False,True
0,0.5,0.5,0.5,0,0.024,0.9999999999999999,0.17,0.032,True,False,False,False,False,False,True,False
0,0.5,0.5,0.5,0,0.2526785714285714,0.9999999999999999,0.0,0.0,False,False,True,False,True,False,False,False
0,0.5737022526934378,0.6444444444444444,0.5065055762081785,0,0.3123214285714285,0.9999999999999999,0.1,0.922,False,True,False,False,False,False,False,True
0,0.5,0.5,0.5,0,7.142857142857142e-05,0.9999999999999999,0.51,0.017,False,False,False,True,False,True,False,False
1,0.4262977473065622,0.3555555555555556,0.4934944237918215,0,0.43392857142857144,0.9999999999999999,0.01,0.992,False,False,False,True,False,True,False,False
1,0.20323212536728696,0.3611111111111111,0.2644052044609665,0,0.5160714285714285,0.9999999999999999,0.0,0.0,False,False,False,True,True,False,False,False
1,0.3528403525954946,0.30000000000000004,0.5092936802973977,0,0.5714285714285714,0.9999999999999999,0.0,1.0,False,False,False,True,False,True,False,False
0,0.6297747306562194,0.11111111111111116,0.7644052044609666,1,0.0135,0.9999999999999999,0.37,0.0,False,False,False,True,False,True,False,False
0,0.5,0.5,0.5,0,0.13416071428571427,0.5290926877043531,0.0,0.0,False,True,False,False,False,False,False,True
1,0.3552889324191969,0.6611111111111111,0.2927509293680297,1,0.48392857142857143,0.5290868844431525,0.0,0.587,False,False,True,False,False,True,False,False
0,0.5,0.5,0.5,0,0.13508928571428572,0.596587035238283,0.0,0.0,False,True,False,False,False,False,False,True
0,0.5,0.5,0.5,0,0.1653035714285714,0.9999999999999999,0.0,0.0,False,True,False,False,False,False,False,True
0,0.5,0.5,0.5,0,0.32071428571428573,0.3957849075674552,0.0,0.0,False,False,True,False,False,False,False,True
1,0.5636630754162586,0.3111111111111111,0.5139405204460966,0,0.49821428571428567,0.5013074287927194,0.0,0.877,False,False,True,False,False,True,False,False
1,0.17874632713026445,0.2888888888888889,0.22211895910780666,0,0.75,0.9999999999999999,0.0,0.0,False,False,False,True,True,False,False,False
0,0.5,0.5,0.5,0,0.002946428571428571,0.4940331390035835,0.0,0.0,False,False,True,False,True,False,False,False
1,0.20323212536728696,0.3611111111111111,0.2644052044609665,0,0.5535714285714285,0.9999999999999999,0.0,0.0,False,False,False,True,True,False,False,False
1,0.502203721841332,0.5222222222222223,0.19702602230483268,1,0.48571428571428565,0.9999999999999999,0.0,1.0,True,False,False,False,False,False,True,False
1,0.1398139079333986,0.6944444444444444,0.3503717472118959,1,0.2832142857142857,0.9999999999999999,0.01,0.023,False,False,True,False,False,False,False,True
0,0.5,0.5,0.5,0,0.139625,0.0022129759982426438,0.0,0.0,False,True,False,False,False,False,True,False
0,0.5,0.5,0.5,0,0.2719642857142857,0.9999999999999999,0.17,0.036,False,True,False,False,False,False,False,True
1,0.5734573947110676,0.4777777777777778,0.4865241635687732,0,0.5232142857142857,0.9999999999999999,0.01,1.0,False,False,True,False,True,False,False,False
1,0.5244857982370226,0.45555555555555555,0.5288104089219331,0,0.19875,0.9999999999999999,0.89,0.002,False,False,False,True,False,True,False,False
1,0.3947110675808031,0.9611111111111111,0.27788104089219334,1,0.425,0.501876289707893,0.05,0.007,False,False,True,False,False,False,False,True
1,0.7426542605288933,0.27222222222222225,0.7225836431226766,1,0.7142857142857142,0.9999999999999999,0.0,0.0,False,False,True,False,True,False,False,False
0,0.5,0.5,0.5,0,0.625,0.9999999999999999,0.0,0.0,False,True,False,False,False,False,False,True
1,0.17874632713026445,0.2888888888888889,0.22211895910780666,0,0.625,0.9999999999999999,0.0,0.0,False,False,False,True,False,False,True,False
0,0.5,0.5,0.5,0,0.0,0.9999999999999999,0.0,0.0,False,False,False,True,False,True,False,False
0,0.5,0.5,0.5,0,0.425,0.9999999999999999,0.01,0.236,False,True,False,False,False,False,False,True
1,0.6297747306562194,0.11111111111111116,0.7644052044609666,1,0.5125,0.9999999999999999,0.0,0.999,False,False,False,True,False,True,False,False
1,0.37022526934378064,0.8888888888888888,0.23559479553903345,1,0.6071428571428571,0.9999999999999999,0.0,0.996,False,True,False,False,False,False,False,True
0,0.4262977473065622,0.3555555555555556,0.4934944237918215,0,0.41428571428571426,0.518215328156262,0.0,0.003,False,False,False,True,False,True,False,False
0,0.5,0.5,0.5,0,0.10269642857142858,0.9999999999999999,0.0,0.0,False,True,False,False,False,False,False,True
1,0.3161116552399608,0.5222222222222223,0.2225836431226766,0,0.46249999999999997,0.9999999999999999,0.0,0.996,False,False,True,False,False,False,False,True
0,0.5,0.5,0.5,0,0.00042857142857142855,0.5430648869535185,0.16,0.098,False,True,False,False,False,False,False,True
1,0.5,0.5,0.5,0,0.20625,0.9999999999999999,0.0,0.0,False,False,True,False,True,False,False,False
1,0.24265426052889322,0.5444444444444444,0.23605947955390333,0,0.28857142857142853,0.9999999999999999,0.03,0.259,False,True,False,False,True,False,False,False
1,0.1398139079333986,0.6944444444444444,0.3503717472118959,1,0.3642857142857142,0.9999999999999999,0.02,0.835,False,False,True,False,False,False,False,True
1,0.24265426052889322,0.5444444444444444,0.23605947955390333,0,0.0,0.9999999999999999,0.0,0.0,False,True,False,False,True,False,False,False
1,0.4240940254652302,0.6055555555555555,0.5302044609665427,0,0.4517857142857143,0.9999999999999999,0.0,0.727,True,False,False,False,False,True,False,False
1,0.5394221351616063,0.8,0.4851301115241636,0,0.4535714285714285,0.9999999999999999,0.58,1.0,False,True,False,False,False,False,False,True
0,0.5,0.5,0.5,0,0.36071428571428565,0.9999999999999999,0.0,0.843,False,False,True,False,True,False,False,False
1,0.3161116552399608,0.5222222222222223,0.2225836431226766,0,0.06883928571428571,0.9999999999999999,0.17,0.048,False,False,True,False,False,False,False,True
0,0.5,0.5,0.5,0,0.4196428571428571,0.9999999999999999,0.0,0.967,False,False,False,True,False,True,False,False
0,0.5,0.5,0.5,0,0.15130357142857143,0.9999999999999999,0.0,0.0,False,False,False,True,False,True,False,False
0,0.7426542605288933,0.27222222222222225,0.7225836431226766,1,0.3351785714285714,0.48212790076708945,0.13,0.056,False,False,True,False,True,False,False,False
0,0.5,0.5,0.5,0,0.1373035714285714,0.2298861725409138,0.0,0.0,False,True,False,False,False,False,False,True
0,0.5,0.5,0.5,0,0.3480357142857142,0.5468003800163954,0.0,0.0,False,True,False,False,False,False,False,True
0,0.5,0.5,0.5,0,0.07475,0.4616879921206763,0.0,0.0,True,False,False,False,False,True,False,False
1,0.502203721841332,0.5222222222222223,0.19702602230483268,1,0.44107142857142856,0.9999999999999999,0.01,0.996,True,False,False,False,False,False,True,False
1,0.460822722820764,0.9277777777777778,0.6482342007434945,1,0.5303571428571429,0.9999999999999999,0.01,0.846,True,False,False,False,False,False,False,True
1,0.24265426052889322,0.5444444444444444,0.23605947955390333,0,0.42321428571428565,0.9999999999999999,0.51,0.928,False,True,False,False,False,False,True,False
0,0.5,0.5,0.5,0,0.29857142857142854,0.9999999999999999,0.0,0.0,False,False,True,False,True,False,False,False
0,0.5,0.5,0.5,0,0.049553571428571426,0.9999999999999999,0.18,0.145,False,True,False,False,False,False,False,True
1,0.0,0.55,0.22630111524163565,0,0.6428571428571428,0.9999999999999999,0.0,0.0,False,False,True,False,True,False,False,False
0,0.5,0.5,0.5,0,0.13001785714285713,0.9999999999999999,0.0,0.0,False,False,True,False,True,False,False,False
0,0.5,0.5,0.5,0,0.31589285714285714,0.9999999999999999,0.03,0.922,False,False,False,True,True,False,False,False
1,0.24265426052889322,0.5444444444444444,0.23605947955390333,0,0.6428571428571428,0.9999999999999999,0.0,0.0,False,True,False,False,True,False,False,False
0,0.35308521057786485,0.711111111111111,0.4725836431226766,0,0.2014285714285714,0.9999999999999999,0.04,0.228,True,False,False,False,False,False,True,False
0,0.5,0.5,0.5,0,0.2282142857142857,0.5628288307630942,0.0,0.0,False,False,True,False,True,False,False,False
0,0.5,0.5,0.5,0,0.15480357142857143,0.592463764241015,0.05,0.258,False,False,True,False,True,False,False,False
1,0.6420176297747306,0.3277777777777778,0.35130111524163565,1,0.5089285714285714,0.5965905806383441,0.0,1.0,False,False,True,False,True,False,False,False
1,0.17874632713026445,0.2888888888888889,0.22211895910780666,0,0.4303571428571429,0.9999999999999999,0.14,0.962,False,False,False,True,False,False,True,False
0,0.6028403525954946,0.7555555555555555,0.4995353159851301,0,1.7857142857142855e-05,0.9999999999999999,0.71,0.002,False,False,True,False,False,False,False,True
1,0.568560235063663,0.6333333333333333,0.49814126394052044,0,0.6071428571428571,0.9999999999999999,0.0,0.798,False,True,False,False,False,False,False,True
1,0.4338883447600392,0.65,0.512546468401487,0,0.4178571428571428,0.36343726948595584,0.0,1.0,True,False,False,False,False,False,True,False
0,0.5,0.5,0.5,0,0.09946428571428571,0.9999999999999999,0.0,0.0,False,True,False,False,False,False,False,True
0,0.43119490695396673,0.5555555555555556,0.262546468401487,1,0.4803571428571428,0.9999999999999999,0.0,1.0,False,False,True,False,True,False,False,False
1,0.568560235063663,0.6333333333333333,0.49814126394052044,0,0.6071428571428571,0.9999999999999999,0.0,0.999,False,True,False,False,False,False,False,True
1,0.5737022526934378,0.6444444444444444,0.5065055762081785,0,0.6071428571428571,0.9999999999999999,0.01,0.999,False,True,False,False,False,False,False,True
0,0.5,0.5,0.5,0,0.5107142857142857,0.9999999999999999,0.0,0.949,False,False,True,False,True,False,False,False
1,0.24265426052889322,0.5444444444444444,0.23605947955390333,0,0.4178571428571428,0.9999999999999999,0.01,0.931,False,True,False,False,False,False,True,False
1,0.37022526934378064,0.8888888888888888,0.23559479553903345,1,0.6071428571428571,0.542961610207569,0.01,0.956,False,True,False,False,False,False,False,True
1,0.5541136141038198,0.5166666666666666,0.7239776951672863,1,0.5714285714285714,0.9999999999999999,0.0,1.0,False,False,True,False,False,True,False,False
1,0.49779627815866795,0.4777777777777778,0.8029739776951673,1,0.4732142857142857,0.9999999999999999,0.0,0.999,False,False,True,False,True,False,False,False
0,0.6691968658178257,0.29444444444444445,0.7360594795539034,1,0.06274999999999999,0.9999999999999999,0.0,0.0,False,True,False,False,True,False,False,False
0,0.5,0.5,0.5,0,0.1675892857142857,0.9999999999999999,0.0,0.0,False,True,False,False,False,False,True,False
1,0.5394221351616063,0.8,0.4851301115241636,0,0.4928571428571429,0.9999999999999999,0.0,1.0,False,True,False,False,False,False,False,True
1,0.1398139079333986,0.6944444444444444,0.3503717472118959,1,0.6428571428571428,0.9999999999999999,0.0,0.0,False,False,True,False,False,False,False,True
0,0.5,0.5,0.5,0,0.21839285714285714,0.5966179745033179,0.0,0.0,False,True,False,False,False,False,True,False
1,0.5394221351616063,0.8,0.4851301115241636,0,0.5892857142857143,0.9999999999999999,0.0,0.999,False,True,False,False,False,False,False,True
0,0.4975514201762977,0.5,0.6226765799256506,1,0.3366071428571429,0.9999999999999999,0.1,0.089,False,False,True,False,True,False,False,False
1,0.3971596474045054,0.2444444444444444,0.5004646840148699,0,0.5017857142857143,0.5627574640778326,0.0,0.995,False,False,False,True,False,False,True,False
0,0.5,0.5,0.5,0,3.571428571428571e-05,0.9999999999999999,0.0,0.0,True,False,False,False,False,False,True,False
1,0.5636630754162586,0.3111111111111111,0.5139405204460966,0,0.49642857142857144,0.9999999999999999,0.0,0.857,False,False,True,False,False,True,False,False
1,0.0734573947110676,0.75,0.0,1,0.0,0.9999999999999999,0.0,0.0,False,True,False,False,False,False,False,True
0,0.5,0.5,0.5,0,0.15914285714285714,0.9999999999999999,0.0,0.0,False,True,False,False,False,False,False,True
0,0.35308521057786485,0.711111111111111,0.4725836431226766,0,0.45714285714285713,0.38089794639803815,0.0,1.0,True,False,False,False,False,False,True,False
1,0.7426542605288933,0.27222222222222225,0.7225836431226766,1,0.6071428571428571,0.5628737556776171,0.0,0.999,False,False,True,False,False,True,False,False
0,0.5394221351616063,0.8,0.4851301115241636,0,0.4053571428571428,0.9999999999999999,0.48,0.529,False,True,False,False,False,False,False,True
1,0.14226248775710088,0.6944444444444444,0.23745353159851296,0,0.0008928571428571428,0.9999999999999999,0.48,0.138,False,True,False,False,False,False,False,True
1,0.6447110675808031,0.3388888888888889,0.7072490706319703,1,0.5035714285714286,0.9999999999999999,0.0,1.0,False,True,False,False,False,False,True,False
1,0.1398139079333986,0.6944444444444444,0.3503717472118959,1,0.4107142857142857,0.9999999999999999,0.01,0.234,False,False,True,False,False,False,False,True
1,0.46547502448579825,0.5222222222222223,0.29879182156133827,1,0.30785714285714283,0.9999999999999999,0.0,0.0,False,False,True,False,False,True,False,False
1,0.4262977473065622,0.3555555555555556,0.4934944237918215,0,0.43392857142857144,0.9999999999999999,0.0,0.942,False,False,False,True,False,True,False,False
1,0.14201762977473065,0.7166666666666667,0.04739776951672858,1,8.928571428571429e-05,0.9999999999999999,0.51,0.001,True,False,False,False,False,False,False,True
1,0.6028403525954946,0.7555555555555555,0.4995353159851301,0,0.49642857142857144,0.5961822397450973,0.0,1.0,False,False,True,False,False,False,False,True
0,0.46547502448579825,0.48333333333333334,0.4972118959107807,0,3.571428571428571e-05,0.06119826587612532,0.67,0.016,True,False,False,False,False,False,True,False
0,0.5,0.5,0.5,0,1.7857142857142855e-05,0.9999999999999999,0.0,0.0,True,False,False,False,False,True,False,False
1,0.46547502448579825,0.5222222222222223,0.4990706319702602,0,0.20035714285714284,0.9999999999999999,0.0,0.075,False,True,False,False,False,False,True,False
0,0.4265426052889324,0.6388888888888888,0.5185873605947956,0,0.11110714285714286,0.5959975811807583,0.03,0.002,True,False,False,False,False,False,True,False
0,0.5,0.5,0.5,0,0.131,0.9999999999999999,0.0,0.0,False,True,False,False,False,False,True,False
1,0.4167482859941234,0.5944444444444444,0.525092936802974,0,0.5071428571428571,0.9999999999999999,0.04,1.0,False,False,False,True,True,False,False,False
0,0.5,0.5,0.5,0,0.6071428571428571,0.9999999999999999,0.0,0.0,False,False,False,True,False,True,False,False
0,0.49779627815866795,0.4777777777777778,0.8029739776951673,1,0.46964285714285714,0.3648430875794462,0.0,0.0,False,False,True,False,True,False,False,False
0,0.5639079333986288,0.7555555555555555,0.5139405204460967,0,0.625,0.9999999999999999,0.0,0.0,False,True,False,False,False,False,False,True
0,0.5,0.5,0.5,0,7.142857142857142e-05,0.9999999999999999,0.0,0.0,True,False,False,False,False,True,False,False
0,0.35798237022526935,0.6722222222222223,0.6486988847583643,1,0.4303571428571429,0.9999999999999999,0.0,0.028,True,False,False,False,False,False,True,False
1,0.703232125367287,0.3111111111111111,0.5381040892193308,0,0.46428571428571425,0.9999999999999999,0.0,0.977,False,True,False,False,False,False,True,False
1,0.0,0.55,0.22630111524163565,0,0.5892857142857143,0.9999999999999999,0.0,0.928,False,False,True,False,True,False,False,False
0,0.5,0.5,0.5,0,0.20375,0.37086636651428045,0.0,0.0,False,True,False,False,True,False,False,False
0,0.5832517140058766,0.4444444444444444,0.4767657992565056,0,0.2932142857142857,0.45312333679365646,0.1,0.042,False,False,True,False,False,True,False,False
1,0.1398139079333986,0.6944444444444444,0.3503717472118959,1,0.5160714285714285,0.9999999999999999,0.0,1.0,False,False,True,False,False,False,False,True
1,0.49779627815866795,0.4777777777777778,0.8029739776951673,1,0.2601785714285714,0.9999999999999999,0.15,0.297,False,False,True,False,True,False,False,False
0,0.5,0.5,0.5,0,0.003946428571428571,0.010998289985327857,0.0,0.0,False,False,True,False,True,False,False,False
1,0.5394221351616063,0.8,0.4851301115241636,0,0.44999999999999996,0.9999999999999999,0.0,1.0,False,True,False,False,False,False,False,True
0,0.5,0.5,0.5,0,0.0069642857142857145,0.9999999999999999,0.0,0.0,False,False,False,True,True,False,False,False
1,0.14226248775710088,0.6944444444444444,0.23745353159851296,0,0.6607142857142857,0.32257292567667534,0.0,0.0,False,True,False,False,False,False,False,True
1,0.5734573947110676,0.3611111111111111,0.48141263940520446,0,0.5714285714285714,0.5431679754327706,0.0,1.0,False,False,True,False,True,False,False,False
0,0.5,0.5,0.5,0,0.14080357142857142,0.5094087481040368,0.0,0.0,False,True,False,False,False,False,False,True
1,0.46057786483839375,0.2,0.5148698884758364,0,0.2126785714285714,0.9999999999999999,0.0,0.0,False,False,False,True,False,True,False,False
1,0.0,0.55,0.22630111524163565,0,0.0,0.9999999999999999,0.0,0.0,False,False,True,False,True,False,False,False
1,0.35308521057786485,0.711111111111111,0.4725836431226766,0,0.4178571428571428,0.9999999999999999,0.02,0.382,True,False,False,False,False,False,True,False
0,0.5,0.5,0.5,0,0.24,0.9999999999999999,0.0,0.0,False,False,False,True,False,True,False,False
1,0.568560235063663,0.6333333333333333,0.49814126394052044,0,0.5303571428571429,0.9999999999999999,0.01,0.987,False,True,False,False,False,False,False,True
0,0.5,0.5,0.5,0,0.14214285714285713,0.9999999999999999,0.0,0.0,False,True,False,False,False,False,False,True
1,0.20323212536728696,0.3611111111111111,0.2644052044609665,0,0.0006428571428571428,0.9999999999999999,0.0,0.0,False,False,False,True,True,False,False,False
0,0.5,0.5,0.5,0,0.2019642857142857,0.5966258041548866,0.0,0.0,False,True,False,False,False,False,False,True
1,0.47037218413320275,0.21111111111111114,0.4804832713754647,0,0.5125,0.9999999999999999,0.0,0.995,False,False,False,True,False,True,False,False
0,0.6420176297747306,0.3277777777777778,0.35130111524163565,1,0.43392857142857144,0.45312570937082064,0.09,0.996,False,False,True,False,True,False,False,False
1,0.5832517140058766,0.4444444444444444,0.4767657992565056,0,0.49642857142857144,0.9999999999999999,0.0,1.0,False,True,False,False,False,False,False,True
1,0.14201762977473065,0.7166666666666667,0.04739776951672858,1,0.75,0.9999999999999999,0.0,0.0,True,False,False,False,False,False,False,True
1,0.5342801175318316,0.5,0.520910780669145,0,0.40714285714285714,0.9999999999999999,0.03,0.018,False,True,False,False,False,False,True,False
1,0.49779627815866795,0.4777777777777778,0.8029739776951673,1,0.625,0.5964525010669454,0.0,0.0,False,False,True,False,True,False,False,False
1,0.1398139079333986,0.6944444444444444,0.3503717472118959,1,0.0,0.9999999999999999,0.0,0.0,False,False,True,False,False,False,False,True
0,0.4534769833496572,0.5722222222222222,0.35269516728624534,0,0.5017857142857143,0.49537417162077046,0.0,0.999,False,False,True,False,True,False,False,False
0,0.5,0.5,0.5,0,0.5303571428571429,0.9999999999999999,0.0,0.999,False,True,False,False,False,False,False,True
1,0.6420176297747306,0.2055555555555556,0.370817843866171,1,0.5892857142857143,0.5429327806613272,0.0,0.999,False,True,False,False,True,False,False,False
1,0.5737022526934378,0.6444444444444444,0.5065055762081785,0,0.5089285714285714,0.9999999999999999,0.0,0.633,False,True,False,False,False,False,False,True
1,0.49779627815866795,0.4777777777777778,0.8029739776951673,1,0.5089285714285714,0.9999999999999999,0.0,1.0,False,False,True,False,True,False,False,False
0,0.4755142017629775,0.5444444444444444,0.4711895910780669,0,1.7857142857142855e-05,0.41242805765225615,0.76,0.068,False,True,False,False,False,False,False,True
1,0.0,0.55,0.22630111524163565,0,0.4928571428571429,0.9999999999999999,0.0,0.999,False,False,True,False,True,False,False,False
0,0.4975514201762977,0.5,0.6226765799256506,1,0.48571428571428565,0.9999999999999999,0.03,0.988,False,False,True,False,True,False,False,False
0,0.5,0.5,0.5,0,0.3183928571428571,0.4954348603303569,0.0,0.0,False,False,True,False,True,False,False,False
0,0.5,0.5,0.5,0,0.0009107142857142856,0.9999999999999999,0.0,0.0,False,False,False,True,False,True,False,False
0,0.5,0.5,0.5,0,0.01817857142857143,0.9999999999999999,0.0,0.0,True,False,False,False,False,True,False,False
1,0.5,0.5,0.5,0,0.285,0.9999999999999999,0.0,0.0,False,True,False,False,False,False,False,True
0,0.5,0.5,0.5,0,0.31357142857142856,0.5965452434406415,0.31,0.106,False,False,True,False,True,False,False,False
0,0.5,0.5,0.5,0,0.24910714285714283,0.9999999999999999,0.0,0.0,False,False,True,False,False,False,False,True
1,0.1398139079333986,0.6944444444444444,0.3503717472118959,1,0.8035714285714285,0.9999999999999999,0.0,0.0,False,False,True,False,False,False,False,True
1,0.0734573947110676,0.75,0.0,1,0.2082142857142857,0.9999999999999999,0.0,0.0,True,False,False,False,False,False,False,True
1,0.1398139079333986,0.6944444444444444,0.3503717472118959,1,0.4053571428571428,0.9999999999999999,0.03,0.444,False,False,True,False,False,False,False,True
1,0.14226248775710088,0.6944444444444444,0.23745353159851296,0,0.0003035714285714286,0.5964994603127544,0.47,0.005,False,True,False,False,False,False,False,True
1,0.5785994123408423,0.37222222222222223,0.48977695167286245,0,0.4178571428571428,0.9999999999999999,0.06,0.997,False,False,True,False,True,False,False,False
1,0.24265426052889322,0.5444444444444444,0.23605947955390333,0,0.46964285714285714,0.9999999999999999,0.0,0.946,False,True,False,False,False,False,True,False
0,0.5661116552399609,0.35,0.487453531598513,0,0.41607142857142854,0.9999999999999999,0.05,0.171,False,False,True,False,True,False,False,False
1,0.4975514201762977,0.5,0.6226765799256506,1,0.0,0.9999999999999999,0.0,0.0,False,False,True,False,True,False,False,False
1,0.6028403525954946,0.7555555555555555,0.4995353159851301,0,0.5535714285714285,0.9999999999999999,0.0,1.0,False,False,True,False,False,False,False,True
0,0.5639079333986288,0.7944444444444444,0.5157992565055762,0,0.02432142857142857,0.9999999999999999,0.1,0.267,False,False,True,False,False,False,False,True
1,0.1398139079333986,0.6944444444444444,0.3503717472118959,1,0.6428571428571428,0.9999999999999999,0.0,0.0,False,False,True,False,False,False,False,True
1,0.0734573947110676,0.75,0.0,1,0.4125,0.9999999999999999,0.0,0.0,False,True,False,False,False,False,False,True
1,0.6691968658178257,0.29444444444444445,0.7360594795539034,1,0.29035714285714287,0.9999999999999999,0.0,0.0,False,True,False,False,True,False,False,False
0,0.5,0.5,0.5,0,0.0006607142857142856,0.5182886655232136,0.0,0.0,True,False,False,False,False,False,True,False
1,0.14226248775710088,0.6944444444444444,0.23745353159851296,0,0.625,0.5964905528699218,0.0,0.0,False,True,False,False,False,False,False,True
0,0.4755142017629775,0.5444444444444444,0.4711895910780669,0,0.44107142857142856,0.2855738907477394,0.04,0.995,False,True,False,False,False,False,False,True
1,0.0,0.55,0.22630111524163565,0,0.9107142857142857,0.9999999999999999,0.0,0.0,False,False,True,False,True,False,False,False
0,0.4975514201762977,0.5,0.6226765799256506,1,0.4892857142857142,0.40723173322158424,0.23,0.999,False,False,True,False,True,False,False,False
1,0.6691968658178257,0.29444444444444445,0.7360594795539034,1,0.49107142857142855,0.9999999999999999,0.0,0.814,True,False,False,False,False,True,False,False
0,0.5465230166503428,0.4277777777777778,0.6473048327137547,0,0.23785714285714285,0.9999999999999999,0.23,0.001,True,False,False,False,False,False,True,False
1,0.1398139079333986,0.6944444444444444,0.3503717472118959,1,0.00035714285714285714,0.9999999999999999,1.0,0.004,False,False,True,False,False,False,False,True
0,0.4265426052889324,0.6388888888888888,0.5185873605947956,0,0.1807142857142857,0.9999999999999999,0.03,0.196,True,False,False,False,False,False,True,False
0,0.5,0.5,0.5,0,0.2830357142857143,0.9999999999999999,0.0,0.0,False,False,True,False,True,False,False,False
1,0.1398139079333986,0.6944444444444444,0.3503717472118959,1,0.4107142857142857,0.9999999999999999,0.31,0.587,False,False,True,False,False,False,False,True
1,0.17874632713026445,0.2888888888888889,0.22211895910780666,0,0.6785714285714285,0.9999999999999999,0.0,0.0,False,False,False,True,False,False,True,False
1,0.37022526934378064,0.8888888888888888,0.23559479553903345,1,0.5017857142857143,0.9999999999999999,0.0,0.999,False,True,False,False,False,False,False,True
0,0.5,0.5,0.5,0,0.003017857142857143,0.9999999999999999,0.13,0.138,False,True,False,False,False,False,False,True
0,0.5,0.5,0.5,0,0.27232142857142855,0.5291660516963992,0.0,0.0,False,True,False,False,True,False,False,False
1,0.5345249755142018,0.47777777777777775,0.5009293680297398,0,0.42857142857142855,0.9999999999999999,0.0,0.15,False,False,True,False,False,True,False,False
0,0.5,0.5,0.5,0,0.2544642857142857,0.9999999999999999,0.11,0.281,False,True,False,False,False,False,False,True
0,0.5,0.5,0.5,0,0.19232142857142856,0.28202508163794066,0.0,0.0,False,False,True,False,True,False,False,False
0,0.5,0.5,0.5,0,0.47142857142857136,0.9999999999999999,0.0,0.922,False,True,False,False,False,False,False,True
1,0.5394221351616063,0.8,0.4851301115241636,0,0.4875,0.9999999999999999,0.0,1.0,False,True,False,False,False,False,False,True
1,0.43609206660137123,0.24444444444444446,0.48605947955390333,0,0.5107142857142857,0.9999999999999999,0.05,1.0,False,False,False,True,False,True,False,False
1,0.8161116552399608,0.4722222222222222,0.4962825278810409,0,0.5892857142857143,0.9999999999999999,0.0,0.999,False,False,True,False,False,False,False,True
0,0.5,0.5,0.5,0,0.3003571428571428,0.9999999999999999,0.0,0.0,False,True,False,False,False,False,True,False
1,0.5639079333986288,0.7555555555555555,0.5139405204460967,0,0.6964285714285714,0.9999999999999999,0.0,0.0,False,True,False,False,False,False,False,True
0,0.5,0.5,0.5,0,0.04808928571428571,0.9999999999999999,0.0,0.0,True,False,False,False,False,False,True,False
0,0.5,0.5,0.5,0,0.4035714285714286,0.9999999999999999,0.0,0.767,False,False,False,True,False,True,False,False
1,0.24265426052889322,0.5444444444444444,0.23605947955390333,0,0.6071428571428571,0.5950863137418271,0.0,1.0,False,True,False,False,True,False,False,False
0,0.5,0.5,0.5,0,0.0021785714285714286,0.9999999999999999,0.0,0.0,False,False,True,False,False,True,False,False
1,0.4314397649363369,0.5333333333333333,0.4526022304832714,0,0.2305357142857143,0.9999999999999999,1.0,0.018,False,False,True,False,True,False,False,False
1,0.3528403525954946,0.30000000000000004,0.5092936802973977,0,0.0,0.9999999999999999,0.0,0.0,False,False,False,True,False,True,False,False
1,0.6469147894221352,0.2888888888888889,0.5274163568773235,0,0.36607142857142855,0.9999999999999999,0.09,0.277,False,False,True,False,True,False,False,False
0,0.5,0.5,0.5,0,0.28857142857142853,0.9999999999999999,0.0,0.0,False,True,False,False,False,False,False,True
1,0.056317335945151814,0.5722222222222222,0.23698884758364308,0,0.7142857142857142,0.9999999999999999,0.0,0.0,False,True,False,False,True,False,False,False
0,0.46547502448579825,0.5222222222222223,0.4990706319702602,0,0.15717857142857142,0.9999999999999999,0.64,0.181,False,True,False,False,False,False,True,False
0,0.5,0.5,0.5,0,0.4589285714285714,0.9999999999999999,0.0,0.992,False,False,True,False,True,False,False,False
1,0.5636630754162586,0.3111111111111111,0.5139405204460966,0,0.39285714285714285,0.5961392192408561,0.2,0.02,False,False,True,False,False,True,False,False
1,0.3947110675808031,0.9611111111111111,0.27788104089219334,1,0.6071428571428571,0.5959696892373758,0.04,0.999,False,False,True,False,False,False,False,True
0,0.5,0.5,0.5,0,0.5035714285714286,0.9999999999999999,0.0,0.882,True,False,False,False,False,False,True,False
1,0.37022526934378064,0.8888888888888888,0.23559479553903345,1,0.5892857142857143,0.9999999999999999,0.0,1.0,False,True,False,False,False,False,False,True
1,0.0,0.55,0.22630111524163565,0,0.0,0.9999999999999999,0.0,0.0,False,False,True,False,True,False,False,False
0,0.5,0.5,0.5,0,0.0008928571428571428,0.5278198559390169,0.0,0.0,False,True,False,False,False,False,True,False
1,0.47037218413320275,0.21111111111111114,0.4804832713754647,0,0.35196428571428573,0.9999999999999999,0.14,0.133,False,False,False,True,False,True,False,False
0,0.5,0.5,0.5,0,0.00175,0.9999999999999999,0.0,0.0,True,False,False,False,False,True,False,False
0,0.5981880509304603,0.4111111111111111,0.5599442379182156,1,0.5714285714285714,0.596577745070222,0.0,0.999,False,True,False,False,True,False,False,False
1,0.7426542605288933,0.27222222222222225,0.7225836431226766,1,0.6071428571428571,0.9999999999999999,0.0,1.0,False,False,True,False,True,False,False,False
0,0.5,0.5,0.5,0,0.21803571428571428,0.9999999999999999,0.0,0.0,False,True,False,False,True,False,False,False
1,0.43119490695396673,0.5555555555555556,0.262546468401487,1,0.625,0.5012169078086363,0.0,0.675,False,False,True,False,True,False,False,False
1,0.37022526934378064,0.8888888888888888,0.23559479553903345,1,0.625,0.9999999999999999,0.04,0.943,False,True,False,False,False,False,False,True
1,0.5734573947110676,0.7,0.2736988847583643,1,0.5107142857142857,0.5431492158234542,0.02,0.531,False,True,False,False,False,False,False,True
0,0.5,0.5,0.5,0,0.2294642857142857,0.27243709323434584,0.0,0.0,False,False,True,False,True,False,False,False
0,0.5,0.5,0.5,0,0.0003214285714285714,0.9999999999999999,0.0,0.0,True,False,False,False,False,True,False,False
0,0.37022526934378064,0.8888888888888888,0.23559479553903345,1,0.5142857142857142,0.9999999999999999,0.0,0.59,False,True,False,False,False,False,False,True
0,0.4265426052889324,0.5222222222222223,0.5134758364312267,0,0.37321428571428567,0.46812567352881446,0.17,0.231,True,False,False,False,False,False,True,False
0,0.568560235063663,0.4666666666666667,0.5473977695167286,0,0.1969642857142857,0.9999999999999999,0.1,0.156,True,False,False,False,False,False,True,False
0,0.5,0.5,0.5,0,0.31982142857142853,0.9999999999999999,0.0,0.0,False,False,True,False,False,True,False,False
1,0.6420176297747306,0.2055555555555556,0.370817843866171,1,0.6071428571428571,0.9999999999999999,0.02,0.65,False,True,False,False,True,False,False,False
1,0.3797747306562194,0.37777777777777777,0.48838289962825276,0,0.4589285714285714,0.5628803603854576,0.0,0.998,False,False,False,True,True,False,False,False
1,0.5024485798237023,0.5,0.3870817843866171,1,0.7321428571428571,0.9999999999999999,0.0,0.0,False,True,False,False,False,False,True,False
1,0.24265426052889322,0.5444444444444444,0.23605947955390333,0,0.5232142857142857,0.9999999999999999,0.0,0.0,False,True,False,False,True,False,False,False
0,0.5,0.5,0.5,0,0.004857142857142858,0.9999999999999999,0.0,0.0,False,True,False,False,False,False,False,True
0,0.5636630754162586,0.6055555555555555,0.4103159851301115,1,0.0010178571428571428,0.9999999999999999,0.63,0.008,False,True,False,False,False,False,False,True
0,0.46547502448579825,0.48333333333333334,0.4972118959107807,0,1.7857142857142855e-05,0.19314749405982734,1.0,0.023,True,False,False,False,False,False,True,False
1,0.1398139079333986,0.6944444444444444,0.3503717472118959,1,0.5035714285714286,0.9999999999999999,0.0,0.967,False,False,True,False,False,False,False,True
1,0.24265426052889322,0.5444444444444444,0.23605947955390333,0,0.7678571428571428,0.9999999999999999,0.0,0.0,False,True,False,False,False,False,True,False
0,0.5832517140058766,0.4444444444444444,0.4767657992565056,0,0.33339285714285716,0.39613535355889,0.07,0.996,False,True,False,False,False,False,False,True
0,0.5832517140058766,0.4444444444444444,0.4767657992565056,0,0.43392857142857144,0.3064075037266572,0.02,0.247,False,True,False,False,False,False,False,True
1,0.14201762977473065,0.7166666666666667,0.04739776951672858,1,0.26803571428571427,0.9999999999999999,0.07,0.461,True,False,False,False,False,False,False,True
0,0.5,0.5,0.5,0,0.025732142857142856,0.9999999999999999,0.0,0.0,True,False,False,False,False,False,True,False
0,0.35798237022526935,0.7944444444444444,0.629182156133829,1,0.40714285714285714,0.9999999999999999,0.02,0.809,True,False,False,False,False,True,False,False
1,0.43119490695396673,0.5555555555555556,0.262546468401487,1,0.5892857142857143,0.9999999999999999,0.0,0.96,False,False,True,False,True,False,False,False
0,0.5,0.5,0.5,0,0.005464285714285714,0.9999999999999999,0.0,0.0,False,True,False,False,False,False,False,True
0,0.5,0.5,0.5,0,0.2969642857142857,0.9999999999999999,0.0,0.0,False,False,True,False,True,False,False,False
0,0.5,0.5,0.5,0,0.08710714285714286,0.9999999999999999,0.0,0.0,False,False,False,True,False,True,False,False
1,0.1398139079333986,0.6944444444444444,0.3503717472118959,1,0.5107142857142857,0.9999999999999999,0.0,0.944,False,False,True,False,False,False,False,True
1,0.5394221351616063,0.8,0.4851301115241636,0,0.5535714285714285,0.9999999999999999,0.0,1.0,False,True,False,False,False,False,False,True
1,0.45592556317335947,0.6444444444444444,0.5130111524163569,0,0.5892857142857143,0.9999999999999999,0.01,0.997,False,False,True,False,True,False,False,False
1,0.17874632713026445,0.2888888888888889,0.22211895910780666,0,0.4196428571428571,0.9999999999999999,0.09,0.764,False,False,False,True,True,False,False,False
1,0.460822722820764,0.9277777777777778,0.6482342007434945,1,0.46249999999999997,0.9999999999999999,0.0,0.994,True,False,False,False,False,False,False,True
1,0.14226248775710088,0.6944444444444444,0.23745353159851296,0,0.0052499999999999995,0.9999999999999999,1.0,0.0,False,True,False,False,False,False,False,True
0,0.6762977473065622,0.3277777777777778,0.3722118959107807,1,0.08153571428571428,0.9999999999999999,0.8,0.002,False,False,True,False,True,False,False,False
1,0.17874632713026445,0.2888888888888889,0.22211895910780666,0,0.8571428571428571,0.9999999999999999,0.0,0.0,False,False,False,True,False,False,True,False
1,0.14226248775710088,0.6944444444444444,0.23745353159851296,0,0.0003392857142857143,0.9999999999999999,1.0,0.009,False,True,False,False,False,False,False,True
0,0.5,0.5,0.5,0,0.16428571428571426,0.3190554573761088,0.0,0.0,False,True,False,False,False,False,True,False
0,0.5,0.5,0.5,0,0.0,0.9999999999999999,0.0,0.0,False,False,False,True,False,True,False,False
1,0.7426542605288933,0.27222222222222225,0.7225836431226766,1,0.6071428571428571,0.9999999999999999,0.0,1.0,False,False,True,False,False,True,False,False
0,0.5,0.5,0.5,0,0.17548214285714284,0.9999999999999999,0.0,0.0,False,False,False,True,False,False,True,False
1,0.566356513222331,0.3222222222222222,0.6923791821561338,1,0.5714285714285714,0.9999999999999999,0.0,0.91,False,True,False,False,True,False,False,False
1,0.0,0.55,0.22630111524163565,0,0.8214285714285714,0.9999999999999999,0.0,0.0,False,False,True,False,True,False,False,False
0,0.45592556317335947,0.6444444444444444,0.5130111524163569,0,0.4196428571428571,0.9999999999999999,0.13,0.653,False,False,True,False,True,False,False,False
1,0.2573457394711067,0.7277777777777777,0.2774163568773234,1,0.5892857142857143,0.9999999999999999,0.01,0.999,False,True,False,False,False,False,True,False
1,0.539177277179236,0.07222222222222224,0.35176579925650553,1,0.5714285714285714,0.9999999999999999,0.0,0.994,False,False,False,True,True,False,False,False
1,0.6028403525954946,0.7555555555555555,0.4995353159851301,0,0.5321428571428571,0.9999999999999999,0.0,1.0,False,False,True,False,False,False,False,True
1,0.20323212536728696,0.3611111111111111,0.2644052044609665,0,0.0005357142857142856,0.9999999999999999,0.63,0.0,False,True,False,False,True,False,False,False
1,0.3971596474045054,0.2444444444444444,0.5004646840148699,0,0.0,0.9999999999999999,0.0,0.0,False,False,False,True,False,False,True,False
1,0.0,0.55,0.22630111524163565,0,0.625,0.9999999999999999,0.0,0.0,False,False,True,False,True,False,False,False
1,0.5981880509304603,0.4111111111111111,0.5599442379182156,1,0.0,0.9999999999999999,0.0,0.0,False,True,False,False,True,False,False,False
1,0.46057786483839375,0.2,0.5148698884758364,0,0.5214285714285714,0.9999999999999999,0.0,1.0,False,False,False,True,False,True,False,False
0,0.5612144955925563,0.14444444444444443,0.733271375464684,1,0.43392857142857144,0.9999999999999999,0.03,0.017,False,False,False,True,False,False,True,False
1,0.1398139079333986,0.6944444444444444,0.3503717472118959,1,0.5535714285714285,0.9999999999999999,0.0,1.0,False,False,True,False,False,False,False,True
0,0.4363369245837414,0.6888888888888889,0.48605947955390333,0,0.4196428571428571,0.5812081716365194,0.06,0.902,False,True,False,False,False,False,True,False
1,0.46057786483839375,0.2,0.5148698884758364,0,0.48392857142857143,0.9999999999999999,0.0,0.999,False,False,False,True,False,True,False,False
1,0.49779627815866795,0.4777777777777778,0.8029739776951673,1,0.8392857142857142,0.9999999999999999,0.0,0.0,False,False,True,False,True,False,False,False
0,0.5342801175318316,0.5,0.520910780669145,0,0.05210714285714286,0.9999999999999999,0.31,0.031,False,False,False,True,True,False,False,False
1,0.6471596474045054,0.7,0.49070631970260226,0,0.5017857142857143,0.9999999999999999,0.0,0.989,False,True,False,False,False,False,False,True
1,0.5734573947110676,0.7,0.2736988847583643,1,0.5142857142857142,0.9999999999999999,0.0,0.0,False,True,False,False,False,False,False,True
1,0.056317335945151814,0.5722222222222222,0.23698884758364308,0,0.625,0.9999999999999999,0.0,0.0,False,False,False,True,False,False,True,False
0,0.6447110675808031,0.3388888888888889,0.7072490706319703,1,0.22499999999999998,0.5946876467289498,0.3,0.21,False,True,False,False,False,False,True,False
0,0.37022526934378064,0.8888888888888888,0.23559479553903345,1,0.6071428571428571,0.41950633222754363,0.05,0.815,False,True,False,False,False,False,False,True
1,0.5342801175318316,0.5055555555555555,0.4962825278810409,0,0.4589285714285714,0.5947749629807493,0.01,0.36,False,False,True,False,False,True,False,False
0,0.5,0.5,0.5,0,5.357142857142857e-05,0.9999999999999999,0.0,0.0,False,False,False,True,False,False,True,False
0,0.5,0.5,0.5,0,0.0018035714285714287,0.9999999999999999,0.13,0.042,False,False,False,True,False,True,False,False
0,0.4534769833496572,0.5722222222222222,0.35269516728624534,0,0.4589285714285714,0.9999999999999999,0.04,0.844,False,False,True,False,True,False,False,False
0,0.5,0.5,0.5,0,0.13683928571428572,0.9999999999999999,0.0,0.0,True,False,False,False,False,False,True,False
1,0.0,0.55,0.22630111524163565,0,0.3442857142857143,0.9999999999999999,0.03,0.052,False,False,True,False,True,False,False,False
1,0.14226248775710088,0.6944444444444444,0.23745353159851296,0,0.46428571428571425,0.9999999999999999,0.07,0.845,False,True,False,False,False,False,False,True
1,0.2573457394711067,0.7277777777777777,0.2774163568773234,1,0.39999999999999997,0.9999999999999999,0.12,0.344,False,True,False,False,False,False,True,False
0,0.4755142017629775,0.5444444444444444,0.4711895910780669,0,0.0001964285714285714,0.9999999999999999,0.09,0.098,False,True,False,False,False,False,False,True
0,0.5,0.5,0.5,0,0.07048214285714285,0.4294127498283359,0.0,0.0,False,True,False,False,True,False,False,False
1,0.38222331047992164,0.37777777777777777,0.3657063197026022,1,0.4321428571428571,0.9999999999999999,0.0,1.0,False,False,False,True,False,False,True,False
1,0.14226248775710088,0.6944444444444444,0.23745353159851296,0,0.6785714285714285,0.5965831233724191,0.0,0.0,False,True,False,False,False,False,False,True
1,0.3871204701273261,0.3388888888888889,0.54182156133829,0,0.4375,0.9999999999999999,0.0,0.999,False,False,False,True,False,False,True,False
1,0.4975514201762977,0.5,0.6226765799256506,1,0.6071428571428571,0.9999999999999999,0.0,0.999,False,False,True,False,True,False,False,False
1,0.6077375122428992,0.2055555555555556,0.349907063197026,1,0.0,0.9999999999999999,0.0,0.0,False,True,False,False,True,False,False,False
0,0.5,0.5,0.5,0,0.3767857142857143,0.9999999999999999,0.14,0.206,False,False,False,True,False,True,False,False
1,0.4167482859941234,0.5944444444444444,0.525092936802974,0,0.4678571428571428,0.9999999999999999,0.0,0.999,False,False,False,True,True,False,False,False
1,0.35798237022526935,0.6722222222222223,0.6486988847583643,1,0.4321428571428571,0.5965731006511419,0.0,0.292,True,False,False,False,False,False,True,False
0,0.5,0.5,0.5,0,0.013107142857142855,0.9999999999999999,0.0,0.0,False,False,False,True,False,True,False,False
0,0.4605778648383937,0.31666666666666665,0.5283457249070632,0,0.45535714285714285,0.9999999999999999,0.05,0.994,False,False,False,True,True,False,False,False
0,0.5,0.5,0.5,0,0.001,0.9999999999999999,0.0,0.0,False,True,False,False,False,False,False,True
1,0.0,0.55,0.22630111524163565,0,0.0,0.9999999999999999,0.0,0.0,False,False,True,False,True,False,False,False
0,0.4534769833496572,0.5722222222222222,0.35269516728624534,0,0.4446428571428571,0.9999999999999999,0.11,0.898,False,False,True,False,True,False,False,False
0,0.47037218413320275,0.21111111111111114,0.4804832713754647,0,0.032053571428571424,0.5966284958885656,0.6,0.001,False,False,False,True,False,True,False,False
1,0.5,0.5,0.5,0,0.40714285714285714,0.9999999999999999,0.0,0.0,False,False,True,False,False,True,False,False
0,0.5,0.5,0.5,0,0.22857142857142856,0.9999999999999999,0.0,0.0,False,False,False,True,False,True,False,False
1,0.14226248775710088,0.6944444444444444,0.23745353159851296,0,0.6428571428571428,0.9999999999999999,0.0,0.0,False,True,False,False,False,False,False,True
1,0.056317335945151814,0.5722222222222222,0.23698884758364308,0,0.5535714285714285,0.9999999999999999,0.0,0.0,False,True,False,False,True,False,False,False
1,0.0734573947110676,0.75,0.0,1,0.9642857142857142,0.9999999999999999,0.0,0.0,True,False,False,False,False,False,False,True
1,0.0734573947110676,0.75,0.0,1,0.6428571428571428,0.5627539869395471,0.0,0.0,False,True,False,False,False,False,False,True
0,0.5,0.5,0.5,0,0.00010714285714285714,0.9999999999999999,0.0,0.0,True,False,False,False,False,True,False,False
0,0.568560235063663,0.6333333333333333,0.49814126394052044,0,0.5053571428571428,0.34853959900652515,0.01,0.99,False,True,False,False,False,False,False,True
1,0.14226248775710088,0.6944444444444444,0.23745353159851296,0,0.8035714285714285,0.9999999999999999,0.0,0.0,False,True,False,False,False,False,False,True
0,0.5,0.5,0.5,0,0.00010714285714285714,0.5966315548575625,0.71,0.035,False,True,False,False,False,False,False,True
1,0.49779627815866795,0.4777777777777778,0.8029739776951673,1,0.48571428571428565,0.9999999999999999,0.0,1.0,False,False,True,False,True,False,False,False
1,0.5394221351616063,0.8,0.4851301115241636,0,0.5535714285714285,0.9999999999999999,0.0,0.996,False,True,False,False,False,False,False,True
1,0.7426542605288933,0.27222222222222225,0.7225836431226766,1,0.5249999999999999,0.9999999999999999,0.0,1.0,False,False,True,False,False,True,False,False
1,0.14226248775710088,0.6944444444444444,0.23745353159851296,0,0.45535714285714285,0.5431708307899648,0.0,0.963,False,True,False,False,False,False,False,True
0,0.5,0.5,0.5,0,0.012089285714285714,0.5628548026973147,0.0,0.0,True,False,False,False,False,False,True,False
1,0.5832517140058766,0.4444444444444444,0.4767657992565056,0,0.4946428571428571,0.9999999999999999,0.02,0.978,False,True,False,False,False,False,False,True
1,0.5832517140058766,0.4444444444444444,0.4767657992565056,0,0.42142857142857143,0.9999999999999999,0.19,0.996,False,False,True,False,False,False,False,True
0,0.5,0.5,0.5,0,0.001857142857142857,0.9999999999999999,0.83,0.386,False,False,True,False,True,False,False,False
0,0.568560235063663,0.6333333333333333,0.49814126394052044,0,0.2133928571428571,0.5812684593725531,0.26,0.0,False,True,False,False,False,False,False,True
0,0.49779627815866795,0.4777777777777778,0.8029739776951673,1,0.44999999999999996,0.501929749869854,0.23,0.578,False,False,True,False,True,False,False,False
0,0.5,0.5,0.5,0,0.33089285714285716,0.9999999999999999,0.17,0.133,False,True,False,False,False,False,False,True
0,0.4657198824681685,0.37777777777777777,0.4986059479553903,0,0.30214285714285716,0.9999999999999999,0.17,0.37,False,True,False,False,False,False,True,False
1,0.14226248775710088,0.6944444444444444,0.23745353159851296,0,0.5,0.9999999999999999,0.0,0.942,False,True,False,False,False,False,False,True
1,0.1398139079333986,0.6944444444444444,0.3503717472118959,1,0.46428571428571425,0.5019084286477785,0.01,0.589,False,False,True,False,False,False,False,True
0,0.2573457394711067,0.7277777777777777,0.2774163568773234,1,0.625,0.5812599824720255,0.0,0.0,False,True,False,False,False,False,True,False
1,0.4975514201762977,0.5,0.6226765799256506,1,0.4875,0.9999999999999999,0.07,0.818,False,False,True,False,True,False,False,False
1,0.056317335945151814,0.5722222222222222,0.23698884758364308,0,0.6785714285714285,0.9999999999999999,0.0,0.0,False,False,False,True,True,False,False,False
0,0.502203721841332,0.05555555555555558,0.47165427509293684,0,0.4535714285714285,0.5291721703574278,0.0,0.989,False,False,False,True,True,False,False,False
0,0.5394221351616063,0.8,0.4851301115241636,0,0.46249999999999997,0.405291525751345,0.03,0.156,False,True,False,False,False,False,False,True
1,0.46057786483839375,0.2,0.5148698884758364,0,0.5714285714285714,0.9999999999999999,0.0,0.99,False,False,False,True,False,True,False,False
0,0.5,0.5,0.5,0,0.1844642857142857,0.9999999999999999,0.0,0.0,False,False,True,False,False,False,False,True
1,0.0,0.55,0.22630111524163565,0,0.7142857142857142,0.9999999999999999,0.0,0.0,False,False,True,False,True,False,False,False
0,0.5639079333986288,0.7555555555555555,0.5139405204460967,0,0.4035714285714286,0.9999999999999999,0.0,0.032,False,True,False,False,False,False,False,True
0,0.37022526934378064,0.8888888888888888,0.23559479553903345,1,0.475,0.30689122048970485,0.05,0.582,False,True,False,False,False,False,False,True
0,0.5,0.5,0.5,0,0.11866071428571427,0.9999999999999999,0.07,0.193,False,False,False,True,False,True,False,False
0,0.5,0.5,0.5,0,0.034124999999999996,0.9999999999999999,0.0,0.0,True,False,False,False,False,False,True,False
0,0.4265426052889324,0.6388888888888888,0.5185873605947956,0,5.357142857142857e-05,0.9999999999999999,0.13,0.069,True,False,False,False,False,False,True,False
0,0.5639079333986288,0.7555555555555555,0.5139405204460967,0,0.40178571428571425,0.5472938008457331,0.04,0.284,False,True,False,False,False,False,False,True
0,0.5,0.5,0.5,0,0.20303571428571426,0.4278120401777308,0.0,0.0,False,False,True,False,True,False,False,False
0,0.4755142017629775,0.5444444444444444,0.4711895910780669,0,0.41428571428571426,0.29439310138725416,0.55,0.96,False,True,False,False,False,False,False,True
1,0.4265426052889324,0.6388888888888888,0.5185873605947956,0,0.45714285714285713,0.9999999999999999,0.0,0.999,True,False,False,False,False,False,True,False
1,0.5342801175318316,0.6222222222222222,0.5013940520446096,0,0.5071428571428571,0.9999999999999999,0.0,1.0,False,False,True,False,False,True,False,False
0,0.5785994123408423,0.37222222222222223,0.48977695167286245,0,0.41607142857142854,0.29021029052032454,0.08,0.154,False,False,True,False,True,False,False,False
0,0.4534769833496572,0.5722222222222222,0.35269516728624534,0,0.625,0.5291287445134653,0.0,1.0,False,False,True,False,True,False,False,False
1,0.0,0.55,0.22630111524163565,0,0.9642857142857142,0.9999999999999999,0.0,0.0,False,False,True,False,True,False,False,False
1,0.37022526934378064,0.8888888888888888,0.23559479553903345,1,0.425,0.9999999999999999,0.03,0.234,False,True,False,False,False,False,False,True
0,0.6420176297747306,0.3277777777777778,0.35130111524163565,1,0.5178571428571428,0.9999999999999999,0.01,0.981,False,False,True,False,True,False,False,False
0,0.4755142017629775,0.5444444444444444,0.4711895910780669,0,0.12471428571428571,0.45368027022062485,0.11,0.0,False,True,False,False,False,False,False,True
1,0.6762977473065622,0.3277777777777778,0.3722118959107807,1,0.4928571428571429,0.9999999999999999,0.0,0.999,False,False,True,False,True,False,False,False
0,0.46547502448579825,0.5222222222222223,0.4990706319702602,0,0.0,0.9999999999999999,0.0,0.0,False,True,False,False,False,False,True,False
1,0.5688050930460333,0.4444444444444444,0.737453531598513,1,0.39999999999999997,0.5227274106701412,0.04,0.405,True,False,False,False,False,False,True,False
1,0.6297747306562194,0.11111111111111116,0.7644052044609666,1,0.45535714285714285,0.9999999999999999,0.0,1.0,False,False,False,True,False,True,False,False
0,0.43119490695396673,0.5555555555555556,0.262546468401487,1,0.4392857142857143,0.392722099013031,0.02,0.033,False,False,True,False,True,False,False,False
0,0.5,0.5,0.5,0,0.24232142857142858,0.9999999999999999,0.0,0.0,False,False,True,False,True,False,False,False
0,0.5345249755142018,0.5166666666666666,0.5027881040892194,0,0.36071428571428565,0.26651954566902764,0.41,0.785,False,False,True,False,True,False,False,False
0,0.5296278158667973,0.7888888888888889,0.5195167286245354,0,0.3642857142857142,0.32379362988567284,0.02,0.304,False,True,False,False,False,False,False,True
1,0.49779627815866795,0.4777777777777778,0.8029739776951673,1,0.8214285714285714,0.5965288786570437,0.0,0.0,False,False,True,False,True,False,False,False
0,0.5394221351616063,0.8,0.4851301115241636,0,0.21160714285714283,0.9999999999999999,0.06,0.0,False,True,False,False,False,False,False,True
1,0.5612144955925563,0.14444444444444443,0.733271375464684,1,0.5535714285714285,0.5290981861691604,0.01,0.792,False,False,False,True,False,False,True,False
1,0.1398139079333986,0.6944444444444444,0.3503717472118959,1,0.32892857142857146,0.9999999999999999,0.04,0.477,False,False,True,False,False,False,False,True
1,0.3947110675808031,0.9611111111111111,0.27788104089219334,1,0.5892857142857143,0.9999999999999999,0.0,1.0,False,False,True,False,False,False,False,True
1,0.49779627815866795,0.9444444444444444,0.5283457249070632,0,0.49821428571428567,0.5291434193370457,0.0,0.995,True,False,False,False,False,False,False,True
1,0.5440744368266406,0.35555555555555557,0.48698884758364314,0,0.46249999999999997,0.9999999999999999,0.04,0.998,False,True,False,False,False,False,True,False
1,0.4975514201762977,0.5,0.6226765799256506,1,0.625,0.9999999999999999,0.01,0.991,False,False,True,False,True,False,False,False
1,0.0734573947110676,0.75,0.0,1,0.27125,0.9999999999999999,0.01,0.17,True,False,False,False,False,False,False,True
1,0.4975514201762977,0.5,0.6226765799256506,1,0.6071428571428571,0.561840593488805,0.0,0.996,False,False,True,False,True,False,False,False
1,0.056317335945151814,0.5722222222222222,0.23698884758364308,0,0.625,0.9999999999999999,0.0,0.0,False,True,False,False,False,False,True,False
0,0.5440744368266406,0.3944444444444445,0.48884758364312264,0,0.4053571428571428,0.30893691418888575,0.15,0.726,False,True,False,False,True,False,False,False
0,0.5,0.5,0.5,0,0.2589285714285714,0.42501202328765425,0.0,0.0,False,True,False,False,False,False,False,True
0,0.4262977473065622,0.3555555555555556,0.4934944237918215,0,0.22303571428571428,0.4062323846387602,0.54,0.079,False,False,False,True,False,True,False,False
0,0.5,0.5,0.5,0,5.357142857142857e-05,0.9999999999999999,0.0,0.0,True,False,False,False,False,False,True,False
0,0.49779627815866795,0.4777777777777778,0.8029739776951673,1,0.5892857142857143,0.4399510890158613,0.0,0.8,False,False,True,False,True,False,False,False
1,0.4975514201762977,0.5,0.6226765799256506,1,0.5714285714285714,0.9999999999999999,0.0,0.999,False,False,True,False,True,False,False,False
0,0.4338883447600392,0.65,0.512546468401487,0,0.4107142857142857,0.41129673860980065,0.05,0.138,True,False,False,False,False,False,True,False
0,0.5,0.5,0.5,0,0.18535714285714286,0.9999999999999999,0.0,0.0,False,False,True,False,False,True,False,False
1,0.4534769833496572,0.5722222222222222,0.35269516728624534,0,0.48571428571428565,0.9999999999999999,0.0,0.985,False,False,True,False,True,False,False,False
0,0.5,0.5,0.5,0,0.205,0.9999999999999999,0.05,0.016,False,False,False,True,False,True,False,False
1,0.20323212536728696,0.3611111111111111,0.2644052044609665,0,5.357142857142857e-05,0.9999999999999999,0.0,0.0,False,False,False,True,True,False,False,False
0,0.5,0.5,0.5,0,0.1982142857142857,0.9999999999999999,0.33,0.129,False,False,True,False,True,False,False,False
0,0.5,0.5,0.5,0,0.3366071428571429,0.9999999999999999,0.0,0.0,False,True,False,False,False,False,True,False
1,0.0,0.55,0.22630111524163565,0,0.6964285714285714,0.9999999999999999,0.0,0.0,False,False,True,False,True,False,False,False
0,0.5,0.5,0.5,0,0.08330357142857142,0.2543804811467397,0.0,0.0,False,True,False,False,False,False,False,True
0,0.5,0.5,0.5,0,0.4107142857142857,0.9999999999999999,0.11,0.001,False,False,True,False,True,False,False,False
1,0.7426542605288933,0.27222222222222225,0.7225836431226766,1,0.5321428571428571,0.9999999999999999,0.0,0.987,False,False,True,False,True,False,False,False
0,0.5737022526934378,0.6444444444444444,0.5065055762081785,0,0.03560714285714286,0.9999999999999999,0.48,0.136,False,True,False,False,False,False,False,True
0,0.5734573947110676,0.4777777777777778,0.4865241635687732,0,0.19125,0.39906827376453813,0.1,0.01,False,False,True,False,True,False,False,False
0,0.4314397649363369,0.5333333333333333,0.4526022304832714,0,0.160625,0.08462439764929348,0.07,0.034,False,False,True,False,True,False,False,False
1,0.14201762977473065,0.7166666666666667,0.04739776951672858,1,0.4267857142857142,0.9999999999999999,0.0,0.0,True,False,False,False,False,False,False,True
0,0.5,0.5,0.5,0,0.25107142857142856,0.3357842440587561,0.0,0.0,False,True,False,False,False,False,False,True
1,0.490205680705191,0.45,0.5325278810408922,0,0.23035714285714284,0.479891444446571,0.1,0.2,True,False,False,False,False,True,False,False
1,0.5612144955925563,0.14444444444444443,0.733271375464684,1,0.5125,0.9999999999999999,0.0,0.969,False,False,False,True,False,False,True,False
1,0.14226248775710088,0.6944444444444444,0.23745353159851296,0,0.44999999999999996,0.9999999999999999,0.15,0.792,False,True,False,False,False,False,False,True
1,0.5024485798237023,0.5,0.37732342007434944,1,0.5125,0.9999999999999999,0.02,0.864,True,False,False,False,False,False,True,False
0,0.4265426052889324,0.5222222222222223,0.5134758364312267,0,0.23107142857142854,0.9999999999999999,0.07,0.023,True,False,False,False,False,False,True,False
0,0.5,0.5,0.5,0,0.018803571428571426,0.4715590067500298,0.0,0.0,False,False,True,False,True,False,False,False
1,0.14226248775710088,0.6944444444444444,0.23745353159851296,0,0.0,0.9999999999999999,0.0,0.0,False,True,False,False,False,False,False,True
1,0.20323212536728696,0.3611111111111111,0.2644052044609665,0,0.6964285714285714,0.9999999999999999,0.0,0.0,False,True,False,False,True,False,False,False
1,0.14226248775710088,0.6944444444444444,0.23745353159851296,0,0.7321428571428571,0.9999999999999999,0.0,0.0,False,True,False,False,False,False,False,True
1,0.14226248775710088,0.6944444444444444,0.23745353159851296,0,0.24732142857142855,0.9999999999999999,0.36,0.107,False,True,False,False,False,False,False,True
0,0.5,0.5,0.5,0,0.0012678571428571426,0.9999999999999999,0.0,0.0,False,False,False,True,True,False,False,False
0,0.35308521057786485,0.711111111111111,0.4725836431226766,0,0.4303571428571429,0.33458266696400846,0.0,0.038,True,False,False,False,False,False,True,False
0,0.5,0.5,0.5,0,0.21428571428571427,0.9999999999999999,0.11,0.089,False,True,False,False,False,False,False,True
0,0.5,0.5,0.5,0,0.032803571428571425,0.9999999999999999,0.0,0.0,False,False,False,True,False,False,True,False
0,0.4534769833496572,0.5722222222222222,0.35269516728624534,0,0.28928571428571426,0.5628699033452716,0.08,0.001,False,False,True,False,True,False,False,False
0,0.5,0.5,0.5,0,0.003821428571428571,0.5628772413839469,0.0,0.0,False,False,False,True,False,True,False,False
0,0.4657198824681685,0.5,0.479089219330855,0,0.12294642857142857,0.5812999706931132,0.0,0.0,False,False,True,False,False,True,False,False
1,0.14226248775710088,0.6944444444444444,0.23745353159851296,0,0.0002321428571428571,0.9999999999999999,0.47,0.078,False,True,False,False,False,False,False,True
1,0.0,0.55,0.22630111524163565,0,0.5714285714285714,0.9999999999999999,0.0,1.0,False,False,True,False,True,False,False,False
1,0.43119490695396673,0.5555555555555556,0.262546468401487,1,0.5071428571428571,0.5950134671376656,0.0,0.996,False,False,True,False,True,False,False,False
1,0.17874632713026445,0.2888888888888889,0.22211895910780666,0,0.625,0.9999999999999999,0.0,0.0,False,False,False,True,False,False,True,False
0,0.5759059745347699,0.3944444444444445,0.4697955390334573,0,0.012875,0.9999999999999999,0.18,0.107,False,True,False,False,True,False,False,False
1,0.45592556317335947,0.6444444444444444,0.5130111524163569,0,0.4178571428571428,0.9999999999999999,0.0,0.019,False,False,True,False,True,False,False,False
1,0.46057786483839375,0.2,0.5148698884758364,0,0.5125,0.5182754566386156,0.0,1.0,False,False,False,True,False,True,False,False
0,0.5,0.5,0.5,0,0.2758928571428571,0.9999999999999999,0.0,0.0,False,False,True,False,False,True,False,False
0,0.5,0.5,0.5,0,0.41428571428571426,0.9999999999999999,0.05,0.386,False,False,True,False,True,False,False,False
0,0.5,0.5,0.5,0,0.4464285714285714,0.9999999999999999,0.1,0.955,False,False,True,False,True,False,False,False
0,0.4338883447600392,0.65,0.512546468401487,0,0.40178571428571425,0.5628772413839469,0.51,0.801,True,False,False,False,False,False,True,False
1,0.20323212536728696,0.3611111111111111,0.2644052044609665,0,0.625,0.9999999999999999,0.0,0.0,False,True,False,False,True,False,False,False
0,0.5,0.5,0.5,0,0.13905357142857142,0.9999999999999999,0.0,0.0,False,True,False,False,False,False,True,False
1,0.46547502448579825,0.5222222222222223,0.4990706319702602,0,0.0,0.9999999999999999,0.0,0.0,False,True,False,False,False,False,True,False
0,0.2573457394711067,0.7277777777777777,0.2774163568773234,1,0.09380357142857143,0.03635444292649343,1.0,0.0,True,False,False,False,False,False,True,False
1,0.5394221351616063,0.8,0.4851301115241636,0,0.5714285714285714,0.9999999999999999,0.0,1.0,False,True,False,False,False,False,False,True
0,0.4338883447600392,0.65,0.512546468401487,0,1.7857142857142855e-05,0.5431304634426085,0.22,0.041,True,False,False,False,False,False,True,False
0,0.46547502448579825,0.48333333333333334,0.4972118959107807,0,0.03614285714285714,0.4743169039877352,0.56,0.0,True,False,False,False,False,False,True,False
0,0.4265426052889324,0.5222222222222223,0.5134758364312267,0,0.4392857142857143,0.9999999999999999,0.0,0.999,True,False,False,False,False,False,True,False
1,0.0734573947110676,0.75,0.0,1,0.29374999999999996,0.596568823288814,0.0,0.0,False,True,False,False,False,False,False,True
0,0.5,0.5,0.5,0,0.1875,0.5086990820289665,0.0,0.0,False,False,True,False,True,False,False,False
0,0.5,0.5,0.5,0,0.039982142857142855,0.9999999999999999,0.0,0.0,False,True,False,False,False,False,True,False
0,0.5,0.5,0.5,0,3.571428571428571e-05,0.9999999999999999,0.57,0.063,False,False,True,False,True,False,False,False
0,0.47037218413320275,0.21111111111111114,0.4804832713754647,0,0.0023928571428571428,0.43544366209575647,0.23,0.005,False,False,False,True,False,True,False,False
1,0.14226248775710088,0.6944444444444444,0.23745353159851296,0,0.2669642857142857,0.9999999999999999,0.18,0.702,False,True,False,False,False,False,False,True
0,0.4338883447600392,0.65,0.512546468401487,0,0.3294642857142857,0.5018771627681743,0.23,0.418,True,False,False,False,False,False,True,False
0,0.5688050930460333,0.4444444444444444,0.737453531598513,1,0.1992857142857143,0.5628020788881455,0.0,0.295,True,False,False,False,False,False,True,False
1,0.568560235063663,0.6333333333333333,0.49814126394052044,0,0.44999999999999996,0.5933202823926241,0.01,0.429,False,True,False,False,False,False,False,True
1,0.49779627815866795,0.4777777777777778,0.8029739776951673,1,0.4107142857142857,0.9999999999999999,0.67,0.4,False,False,True,False,True,False,False,False
0,0.5,0.5,0.5,0,0.20571428571428568,0.9999999999999999,0.0,0.0,False,False,True,False,False,True,False,False
0,0.5,0.5,0.5,0,0.25839285714285715,0.9999999999999999,0.0,0.0,False,True,False,False,False,False,False,True
1,0.3528403525954946,0.30000000000000004,0.5092936802973977,0,0.5714285714285714,0.9999999999999999,0.0,0.999,False,False,False,True,False,True,False,False
1,0.29676787463271304,0.6888888888888889,0.46189591078066916,0,0.6964285714285714,0.9999999999999999,0.0,0.0,False,False,True,False,False,True,False,False
0,0.5,0.5,0.5,0,0.22749999999999998,0.5965707786078026,0.0,0.0,False,False,True,False,True,False,False,False
0,0.5345249755142018,0.5166666666666666,0.5027881040892194,0,0.4303571428571429,0.9999999999999999,0.0,0.0,False,False,True,False,True,False,False,False
0,0.5,0.5,0.5,0,0.48571428571428565,0.9999999999999999,0.01,0.989,False,False,True,False,True,False,False,False
1,0.0734573947110676,0.75,0.0,1,0.40892857142857136,0.5624244835880647,0.0,0.0,False,True,False,False,False,False,False,True
0,0.5,0.5,0.5,0,0.24803571428571428,0.9999999999999999,0.0,0.0,False,False,True,False,False,True,False,False
1,0.4605778648383937,0.31666666666666665,0.5283457249070632,0,0.5089285714285714,0.9999999999999999,0.0,0.996,False,False,False,True,True,False,False,False
0,0.5,0.5,0.5,0,0.3625,0.9999999999999999,0.03,0.098,False,False,False,True,False,True,False,False
1,0.1398139079333986,0.6944444444444444,0.3503717472118959,1,0.41428571428571426,0.9999999999999999,0.12,0.998,False,False,True,False,False,False,False,True
0,0.6447110675808031,0.3388888888888889,0.7072490706319703,1,0.1270892857142857,0.5158388957495129,0.45,0.029,False,True,False,False,False,False,True,False
0,0.46547502448579825,0.48333333333333334,0.4972118959107807,0,0.0005535714285714286,0.5291733941819513,1.0,0.0,True,False,False,False,False,False,True,False
1,0.44343780607247796,0.48333333333333334,0.39869888475836435,1,0.5071428571428571,0.9999999999999999,0.0,0.844,False,True,False,False,True,False,False,False
0,0.5,0.5,0.5,0,0.17657142857142857,0.9999999999999999,0.0,0.0,False,False,False,True,False,True,False,False
1,0.1398139079333986,0.6944444444444444,0.3503717472118959,1,0.42142857142857143,0.5962793269996661,0.06,0.0,False,False,True,False,False,False,False,True
1,0.5734573947110676,0.3611111111111111,0.48141263940520446,0,0.5357142857142857,0.9999999999999999,0.05,0.835,False,False,True,False,True,False,False,False
1,0.6469147894221352,0.2888888888888889,0.5274163568773235,0,0.5035714285714286,0.9999999999999999,0.0,1.0,False,False,True,False,True,False,False,False
0,0.5,0.5,0.5,0,0.23249999999999998,0.9999999999999999,0.19,0.041,False,True,False,False,False,False,False,True
0,0.5394221351616063,0.8,0.4851301115241636,0,0.6071428571428571,0.3326258710925907,0.0,1.0,False,True,False,False,False,False,False,True
1,0.46547502448579825,0.5222222222222223,0.29879182156133827,1,0.5071428571428571,0.9999999999999999,0.0,0.997,False,False,True,False,False,True,False,False
1,0.5734573947110676,0.7,0.2736988847583643,1,0.6071428571428571,0.47174028271991625,0.0,1.0,False,True,False,False,False,False,False,True
1,0.7426542605288933,0.27222222222222225,0.7225836431226766,1,0.4678571428571428,0.9999999999999999,0.01,0.999,False,False,True,False,True,False,False,False
0,0.5,0.5,0.5,0,0.000125,0.9999999999999999,0.0,0.0,False,False,False,True,False,False,True,False
0,0.568560235063663,0.4666666666666667,0.5473977695167286,0,0.48571428571428565,0.9999999999999999,0.0,0.862,True,False,False,False,False,False,True,False
0,0.5,0.5,0.5,0,3.571428571428571e-05,0.9999999999999999,0.0,0.0,True,False,False,False,False,True,False,False
1,0.37022526934378064,0.8888888888888888,0.23559479553903345,1,0.4660714285714286,0.49542247185236943,0.01,0.013,False,True,False,False,False,False,False,True
1,0.056317335945151814,0.5722222222222222,0.23698884758364308,0,0.6785714285714285,0.9999999999999999,0.0,0.0,False,True,False,False,True,False,False,False
0,0.43119490695396673,0.5555555555555556,0.262546468401487,1,0.425,0.9999999999999999,0.03,0.314,False,False,True,False,True,False,False,False
1,0.5639079333986288,0.7944444444444444,0.5157992565055762,0,0.45535714285714285,0.9999999999999999,0.0,0.999,False,False,True,False,False,False,False,True
1,0.24265426052889322,0.5444444444444444,0.23605947955390333,0,0.625,0.5624186068453386,0.0,0.0,False,True,False,False,False,False,True,False
0,0.5,0.5,0.5,0,0.2330357142857143,0.4207263433120324,0.0,0.0,False,False,True,False,True,False,False,False
1,0.056317335945151814,0.5722222222222222,0.23698884758364308,0,0.6964285714285714,0.5966183414900973,0.0,0.0,False,True,False,False,True,False,False,False
1,0.056317335945151814,0.5722222222222222,0.23698884758364308,0,0.44285714285714284,0.9999999999999999,0.0,0.0,False,False,False,True,False,False,True,False
1,0.45592556317335947,0.6055555555555555,0.5111524163568774,0,0.4196428571428571,0.9999999999999999,0.0,0.144,True,False,False,False,False,True,False,False
0,0.5,0.5,0.5,0,0.23214285714285712,0.9999999999999999,0.0,0.395,False,False,False,True,False,True,False,False
1,0.14201762977473065,0.7166666666666667,0.04739776951672858,1,0.6607142857142857,0.9999999999999999,0.0,0.0,True,False,False,False,False,False,False,True
1,0.17874632713026445,0.2888888888888889,0.22211895910780666,0,0.6607142857142857,0.9999999999999999,0.0,0.0,False,False,False,True,True,False,False,False
1,0.35308521057786485,0.711111111111111,0.4725836431226766,0,0.44821428571428573,0.5182759457926377,0.0,1.0,True,False,False,False,False,False,True,False
0,0.5,0.5,0.5,0,0.08564285714285715,0.5965548939145003,0.0,0.0,True,False,False,False,False,False,True,False
1,0.5734573947110676,0.7,0.2736988847583643,1,0.6071428571428571,0.5291455597852418,0.0,1.0,False,True,False,False,False,False,False,True
0,0.6447110675808031,0.3388888888888889,0.7072490706319703,1,0.0007678571428571427,0.24113294898994395,0.27,0.001,False,True,False,False,False,False,True,False
1,0.460822722820764,0.9277777777777778,0.6482342007434945,1,0.4178571428571428,0.9999999999999999,0.16,0.02,True,False,False,False,False,False,False,True
1,0.6077375122428991,0.5166666666666666,0.5190520446096655,0,0.5303571428571429,0.9999999999999999,0.0,0.997,False,False,True,False,False,False,False,True
0,0.4314397649363369,0.5333333333333333,0.4526022304832714,0,0.4178571428571428,0.43105445690045785,0.05,0.096,False,False,True,False,True,False,False,False
0,0.5,0.5,0.5,0,0.23553571428571426,0.9999999999999999,0.09,0.919,True,False,False,False,False,False,True,False
0,0.49779627815866795,0.4777777777777778,0.8029739776951673,1,0.3291071428571428,0.5027194113906136,0.05,0.461,False,False,True,False,True,False,False,False
1,0.46057786483839375,0.2,0.5148698884758364,0,0.40892857142857136,0.9999999999999999,0.06,0.966,False,False,False,True,False,True,False,False
1,0.0,0.55,0.22630111524163565,0,0.5535714285714285,0.9999999999999999,0.0,0.0,False,False,True,False,True,False,False,False
1,0.0,0.55,0.22630111524163565,0,0.0,0.9999999999999999,0.0,0.0,False,False,True,False,True,False,False,False
1,0.33080313418217433,0.7055555555555555,0.2639405204460966,1,0.625,0.9999999999999999,0.0,1.0,False,True,False,False,True,False,False,False
0,0.5737022526934378,0.6444444444444444,0.5065055762081785,0,0.43571428571428567,0.9999999999999999,0.05,0.528,False,True,False,False,False,False,False,True
0,0.4265426052889324,0.5222222222222223,0.5134758364312267,0,0.40178571428571425,0.5952278171004857,0.22,0.749,True,False,False,False,False,False,True,False
1,0.0,0.55,0.22630111524163565,0,0.6607142857142857,0.9999999999999999,0.0,0.0,False,False,True,False,True,False,False,False
1,0.556562193927522,0.5166666666666666,0.6013011152416357,1,0.4928571428571429,0.9999999999999999,0.0,1.0,True,False,False,False,False,True,False,False
1,0.0734573947110676,0.75,0.0,1,0.37857142857142856,0.9999999999999999,0.0,0.0,False,True,False,False,False,False,False,True
0,0.5,0.5,0.5,0,0.12630357142857143,0.9999999999999999,0.0,0.0,False,False,True,False,False,False,False,True
1,0.568560235063663,0.6333333333333333,0.49814126394052044,0,0.5714285714285714,0.9999999999999999,0.0,0.941,False,True,False,False,False,False,False,True
0,0.5,0.5,0.5,0,0.3821428571428571,0.5291272161404532,0.0,0.0,False,True,False,False,False,False,True,False
1,0.37022526934378064,0.8888888888888888,0.23559479553903345,1,0.39999999999999997,0.9999999999999999,0.12,0.344,False,True,False,False,False,False,False,True
0,0.5,0.5,0.5,0,0.3625,0.9999999999999999,0.06,0.272,False,False,True,False,True,False,False,False
0,0.5639079333986288,0.7555555555555555,0.5139405204460967,0,0.44285714285714284,0.9999999999999999,0.0,0.0,False,True,False,False,False,False,False,True
1,0.45592556317335947,0.6055555555555555,0.5111524163568774,0,0.3625,0.9999999999999999,0.0,0.0,True,False,False,False,False,True,False,False
1,0.17874632713026445,0.2888888888888889,0.22211895910780666,0,0.48392857142857143,0.9999999999999999,0.0,0.0,False,False,False,True,False,False,True,False
1,0.6420176297747306,0.2055555555555556,0.370817843866171,1,0.6071428571428571,0.5921720473407994,0.0,0.892,False,True,False,False,True,False,False,False
0,0.5,0.5,0.5,0,0.14358928571428572,0.34502423254547115,0.0,0.0,False,True,False,False,False,False,False,True
0,0.5,0.5,0.5,0,0.3039285714285714,0.9999999999999999,0.0,0.0,False,False,True,False,True,False,False,False
1,0.14226248775710088,0.6944444444444444,0.23745353159851296,0,0.00010714285714285714,0.9999999999999999,1.0,0.003,False,True,False,False,False,False,False,True
1,0.35798237022526935,0.6722222222222223,0.6486988847583643,1,0.31535714285714284,0.9999999999999999,0.53,0.002,True,False,False,False,False,False,True,False
1,0.4755142017629775,0.5444444444444444,0.4711895910780669,0,0.4589285714285714,0.9999999999999999,0.0,1.0,False,True,False,False,False,False,False,True
0,0.5661116552399609,0.35,0.487453531598513,0,0.46249999999999997,0.9999999999999999,0.0,0.986,False,False,True,False,True,False,False,False
0,0.5394221351616063,0.8,0.4851301115241636,0,0.1932142857142857,0.30054509563587195,0.66,0.97,False,True,False,False,False,False,False,True
0,0.5,0.5,0.5,0,0.0004642857142857142,0.9999999999999999,0.0,0.0,True,False,False,False,False,False,True,False
0,0.5,0.5,0.5,0,0.2551785714285714,0.5026217953349228,0.0,0.0,False,True,False,False,False,False,False,True
0,0.5,0.5,0.5,0,0.0016785714285714286,0.9999999999999999,0.0,0.0,False,False,False,True,False,False,True,False
0,0.5759059745347699,0.3944444444444445,0.4697955390334573,0,0.2305357142857143,0.1828761436985511,0.42,0.0,False,True,False,False,True,False,False,False
0,0.5759059745347699,0.3944444444444445,0.4697955390334573,0,0.21964285714285714,0.9999999999999999,0.1,0.746,False,True,False,False,True,False,False,False
0,0.45592556317335947,0.6444444444444444,0.5130111524163569,0,0.38571428571428573,0.49543914350077456,0.17,0.001,False,False,True,False,False,False,False,True
0,0.5,0.5,0.5,0,0.2575,0.9999999999999999,0.0,0.0,False,False,True,False,True,False,False,False
1,0.5345249755142018,0.5166666666666666,0.5027881040892194,0,0.425,0.9999999999999999,0.2,0.985,False,False,True,False,True,False,False,False
1,0.056317335945151814,0.5722222222222222,0.23698884758364308,0,0.029107142857142852,0.5180957809483256,0.0,0.0,False,True,False,False,False,False,True,False
1,0.20323212536728696,0.3611111111111111,0.2644052044609665,0,0.6428571428571428,0.9999999999999999,0.0,0.0,False,True,False,False,True,False,False,False
0,0.5,0.5,0.5,0,0.0020714285714285713,0.9999999999999999,0.0,0.0,True,False,False,False,False,False,True,False
1,0.3161116552399608,0.5222222222222223,0.2225836431226766,0,0.625,0.9999999999999999,0.0,1.0,False,False,True,False,False,False,False,True
1,0.5734573947110676,0.7,0.2736988847583643,1,0.45535714285714285,0.9999999999999999,0.0,0.19,False,True,False,False,False,False,False,True
1,0.4534769833496572,0.5722222222222222,0.35269516728624534,0,0.6071428571428571,0.4697457066862959,0.0,1.0,False,False,True,False,True,False,False,False
1,0.1398139079333986,0.6944444444444444,0.3503717472118959,1,0.75,0.9999999999999999,0.0,0.0,False,False,True,False,False,False,False,True
1,0.5734573947110676,0.7,0.2736988847583643,1,0.5,0.9999999999999999,0.0,0.995,False,True,False,False,False,False,False,True
0,0.5832517140058766,0.4444444444444444,0.4767657992565056,0,0.4875,0.9999999999999999,0.0,0.998,False,True,False,False,False,False,False,True
0,0.5,0.5,0.5,0,0.06732142857142857,0.018688354869477786,0.0,0.0,False,False,True,False,True,False,False,False
1,0.49779627815866795,0.4777777777777778,0.8029739776951673,1,0.7321428571428571,0.9999999999999999,0.0,0.0,False,False,True,False,True,False,False,False
0,0.5,0.5,0.5,0,0.0065,0.596605987790015,0.0,0.0,True,False,False,False,False,False,False,True
1,0.14226248775710088,0.6944444444444444,0.23745353159851296,0,0.345,0.9999999999999999,0.03,0.311,False,True,False,False,False,False,False,True
1,0.502203721841332,0.05555555555555558,0.47165427509293684,0,0.47678571428571426,0.9999999999999999,0.01,0.973,False,False,False,True,True,False,False,False
0,0.5734573947110676,0.3611111111111111,0.48141263940520446,0,0.13449999999999998,0.545228013452787,0.68,0.0,False,False,True,False,True,False,False,False
1,0.0734573947110676,0.75,0.0,1,0.13723214285714283,0.9999999999999999,0.09,0.002,False,True,False,False,False,False,False,True
1,0.1398139079333986,0.6944444444444444,0.3503717472118959,1,0.5178571428571428,0.9999999999999999,0.0,0.0,False,False,True,False,False,False,False,True
0,0.5,0.5,0.5,0,0.08433928571428571,0.5628175907412536,0.0,0.0,True,False,False,False,False,False,False,True
0,0.5,0.5,0.5,0,0.05903571428571428,0.9999999999999999,0.0,0.0,True,False,False,False,False,False,True,False
1,0.0,0.55,0.22630111524163565,0,0.3507142857142857,0.9999999999999999,0.01,0.001,False,False,True,False,True,False,False,False
1,0.4534769833496572,0.5722222222222222,0.35269516728624534,0,0.625,0.5182871976923161,0.0,1.0,False,False,True,False,True,False,False,False
1,0.5296278158667973,0.7888888888888889,0.5195167286245354,0,0.42857142857142855,0.9999999999999999,0.0,0.224,False,True,False,False,False,False,False,True
0,0.39226248775710093,0.48333333333333334,0.4809479553903346,0,0.023607142857142858,0.9999999999999999,0.12,0.281,False,False,False,True,False,False,True,False
0,0.5,0.5,0.5,0,0.27249999999999996,0.5965952267259672,0.0,0.0,False,True,False,False,False,False,True,False
1,0.5832517140058766,0.40555555555555556,0.4749070631970261,0,0.0,0.9999999999999999,0.0,0.0,True,False,False,False,False,False,False,True
1,0.14226248775710088,0.6944444444444444,0.23745353159851296,0,0.6607142857142857,0.9999999999999999,0.0,0.0,False,True,False,False,False,False,False,True
0,0.5785994123408423,0.37222222222222223,0.48977695167286245,0,0.5892857142857143,0.5966308206874679,0.0,0.999,False,False,True,False,True,False,False,False
0,0.5737022526934378,0.6444444444444444,0.5065055762081785,0,0.205,0.9999999999999999,0.45,0.837,False,True,False,False,False,False,False,True
1,0.502203721841332,0.05555555555555558,0.47165427509293684,0,0.5892857142857143,0.9999999999999999,0.0,0.999,False,False,False,True,True,False,False,False
1,0.45592556317335947,0.6444444444444444,0.5130111524163569,0,0.4928571428571429,0.9999999999999999,0.0,0.985,False,False,True,False,False,False,False,True
1,0.5244857982370226,0.45555555555555555,0.5288104089219331,0,0.3094642857142857,0.9999999999999999,0.07,0.357,False,False,False,True,False,True,False,False
1,0.6447110675808031,0.3388888888888889,0.7072490706319703,1,0.48392857142857143,0.5844382062208063,0.0,0.986,False,True,False,False,False,False,True,False
1,0.43119490695396673,0.5555555555555556,0.262546468401487,1,0.625,0.9999999999999999,0.01,0.999,False,False,True,False,True,False,False,False
1,0.33080313418217433,0.7055555555555555,0.2639405204460966,1,0.2576785714285714,0.9999999999999999,0.0,0.0,False,False,True,False,False,False,False,True
0,0.5785994123408423,0.37222222222222223,0.48977695167286245,0,0.15060714285714283,0.9999999999999999,0.39,0.001,False,False,True,False,True,False,False,False
1,0.3947110675808031,0.9611111111111111,0.27788104089219334,1,0.48571428571428565,0.9999999999999999,0.0,0.985,False,False,True,False,False,False,False,True
0,0.5,0.5,0.5,0,0.4053571428571428,0.9999999999999999,0.03,0.913,True,False,False,False,False,False,True,False
0,0.5,0.5,0.5,0,0.2932142857142857,0.4235305386164094,0.0,0.0,False,False,True,False,True,False,False,False
0,0.5,0.5,0.5,0,0.17226785714285714,0.36872729277898864,0.0,0.0,False,False,False,True,False,True,False,False
1,0.4265426052889324,0.6388888888888888,0.5185873605947956,0,0.5071428571428571,0.9999999999999999,0.0,0.999,True,False,False,False,False,False,True,False
0,0.4338883447600392,0.65,0.512546468401487,0,0.25482142857142853,0.9999999999999999,0.19,0.04,True,False,False,False,False,False,True,False
0,0.5,0.5,0.5,0,0.33767857142857144,0.9999999999999999,0.02,0.06,False,True,False,False,False,False,False,True
0,0.568560235063663,0.6333333333333333,0.49814126394052044,0,0.4303571428571429,0.3589996105365444,0.43,0.828,False,True,False,False,False,False,False,True
1,0.4534769833496572,0.5722222222222222,0.35269516728624534,0,0.5267857142857143,0.5965909474186095,0.01,0.996,False,False,True,False,True,False,False,False
1,0.0,0.55,0.22630111524163565,0,0.7678571428571428,0.4648249629269686,0.0,0.0,False,False,True,False,True,False,False,False
1,0.5734573947110676,0.3611111111111111,0.48141263940520446,0,0.5892857142857143,0.9999999999999999,0.0,0.982,False,False,True,False,True,False,False,False
1,0.43364348677766895,0.6777777777777778,0.30762081784386613,1,0.5160714285714285,0.9999999999999999,0.0,0.998,True,False,False,False,False,True,False,False
1,0.14226248775710088,0.6944444444444444,0.23745353159851296,0,0.6071428571428571,0.5956809646969474,0.0,0.0,False,True,False,False,False,False,False,True
0,0.5,0.5,0.5,0,0.10391071428571427,0.23546149374027567,0.0,0.0,False,False,True,False,True,False,False,False
1,0.14201762977473065,0.7166666666666667,0.04739776951672858,1,0.6964285714285714,0.9999999999999999,0.0,0.0,True,False,False,False,False,False,False,True
0,0.5,0.5,0.5,0,0.15923214285714285,0.9999999999999999,0.0,0.0,False,False,True,False,True,False,False,False
0,0.5,0.5,0.5,0,0.0004464285714285714,0.562698813003443,0.0,0.0,False,False,False,True,False,True,False,False
0,0.5734573947110676,0.3611111111111111,0.48141263940520446,0,0.0008928571428571428,0.07699996786637485,1.0,0.004,False,False,True,False,True,False,False,False
1,0.5832517140058766,0.40555555555555556,0.4749070631970261,0,0.42142857142857143,0.9999999999999999,0.05,0.171,True,False,False,False,False,False,False,True
0,0.5,0.5,0.5,0,0.3242857142857143,0.9999999999999999,0.0,0.0,False,False,True,False,True,False,False,False
1,0.14226248775710088,0.6944444444444444,0.23745353159851296,0,3.571428571428571e-05,0.9999999999999999,0.15,0.024,False,True,False,False,False,False,False,True
0,0.6469147894221352,0.2888888888888889,0.5274163568773235,0,0.4589285714285714,0.9999999999999999,0.0,0.999,False,False,True,False,True,False,False,False
0,0.5,0.5,0.5,0,0.01307142857142857,0.9999999999999999,0.0,0.0,True,False,False,False,False,False,True,False
0,0.5,0.5,0.5,0,0.15605357142857143,0.3832552257667741,0.0,0.0,True,False,False,False,False,False,True,False
1,0.4534769833496572,0.5722222222222222,0.35269516728624534,0,0.625,0.9999999999999999,0.01,1.0,False,False,True,False,True,False,False,False
1,0.056317335945151814,0.5722222222222222,0.23698884758364308,0,0.0010535714285714285,0.9999999999999999,0.0,0.0,False,False,False,True,True,False,False,False
1,0.4975514201762977,0.5,0.6226765799256506,1,0.6071428571428571,0.9999999999999999,0.0,0.999,False,False,True,False,True,False,False,False
1,0.1398139079333986,0.6944444444444444,0.3503717472118959,1,0.2332142857142857,0.5422195372253538,0.11,0.147,False,False,True,False,False,False,False,True
0,0.5,0.5,0.5,0,0.7142857142857142,0.9999999999999999,0.0,0.0,False,False,False,True,False,True,False,False
1,0.14201762977473065,0.7166666666666667,0.04739776951672858,1,0.5267857142857143,0.9999999999999999,0.0,0.995,True,False,False,False,False,False,False,True
0,0.5,0.5,0.5,0,0.043875,0.596556848673909,0.0,0.0,True,False,False,False,False,False,True,False
1,0.502203721841332,0.05555555555555558,0.47165427509293684,0,0.0,0.9999999999999999,0.0,0.0,False,False,False,True,True,False,False,False
1,0.0,0.55,0.22630111524163565,0,0.4107142857142857,0.9999999999999999,0.16,0.79,False,False,True,False,True,False,False,False
0,0.5,0.5,0.5,0,0.1347857142857143,0.9999999999999999,0.0,0.0,False,False,True,False,True,False,False,False
1,0.6420176297747306,0.3277777777777778,0.35130111524163565,1,0.425,0.9999999999999999,0.1,0.772,False,False,True,False,True,False,False,False
1,0.7426542605288933,0.27222222222222225,0.7225836431226766,1,0.5892857142857143,0.9999999999999999,0.0,1.0,False,False,True,False,True,False,False,False
0,0.5,0.5,0.5,0,0.0020535714285714285,0.9999999999999999,0.0,0.0,False,False,False,True,False,False,True,False
1,0.37022526934378064,0.8888888888888888,0.23559479553903345,1,0.5892857142857143,0.5431732783723339,0.0,0.999,False,True,False,False,False,False,False,True
1,0.0,0.55,0.22630111524163565,0,0.7857142857142857,0.9999999999999999,0.0,0.0,False,False,True,False,True,False,False,False
1,0.47771792360430954,0.48333333333333334,0.40985130111524165,1,0.43392857142857144,0.9999999999999999,0.0,1.0,False,False,False,True,False,False,True,False
0,0.5,0.5,0.5,0,0.15503571428571428,0.5965661348534721,0.0,0.0,False,True,False,False,False,False,False,True
1,0.0734573947110676,0.75,0.0,1,0.3767857142857143,0.5628943066018016,0.0,0.0,False,True,False,False,False,False,False,True
0,0.539177277179236,0.35555555555555557,0.4851301115241636,0,0.13449999999999998,0.545228013452787,0.68,0.0,False,False,True,False,False,False,False,True
0,0.558765915768854,0.11111111111111116,0.574814126394052,1,0.25482142857142853,0.0935359248730083,0.07,0.0,False,False,False,True,True,False,False,False
0,0.5,0.5,0.5,0,0.25089285714285714,0.5431467694509221,0.0,0.0,False,False,True,False,True,False,False,False
0,0.4755142017629775,0.5444444444444444,0.4711895910780669,0,0.00010714285714285714,0.46687305285973485,0.9,0.0,False,True,False,False,False,False,False,True
1,0.14226248775710088,0.6944444444444444,0.23745353159851296,0,0.0893392857142857,0.9999999999999999,0.07,0.228,False,True,False,False,False,False,False,True
1,0.14226248775710088,0.6944444444444444,0.23745353159851296,0,0.7678571428571428,0.9999999999999999,0.0,0.0,False,True,False,False,False,False,False,True
1,0.5296278158667973,0.7888888888888889,0.5195167286245354,0,0.5035714285714286,0.596601340675,0.0,1.0,False,True,False,False,False,False,False,True
0,0.4265426052889324,0.5222222222222223,0.5134758364312267,0,0.34249999999999997,0.41031495243449795,0.01,0.01,True,False,False,False,False,False,True,False
0,0.4534769833496572,0.5722222222222222,0.35269516728624534,0,0.6071428571428571,0.35614457780849745,0.0,0.994,False,False,True,False,True,False,False,False
0,0.35798237022526935,0.6722222222222223,0.6486988847583643,1,0.0,0.9999999999999999,0.0,0.0,True,False,False,False,False,False,True,False
1,0.3922624877571009,0.7944444444444444,0.650092936802974,1,0.4875,0.9999999999999999,0.01,0.998,True,False,False,False,False,True,False,False
0,0.5,0.5,0.5,0,0.4035714285714286,0.9999999999999999,0.55,0.863,False,False,True,False,True,False,False,False
1,0.14226248775710088,0.6944444444444444,0.23745353159851296,0,0.40892857142857136,0.9999999999999999,0.02,0.607,False,True,False,False,False,False,False,True
0,0.5345249755142018,0.5166666666666666,0.5027881040892194,0,0.43392857142857144,0.9999999999999999,0.01,0.705,False,False,True,False,True,False,False,False
0,0.5734573947110676,0.3611111111111111,0.48141263940520446,0,0.5267857142857143,0.9999999999999999,0.02,0.835,False,False,True,False,True,False,False,False
0,0.5,0.5,0.5,0,0.1293035714285714,0.9999999999999999,0.31,0.232,True,False,False,False,False,False,True,False
0,0.5345249755142018,0.47777777777777775,0.5009293680297398,0,0.20732142857142855,0.41359484049590606,0.09,0.004,False,False,True,False,False,True,False,False
1,0.0,0.55,0.22630111524163565,0,0.4732142857142857,0.5430132211849173,0.0,0.277,False,False,True,False,True,False,False,False
0,0.5,0.5,0.5,0,0.0009285714285714285,0.5960383007173874,0.0,0.0,False,False,False,True,False,True,False,False
0,0.5,0.5,0.5,0,8.928571428571429e-05,0.5964722550203353,0.0,0.0,True,False,False,False,False,False,True,False
1,0.14226248775710088,0.6944444444444444,0.23745353159851296,0,0.4125,0.9999999999999999,0.01,0.689,False,True,False,False,False,False,False,True
1,0.20323212536728696,0.3611111111111111,0.2644052044609665,0,0.08417857142857144,0.9999999999999999,0.0,0.0,False,True,False,False,True,False,False,False
0,0.3797747306562194,0.37777777777777777,0.48838289962825276,0,0.45714285714285713,0.2659157844323995,0.0,0.997,False,False,False,True,True,False,False,False
0,0.4534769833496572,0.5722222222222222,0.35269516728624534,0,0.3410714285714286,0.5964559147573835,0.28,0.503,False,False,True,False,True,False,False,False
1,0.0,0.55,0.22630111524163565,0,0.625,0.9999999999999999,0.0,0.99,False,False,True,False,True,False,False,False
1,0.14226248775710088,0.6944444444444444,0.23745353159851296,0,0.0,0.9999999999999999,0.0,0.0,False,True,False,False,False,False,False,True
0,0.4975514201762977,0.5,0.6226765799256506,1,0.4392857142857143,0.5183111778091071,0.06,0.032,False,False,True,False,True,False,False,False
1,0.6028403525954946,0.7555555555555555,0.4995353159851301,0,0.5892857142857143,0.9999999999999999,0.0,1.0,False,False,True,False,False,False,False,True
0,0.5,0.5,0.5,0,0.13524999999999998,0.562804399244597,0.0,0.0,True,False,False,False,False,False,True,False
1,0.4975514201762977,0.5,0.6226765799256506,1,0.42321428571428565,0.9999999999999999,0.02,0.218,False,False,True,False,True,False,False,False
1,0.5,0.5,0.5,0,0.20446428571428568,0.9999999999999999,0.0,0.0,False,False,True,False,True,False,False,False
1,0.6469147894221352,0.2888888888888889,0.5274163568773235,0,0.5892857142857143,0.9999999999999999,0.0,0.989,False,False,True,False,True,False,False,False
0,0.5,0.5,0.5,0,0.025607142857142856,0.5182258330630175,0.0,0.0,True,False,False,False,False,False,True,False
1,0.14226248775710088,0.6944444444444444,0.23745353159851296,0,0.40714285714285714,0.5807968076326054,0.08,0.566,False,True,False,False,False,False,False,True
0,0.5,0.5,0.5,0,0.18803571428571425,0.9999999999999999,0.0,0.0,False,True,False,False,True,False,False,False
0,0.4265426052889324,0.6388888888888888,0.5185873605947956,0,0.4803571428571428,0.9999999999999999,0.01,0.955,True,False,False,False,False,False,True,False
1,0.14226248775710088,0.6944444444444444,0.23745353159851296,0,0.40714285714285714,0.9999999999999999,0.06,0.458,False,True,False,False,False,False,False,True
1,0.0734573947110676,0.75,0.0,1,0.5714285714285714,0.9999999999999999,0.0,0.904,False,True,False,False,False,False,False,True
1,0.6297747306562194,0.11111111111111116,0.7644052044609666,1,0.4392857142857143,0.9999999999999999,0.01,0.988,False,False,False,True,False,True,False,False
0,0.42140058765915767,0.6277777777777778,0.5102230483271375,0,0.3414285714285714,0.5628927160418976,0.03,0.046,True,False,False,False,False,False,True,False
1,0.20323212536728696,0.3611111111111111,0.2644052044609665,0,0.27625,0.9999999999999999,0.0,0.0,False,True,False,False,True,False,False,False
1,0.6762977473065622,0.3277777777777778,0.3722118959107807,1,0.5892857142857143,0.9999999999999999,0.0,0.997,False,False,True,False,True,False,False,False
1,0.43119490695396673,0.5555555555555556,0.262546468401487,1,0.5892857142857143,0.9999999999999999,0.01,0.995,False,False,True,False,True,False,False,False
1,0.49779627815866795,0.4777777777777778,0.8029739776951673,1,0.5714285714285714,0.9999999999999999,0.05,0.857,False,False,True,False,True,False,False,False
1,0.7426542605288933,0.27222222222222225,0.7225836431226766,1,0.45535714285714285,0.9999999999999999,0.0,0.252,False,False,True,False,False,True,False,False
1,0.0734573947110676,0.75,0.0,1,0.6785714285714285,0.48960370406774234,0.0,0.0,False,True,False,False,False,False,False,True
1,0.5222820763956905,0.5166666666666666,0.5901486988847584,1,0.1185892857142857,0.9999999999999999,0.0,0.0,False,False,True,False,False,False,False,True
0,0.2573457394711067,0.7277777777777777,0.2774163568773234,1,0.30499999999999994,0.596551839760099,0.07,0.331,True,False,False,False,False,False,True,False
0,0.5,0.5,0.5,0,0.09383928571428571,0.9999999999999999,0.0,0.0,False,False,True,False,False,False,False,True
1,0.14226248775710088,0.6944444444444444,0.23745353159851296,0,0.625,0.9999999999999999,0.0,0.0,False,True,False,False,False,False,False,True
0,0.539177277179236,0.35555555555555557,0.4851301115241636,0,7.142857142857142e-05,0.47986455529869054,0.65,0.004,False,False,True,False,False,False,False,True
0,0.568560235063663,0.6333333333333333,0.49814126394052044,0,0.3964285714285714,0.9999999999999999,0.05,0.0,False,True,False,False,False,False,False,True
1,0.14226248775710088,0.6944444444444444,0.23745353159851296,0,0.19035714285714284,0.9999999999999999,0.76,0.055,False,True,False,False,False,False,False,True
0,0.5,0.5,0.5,0,0.2926785714285714,0.9999999999999999,0.0,0.0,False,False,True,False,False,True,False,False
0,0.5661116552399609,0.35,0.487453531598513,0,0.11103571428571428,0.9999999999999999,0.61,0.002,False,False,True,False,True,False,False,False
0,0.6471596474045054,0.7,0.49070631970260226,0,0.4178571428571428,0.9999999999999999,0.05,0.006,False,True,False,False,False,False,False,True
1,0.1398139079333986,0.6944444444444444,0.3503717472118959,1,0.019910714285714285,0.5965269250207358,0.67,0.003,False,False,True,False,False,False,False,True
1,0.4975514201762977,0.5,0.6129182156133829,1,0.625,0.9999999999999999,0.04,0.471,False,False,True,False,False,True,False,False
0,0.5,0.5,0.5,0,0.19142857142857142,0.9999999999999999,0.0,0.0,False,False,False,True,False,True,False,False
1,0.46547502448579825,0.5222222222222223,0.4990706319702602,0,0.42857142857142855,0.9999999999999999,0.27,0.66,False,True,False,False,False,False,True,False
1,0.14201762977473065,0.7166666666666667,0.04739776951672858,1,0.6785714285714285,0.5965133738277071,0.0,0.0,True,False,False,False,False,False,False,True
1,0.0734573947110676,0.75,0.0,1,0.39285714285714285,0.595941451349708,0.0,0.0,False,True,False,False,False,False,False,True
1,0.6028403525954946,0.7555555555555555,0.4995353159851301,0,0.5714285714285714,0.9999999999999999,0.0,1.0,False,False,True,False,False,False,False,True
0,0.5,0.5,0.5,0,0.17269642857142856,0.9999999999999999,0.0,0.0,False,True,False,False,False,False,False,True
1,0.703232125367287,0.3111111111111111,0.5381040892193308,0,0.27625,0.9999999999999999,0.0,0.0,False,True,False,False,False,False,True,False
0,0.5,0.5,0.5,0,0.0006428571428571428,0.9999999999999999,0.0,0.0,False,False,False,True,False,True,False,False
0,0.5688050930460333,0.4444444444444444,0.737453531598513,1,0.4375,0.3917904101260817,0.02,0.454,True,False,False,False,False,False,True,False
1,0.6420176297747306,0.3277777777777778,0.35130111524163565,1,0.4517857142857143,0.59656381314246,0.01,1.0,False,False,True,False,True,False,False,False
0,0.5296278158667973,0.7888888888888889,0.5195167286245354,0,0.3346428571428571,0.3917991391277454,0.15,0.536,False,True,False,False,False,False,False,True
1,0.5734573947110676,0.4777777777777778,0.4865241635687732,0,0.44821428571428573,0.5960645387595831,0.0,1.0,False,False,True,False,True,False,False,False
0,0.5,0.5,0.5,0,0.17530357142857142,0.9999999999999999,0.0,0.0,False,False,True,False,False,True,False,False
1,0.5832517140058766,0.4444444444444444,0.4767657992565056,0,0.5017857142857143,0.9999999999999999,0.0,0.948,False,True,False,False,False,False,False,True
1,0.6028403525954946,0.7555555555555555,0.4995353159851301,0,0.4660714285714286,0.9999999999999999,0.0,1.0,False,False,True,False,False,False,False,True
1,0.539177277179236,0.07222222222222224,0.35176579925650553,1,0.5535714285714285,0.9999999999999999,0.0,0.992,False,False,False,True,True,False,False,False
0,0.5,0.5,0.5,0,0.1926785714285714,0.9999999999999999,0.0,0.0,False,True,False,False,True,False,False,False
1,0.4534769833496572,0.5722222222222222,0.35269516728624534,0,0.6071428571428571,0.5072472349539127,0.0,1.0,False,False,True,False,True,False,False,False
0,0.5,0.5,0.5,0,0.11298214285714285,0.9999999999999999,0.0,0.0,False,False,True,False,True,False,False,False
1,0.5024485798237023,0.5,0.37732342007434944,1,0.3982142857142857,0.5431634887813412,0.05,0.0,True,False,False,False,False,False,True,False
1,0.14226248775710088,0.6944444444444444,0.23745353159851296,0,0.2864285714285714,0.9999999999999999,0.03,0.093,False,True,False,False,False,False,False,True
0,0.5,0.5,0.5,0,0.24375,0.9999999999999999,0.21,0.067,True,False,False,False,False,True,False,False
0,0.5,0.5,0.5,0,0.013267857142857142,0.562514662385955,0.0,0.0,False,False,True,False,True,False,False,False
0,0.568560235063663,0.6333333333333333,0.49814126394052044,0,0.5267857142857143,0.5181789449645318,0.01,0.739,False,True,False,False,False,False,False,True
0,0.49779627815866795,0.4777777777777778,0.8029739776951673,1,0.5714285714285714,0.36206223511750896,0.02,0.487,False,False,True,False,True,False,False,False
1,0.1398139079333986,0.6944444444444444,0.3503717472118959,1,0.13830357142857141,0.9999999999999999,0.65,0.127,False,False,True,False,False,False,False,True
0,0.4338883447600392,0.65,0.512546468401487,0,0.47142857142857136,0.596625314764758,0.0,0.895,True,False,False,False,False,False,True,False
0,0.5,0.5,0.5,0,0.22107142857142859,0.48966575453994693,0.0,0.0,False,True,False,False,False,False,False,True
0,0.5,0.5,0.5,0,0.00125,0.9999999999999999,0.0,0.0,True,False,False,False,False,False,True,False
1,0.5,0.5,0.5,0,0.42857142857142855,0.9999999999999999,0.03,0.431,False,True,False,False,False,False,False,True
0,0.5832517140058766,0.4444444444444444,0.4767657992565056,0,0.4107142857142857,0.9999999999999999,0.01,0.95,False,True,False,False,False,False,False,True
1,0.1398139079333986,0.6944444444444444,0.3503717472118959,1,0.42321428571428565,0.9999999999999999,0.06,0.853,False,False,True,False,False,False,False,True
1,0.5222820763956905,0.5166666666666666,0.5901486988847584,1,0.28214285714285714,0.9999999999999999,0.0,0.0,False,False,True,False,False,False,False,True
0,0.5,0.5,0.5,0,0.15660714285714283,0.5628392789808065,0.0,0.0,False,False,True,False,True,False,False,False
0,0.4534769833496572,0.5722222222222222,0.35269516728624534,0,0.4732142857142857,0.9999999999999999,0.0,0.675,False,False,True,False,True,False,False,False
1,0.4265426052889324,0.30000000000000004,0.7263011152416357,1,0.49821428571428567,0.5074524003226882,0.0,0.997,False,False,False,True,True,False,False,False
1,0.1398139079333986,0.6944444444444444,0.3503717472118959,1,0.4660714285714286,0.9999999999999999,0.01,0.962,False,False,True,False,False,False,False,True
1,0.4167482859941234,0.5555555555555556,0.5232342007434945,0,0.5535714285714285,0.9999999999999999,0.0,0.531,False,True,False,False,True,False,False,False
0,0.5,0.5,0.5,0,0.4035714285714286,0.9999999999999999,0.01,0.962,True,False,False,False,False,False,True,False
0,0.5,0.5,0.5,0,0.21303571428571427,0.9999999999999999,0.0,0.0,False,False,True,False,True,False,False,False
1,0.24265426052889322,0.5444444444444444,0.23605947955390333,0,0.625,0.9999999999999999,0.0,0.0,False,True,False,False,True,False,False,False
1,0.0734573947110676,0.75,0.0,1,0.49107142857142855,0.9999999999999999,0.01,0.791,False,True,False,False,False,False,False,True
0,0.4534769833496572,0.5722222222222222,0.35269516728624534,0,0.4607142857142857,0.9999999999999999,0.22,0.808,False,False,True,False,True,False,False,False
1,0.7426542605288933,0.27222222222222225,0.7225836431226766,1,0.45535714285714285,0.9999999999999999,0.0,0.999,False,False,True,False,True,False,False,False
1,0.5734573947110676,0.7,0.2736988847583643,1,0.4375,0.9999999999999999,0.0,0.912,False,True,False,False,False,False,False,True
1,0.37022526934378064,0.8888888888888888,0.23559479553903345,1,0.49821428571428567,0.9999999999999999,0.04,0.385,False,True,False,False,False,False,False,True
0,0.35798237022526935,0.7944444444444444,0.629182156133829,1,0.44107142857142856,0.9999999999999999,0.0,0.776,True,False,False,False,False,True,False,False
1,0.0,0.55,0.22630111524163565,0,0.9107142857142857,0.9999999999999999,0.0,0.0,False,False,True,False,True,False,False,False
0,0.5734573947110676,0.3611111111111111,0.48141263940520446,0,0.44285714285714284,0.9999999999999999,0.25,0.465,False,False,True,False,True,False,False,False
0,0.5734573947110676,0.7,0.2736988847583643,1,0.4267857142857142,0.5055897538280055,0.19,0.386,False,True,False,False,False,False,False,True
1,0.14226248775710088,0.6944444444444444,0.23745353159851296,0,0.27910714285714283,0.5965900916022899,0.33,0.024,False,True,False,False,False,False,False,True
1,0.37022526934378064,0.8888888888888888,0.23559479553903345,1,0.6071428571428571,0.5629023825540818,0.0,0.902,False,True,False,False,False,False,False,True
1,0.17874632713026445,0.2888888888888889,0.22211895910780666,0,0.625,0.9999999999999999,0.0,0.0,False,False,False,True,False,False,True,False
1,0.1398139079333986,0.6944444444444444,0.3503717472118959,1,0.35624999999999996,0.5965051961045533,0.01,0.991,False,False,True,False,False,False,False,True
0,0.5,0.5,0.5,0,0.24982142857142856,0.42949830782203097,0.0,0.0,False,True,False,False,False,False,False,True
0,0.46547502448579825,0.5222222222222223,0.4990706319702602,0,0.18232142857142858,0.382078770431324,0.1,0.021,False,True,False,False,False,False,True,False
1,0.14226248775710088,0.6944444444444444,0.23745353159851296,0,0.4125,0.9999999999999999,0.18,0.033,False,True,False,False,False,False,False,True
0,0.5832517140058766,0.4444444444444444,0.4767657992565056,0,0.39285714285714285,0.9999999999999999,0.01,0.053,True,False,False,False,False,False,False,True
1,0.4534769833496572,0.5722222222222222,0.35269516728624534,0,0.5892857142857143,0.9999999999999999,0.0,0.954,False,False,True,False,True,False,False,False
1,0.46057786483839375,0.2,0.5148698884758364,0,0.5535714285714285,0.9999999999999999,0.0,0.99,False,False,False,True,False,True,False,False
1,0.14226248775710088,0.6944444444444444,0.23745353159851296,0,0.20642857142857143,0.9999999999999999,0.42,0.001,False,True,False,False,False,False,False,True
0,0.5,0.5,0.5,0,0.173125,0.9999999999999999,0.0,0.0,False,False,False,True,False,True,False,False
1,0.5688050930460333,0.4444444444444444,0.737453531598513,1,0.5071428571428571,0.9999999999999999,0.01,0.969,True,False,False,False,False,False,True,False
1,0.17874632713026445,0.2888888888888889,0.22211895910780666,0,0.4607142857142857,0.9999999999999999,0.0,0.956,False,False,False,True,False,False,True,False
1,0.0734573947110676,0.75,0.0,1,0.47678571428571426,0.5181677180624291,0.0,0.928,True,False,False,False,False,False,False,True
1,0.17874632713026445,0.2888888888888889,0.22211895910780666,0,0.7321428571428571,0.9999999999999999,0.0,0.0,False,False,False,True,True,False,False,False
0,0.5,0.5,0.5,0,0.04046428571428571,0.9999999999999999,0.0,0.0,False,True,False,False,False,False,False,True
0,0.4755142017629775,0.5444444444444444,0.4711895910780669,0,0.4375,0.9999999999999999,0.0,0.994,False,True,False,False,False,False,False,True
1,0.703232125367287,0.3111111111111111,0.5381040892193308,0,0.47857142857142854,0.9999999999999999,0.0,1.0,False,True,False,False,False,False,True,False
0,0.5,0.5,0.5,0,0.0005892857142857143,0.48958972986858706,0.0,0.0,True,False,False,False,False,False,True,False
1,0.0734573947110676,0.75,0.0,1,0.7321428571428571,0.9999999999999999,0.0,0.0,False,True,False,False,False,False,False,True
1,0.0,0.55,0.22630111524163565,0,0.6785714285714285,0.35370709640644576,0.0,0.0,False,False,True,False,True,False,False,False
1,0.5832517140058766,0.4444444444444444,0.4767657992565056,0,0.5035714285714286,0.49419779179451795,0.0,0.998,False,True,False,False,False,False,False,True
0,0.5,0.5,0.5,0,0.15867857142857142,0.30788758814751704,0.0,0.0,False,False,True,False,True,False,False,False
0,0.4265426052889324,0.9277777777777778,0.6273234200743494,1,0.3625,0.4817868556773014,0.19,0.004,True,False,False,False,False,False,False,True
1,0.14226248775710088,0.6944444444444444,0.23745353159851296,0,0.0003214285714285714,0.9999999999999999,0.27,0.057,False,True,False,False,False,False,False,True
0,0.5,0.5,0.5,0,0.005928571428571429,0.9999999999999999,0.0,0.0,False,True,False,False,False,False,False,True
1,0.056317335945151814,0.5722222222222222,0.23698884758364308,0,0.03610714285714285,0.5966218891716455,0.0,0.0,False,True,False,False,False,False,True,False
0,0.5394221351616063,0.8,0.4851301115241636,0,0.016410714285714285,0.5628102006197813,0.47,0.072,False,True,False,False,False,False,False,True
1,0.4167482859941234,0.5555555555555556,0.5232342007434945,0,0.4053571428571428,0.5628892292270784,0.57,0.994,False,False,False,True,False,True,False,False
0,0.5,0.5,0.5,0,0.17214285714285715,0.9999999999999999,0.13,0.04,False,True,False,False,False,False,False,True
1,0.43609206660137123,0.24444444444444446,0.48605947955390333,0,0.5125,0.9999999999999999,0.0,1.0,False,False,False,True,False,True,False,False
1,0.46057786483839375,0.2,0.5148698884758364,0,0.5142857142857142,0.9999999999999999,0.0,0.964,False,False,False,True,False,True,False,False
1,0.43119490695396673,0.5555555555555556,0.262546468401487,1,0.625,0.9999999999999999,0.0,1.0,False,False,True,False,True,False,False,False
0,0.5,0.5,0.5,0,0.1227142857142857,0.9999999999999999,0.09,0.073,False,False,False,True,False,True,False,False
1,0.6297747306562194,0.11111111111111116,0.7644052044609666,1,0.44821428571428573,0.9999999999999999,0.0,0.984,False,False,False,True,False,True,False,False
0,0.5734573947110676,0.3611111111111111,0.48141263940520446,0,0.5071428571428571,0.581048271905636,0.01,0.92,False,False,True,False,True,False,False,False
0,0.5,0.5,0.5,0,0.023714285714285716,0.9999999999999999,0.0,0.0,False,False,True,False,False,False,False,True
1,0.14226248775710088,0.6944444444444444,0.23745353159851296,0,0.49821428571428567,0.9999999999999999,0.0,0.869,False,True,False,False,False,False,False,True
1,0.0,0.55,0.22630111524163565,0,0.44107142857142856,0.9999999999999999,0.01,0.42,False,False,True,False,True,False,False,False
0,0.5,0.5,0.5,0,0.24767857142857141,0.9999999999999999,0.0,0.0,False,False,True,False,True,False,False,False
0,0.5,0.5,0.5,0,0.3048214285714286,0.9999999999999999,0.0,0.0,False,False,True,False,True,False,False,False
0,0.5,0.5,0.5,0,0.14483928571428573,0.06934887642462616,0.0,0.0,False,True,False,False,False,False,False,True
1,0.14201762977473065,0.7166666666666667,0.04739776951672858,1,0.36071428571428565,0.9999999999999999,0.16,0.474,True,False,False,False,False,False,False,True
1,0.24265426052889322,0.5444444444444444,0.23605947955390333,0,0.6964285714285714,0.9999999999999999,0.0,0.0,False,True,False,False,True,False,False,False
0,0.5,0.5,0.5,0,0.03051785714285714,0.9999999999999999,0.0,0.0,True,False,False,False,False,False,True,False
1,0.5785994123408423,0.37222222222222223,0.48977695167286245,0,0.48392857142857143,0.9999999999999999,0.02,0.63,False,False,True,False,True,False,False,False
0,0.5465230166503428,0.4277777777777778,0.6473048327137547,0,0.007535714285714285,0.32096451678424304,0.55,0.888,True,False,False,False,False,False,True,False
1,0.3947110675808031,0.9611111111111111,0.27788104089219334,1,0.49821428571428567,0.59610797747993,0.06,0.999,False,False,True,False,False,False,False,True
1,0.32125367286973555,0.7611111111111111,0.504182156133829,0,0.49821428571428567,0.47993447576064746,0.0,0.998,False,False,True,False,False,False,False,True
1,0.47037218413320275,0.21111111111111114,0.4804832713754647,0,0.47678571428571426,0.9999999999999999,0.0,0.882,False,False,False,True,False,True,False,False
1,0.24265426052889322,0.5444444444444444,0.23605947955390333,0,0.0,0.9999999999999999,0.0,0.0,False,True,False,False,True,False,False,False
1,0.46057786483839375,0.2,0.5148698884758364,0,0.4607142857142857,0.5182991862737174,0.0,0.999,False,False,False,True,False,True,False,False
0,0.5342801175318316,0.5055555555555555,0.4962825278810409,0,0.22035714285714283,0.5291290501938276,0.26,0.085,False,False,False,True,True,False,False,False
1,0.056317335945151814,0.5722222222222222,0.23698884758364308,0,0.7142857142857142,0.9999999999999999,0.0,0.0,False,False,False,True,True,False,False,False
0,0.7426542605288933,0.27222222222222225,0.7225836431226766,1,0.0004642857142857142,0.34593530163203545,0.68,0.001,False,False,True,False,False,True,False,False
1,0.0734573947110676,0.75,0.0,1,0.6428571428571428,0.9999999999999999,0.0,0.0,False,True,False,False,False,False,False,True
1,0.7426542605288933,0.27222222222222225,0.7225836431226766,1,0.6071428571428571,0.9999999999999999,0.0,1.0,False,False,True,False,False,True,False,False
0,0.5,0.5,0.5,0,0.018410714285714284,0.4645265860062593,0.0,0.0,False,False,True,False,True,False,False,False
1,0.14226248775710088,0.6944444444444444,0.23745353159851296,0,0.2998214285714285,0.9999999999999999,0.01,0.001,False,True,False,False,False,False,False,True
0,0.5737022526934378,0.6444444444444444,0.5065055762081785,0,0.00010714285714285714,0.18470983792406007,0.27,0.026,False,True,False,False,False,False,False,True
0,0.5,0.5,0.5,0,0.130625,0.9999999999999999,0.0,0.0,False,False,True,False,True,False,False,False
1,0.4265426052889324,0.30000000000000004,0.7263011152416357,1,0.4892857142857142,0.9999999999999999,0.0,1.0,False,False,False,True,False,True,False,False
1,0.14226248775710088,0.6944444444444444,0.23745353159851296,0,0.6964285714285714,0.5474058137350664,0.0,0.0,False,True,False,False,False,False,False,True
1,0.0734573947110676,0.75,0.0,1,0.6428571428571428,0.580710450968951,0.0,0.0,False,True,False,False,False,False,False,True
0,0.5,0.5,0.5,0,0.17719642857142856,0.9999999999999999,0.53,0.732,True,False,False,False,False,False,True,False
0,0.5,0.5,0.5,0,7.142857142857142e-05,0.9999999999999999,0.0,0.0,True,False,False,False,False,False,True,False
0,0.5,0.5,0.5,0,0.0007857142857142856,0.9999999999999999,0.0,0.0,True,False,False,False,False,False,True,False
0,0.4534769833496572,0.5722222222222222,0.35269516728624534,0,0.43392857142857144,0.31651914895087613,0.21,0.01,False,False,True,False,True,False,False,False
0,0.568560235063663,0.6333333333333333,0.49814126394052044,0,0.4875,0.30627712419368436,0.0,1.0,False,True,False,False,False,False,False,True
1,0.42140058765915767,0.6277777777777778,0.5102230483271375,0,0.39464285714285713,0.9999999999999999,0.07,0.32,True,False,False,False,False,False,True,False
1,0.14226248775710088,0.6944444444444444,0.23745353159851296,0,0.0059642857142857145,0.9999999999999999,0.18,0.213,False,True,False,False,False,False,False,True
0,0.5,0.5,0.5,0,0.0019107142857142856,0.9999999999999999,0.0,0.0,True,False,False,False,False,False,True,False
1,0.14226248775710088,0.6944444444444444,0.23745353159851296,0,0.0038035714285714283,0.9999999999999999,0.14,0.384,False,True,False,False,False,False,False,True
1,0.3797747306562194,0.37777777777777777,0.48838289962825276,0,0.5,0.9999999999999999,0.0,0.995,False,False,False,True,True,False,False,False
1,0.1398139079333986,0.6944444444444444,0.3503717472118959,1,0.06582142857142857,0.9999999999999999,0.46,0.444,False,False,True,False,False,False,False,True
1,0.0734573947110676,0.75,0.0,1,0.6428571428571428,0.9999999999999999,0.0,0.0,False,True,False,False,False,False,False,True
0,0.5,0.5,0.5,0,0.2307142857142857,0.9999999999999999,0.0,0.0,False,True,False,False,False,False,False,True
0,0.558765915768854,0.11111111111111116,0.574814126394052,1,0.5714285714285714,0.4092467876695841,0.0,0.999,False,False,False,True,True,False,False,False
0,0.5,0.5,0.5,0,0.2569642857142857,0.9999999999999999,0.24,0.527,False,False,False,True,False,True,False,False
0,0.5,0.5,0.5,0,0.18732142857142856,0.9999999999999999,0.0,0.0,False,False,False,True,False,True,False,False
0,0.5465230166503428,0.4277777777777778,0.6473048327137547,0,0.23249999999999998,0.9999999999999999,0.07,0.953,True,False,False,False,False,False,True,False
1,0.5465230166503428,0.4277777777777778,0.6473048327137547,0,0.4678571428571428,0.596607210788775,0.0,1.0,True,False,False,False,False,False,True,False
1,0.6349167482859941,0.2888888888888889,0.7397769516728625,1,0.5892857142857143,0.5961993373197719,0.0,0.997,False,True,False,False,False,False,True,False
1,0.3161116552399608,0.5222222222222223,0.2225836431226766,0,0.017625,0.5951712613717849,0.67,0.258,False,False,True,False,False,False,False,True
0,0.5,0.5,0.5,0,0.05260714285714286,0.9999999999999999,0.0,0.0,True,False,False,False,False,False,False,True
1,0.46057786483839375,0.2,0.5148698884758364,0,0.5535714285714285,0.9999999999999999,0.01,1.0,False,False,False,True,False,True,False,False
0,0.5,0.5,0.5,0,0.31589285714285714,0.541098481010935,0.0,0.0,False,False,True,False,True,False,False,False
0,0.5,0.5,0.5,0,0.4375,0.9999999999999999,0.01,0.998,True,False,False,False,False,False,True,False
1,0.6297747306562194,0.11111111111111116,0.7644052044609666,1,0.47857142857142854,0.9999999999999999,0.0,0.89,False,False,False,True,False,True,False,False
1,0.14226248775710088,0.6944444444444444,0.23745353159851296,0,0.40714285714285714,0.9999999999999999,0.01,0.012,False,True,False,False,False,False,False,True
0,0.5,0.5,0.5,0,0.4517857142857143,0.9999999999999999,0.0,0.0,False,True,False,False,False,False,False,True
0,0.5394221351616063,0.6833333333333333,0.47165427509293684,0,0.4125,0.18138085661573436,0.05,0.592,False,True,False,False,False,False,True,False
1,0.5394221351616063,0.8,0.4851301115241636,0,0.625,0.5428014368349432,0.0,1.0,False,True,False,False,False,False,False,True
0,0.5,0.5,0.5,0,0.47857142857142854,0.9999999999999999,0.0,0.754,False,True,False,False,False,False,False,True
1,0.1398139079333986,0.6944444444444444,0.3503717472118959,1,0.24071428571428571,0.9999999999999999,0.05,0.169,False,False,True,False,False,False,False,True
0,0.5,0.5,0.5,0,0.166375,0.9999999999999999,0.0,0.0,True,False,False,False,False,False,True,False
0,0.5,0.5,0.5,0,0.28589285714285717,0.9999999999999999,0.05,0.952,False,True,False,False,False,False,False,True
0,0.4975514201762977,0.5,0.6129182156133829,1,0.4446428571428571,0.4340763017761275,0.25,0.84,False,False,True,False,False,True,False,False
1,0.29676787463271304,0.6888888888888889,0.46189591078066916,0,0.6071428571428571,0.9999999999999999,0.0,1.0,False,False,True,False,False,True,False,False
1,0.37022526934378064,0.8888888888888888,0.23559479553903345,1,0.5035714285714286,0.9999999999999999,0.0,1.0,False,True,False,False,False,False,False,True
0,0.5,0.5,0.5,0,0.06774999999999999,0.9999999999999999,0.0,0.0,True,False,False,False,False,False,True,False
0,0.4534769833496572,0.5722222222222222,0.35269516728624534,0,0.31357142857142856,0.9999999999999999,0.06,0.675,False,False,True,False,True,False,False,False
1,0.17874632713026445,0.2888888888888889,0.22211895910780666,0,0.6964285714285714,0.9999999999999999,0.0,0.0,False,False,False,True,True,False,False,False
0,0.5345249755142018,0.5166666666666666,0.5027881040892194,0,0.35660714285714284,0.42485967631896787,0.42,0.027,False,False,True,False,True,False,False,False
1,0.4314397649363369,0.5333333333333333,0.4526022304832714,0,0.25107142857142856,0.5965820232167965,0.92,0.012,False,False,True,False,True,False,False,False
1,0.42140058765915767,0.6277777777777778,0.5102230483271375,0,0.42142857142857143,0.9999999999999999,0.01,0.281,True,False,False,False,False,False,True,False
0,0.5,0.5,0.5,0,0.10728571428571428,0.9999999999999999,0.19,0.097,False,True,False,False,False,False,False,True
0,0.4657198824681685,0.37777777777777777,0.4986059479553903,0,0.4178571428571428,0.9999999999999999,0.4,0.3,False,True,False,False,False,False,True,False
0,0.568560235063663,0.6333333333333333,0.49814126394052044,0,0.39999999999999997,0.9999999999999999,0.18,0.0,False,True,False,False,False,False,False,True
1,0.5465230166503428,0.4277777777777778,0.6473048327137547,0,0.47857142857142854,0.9999999999999999,0.0,0.867,True,False,False,False,False,False,True,False
0,0.5,0.5,0.5,0,0.24892857142857142,0.5278073596969588,0.0,0.0,False,True,False,False,False,False,False,True
1,0.5639079333986288,0.7555555555555555,0.5139405204460967,0,0.7142857142857142,0.9999999999999999,0.0,0.0,False,True,False,False,False,False,False,True
1,0.4755142017629775,0.5444444444444444,0.4711895910780669,0,0.5357142857142857,0.5628633000563333,0.01,0.998,False,True,False,False,False,False,False,True
0,0.5734573947110676,0.3611111111111111,0.48141263940520446,0,0.32785714285714285,0.36364700874241757,0.16,0.0,False,False,True,False,True,False,False,False
0,0.5,0.5,0.5,0,0.3125,0.9999999999999999,0.3,0.802,False,True,False,False,False,False,False,True
0,0.5,0.5,0.5,0,0.0,0.9999999999999999,0.0,0.0,False,False,True,False,False,True,False,False
1,0.0,0.55,0.22630111524163565,0,0.7857142857142857,0.5966017075363682,0.0,0.0,False,False,True,False,True,False,False,False
0,0.5,0.5,0.5,0,0.4107142857142857,0.9999999999999999,0.0,0.982,False,False,True,False,True,False,False,False
0,0.4975514201762977,0.5,0.6226765799256506,1,0.625,0.3787428211360629,0.01,0.798,False,False,True,False,True,False,False,False
1,0.0,0.55,0.22630111524163565,0,0.9464285714285714,0.9999999999999999,0.0,0.0,False,False,True,False,True,False,False,False
1,0.46547502448579825,0.5222222222222223,0.29879182156133827,1,0.425,0.9999999999999999,0.07,0.996,False,False,True,False,False,True,False,False
1,0.14226248775710088,0.6944444444444444,0.23745353159851296,0,0.4178571428571428,0.5966218891716455,0.57,0.79,False,True,False,False,False,False,False,True
1,0.24265426052889322,0.5444444444444444,0.23605947955390333,0,0.625,0.9999999999999999,0.0,0.0,False,True,False,False,True,False,False,False
0,0.46547502448579825,0.48333333333333334,0.4972118959107807,0,0.06899999999999999,0.3330189865712478,1.0,0.132,True,False,False,False,False,False,True,False
1,0.14226248775710088,0.6944444444444444,0.23745353159851296,0,0.19660714285714284,0.9999999999999999,0.01,0.221,False,True,False,False,False,False,False,True
1,0.5734573947110676,0.3611111111111111,0.48141263940520446,0,0.5714285714285714,0.4559269195315208,0.02,0.993,False,False,True,False,True,False,False,False
1,0.1398139079333986,0.6944444444444444,0.3503717472118959,1,0.4607142857142857,0.9999999999999999,0.0,0.996,False,False,True,False,False,False,False,True
1,0.14226248775710088,0.6944444444444444,0.23745353159851296,0,0.1707857142857143,0.9999999999999999,0.11,0.199,False,True,False,False,False,False,False,True
1,0.0734573947110676,0.75,0.0,1,0.7142857142857142,0.9999999999999999,0.0,0.0,False,True,False,False,False,False,False,True
0,0.5342801175318316,0.5,0.520910780669145,0,7.142857142857142e-05,0.9999999999999999,0.48,0.058,False,False,False,True,True,False,False,False
0,0.5002448579823702,0.4777777777777778,0.6900557620817844,1,0.6785714285714285,0.9999999999999999,0.0,0.0,False,True,False,False,True,False,False,False
1,0.5222820763956905,0.5166666666666666,0.5901486988847584,1,0.3094642857142857,0.9999999999999999,0.0,0.0,False,False,True,False,False,True,False,False
1,0.14226248775710088,0.6944444444444444,0.23745353159851296,0,0.625,0.9999999999999999,0.0,0.0,False,True,False,False,False,False,False,True
1,0.17874632713026445,0.2888888888888889,0.22211895910780666,0,0.5714285714285714,0.9999999999999999,0.0,0.0,False,False,False,True,False,False,True,False
0,0.5,0.5,0.5,0,0.03455357142857143,0.9999999999999999,0.0,0.0,False,False,False,True,False,True,False,False
1,0.37022526934378064,0.8888888888888888,0.23559479553903345,1,0.625,0.4648203147217991,0.0,0.987,False,True,False,False,False,False,False,True
0,0.5,0.5,0.5,0,0.11585714285714285,0.9999999999999999,0.0,0.0,False,True,False,False,False,False,False,True
0,0.49779627815866795,0.9444444444444444,0.5283457249070632,0,0.17710714285714282,0.9999999999999999,0.32,0.487,True,False,False,False,False,False,False,True
0,0.5,0.5,0.5,0,0.22857142857142856,0.5463375903268751,0.0,0.0,False,False,True,False,True,False,False,False
0,0.4975514201762977,0.5,0.6226765799256506,1,0.43571428571428567,0.34303976693292054,0.0,0.002,False,False,True,False,True,False,False,False
0,0.5,0.5,0.5,0,0.10191071428571427,0.9999999999999999,0.0,0.0,False,False,False,True,False,True,False,False
0,0.5345249755142018,0.5166666666666666,0.5027881040892194,0,0.1272142857142857,0.9999999999999999,0.03,0.076,False,False,True,False,True,False,False,False
0,0.5,0.5,0.5,0,0.1444285714285714,0.9999999999999999,0.34,0.001,False,False,False,True,False,True,False,False
0,0.5,0.5,0.5,0,0.16323214285714285,0.9999999999999999,0.0,0.0,False,False,False,True,False,True,False,False
0,0.5,0.5,0.5,0,0.19624999999999998,0.9999999999999999,0.0,0.0,False,True,False,False,False,False,False,True
0,0.4657198824681685,0.49444444444444446,0.5037174721189591,0,1.7857142857142855e-05,0.9999999999999999,0.78,0.003,True,False,False,False,False,False,False,True
1,0.14201762977473065,0.7166666666666667,0.04739776951672858,1,0.7142857142857142,0.9999999999999999,0.0,0.0,True,False,False,False,False,False,False,True
0,0.5,0.5,0.5,0,0.001875,0.9999999999999999,0.0,0.0,True,False,False,False,False,False,True,False
0,0.5,0.5,0.5,0,0.15207142857142855,0.21212403851119843,0.0,0.0,False,True,False,False,False,False,False,True
0,0.5,0.5,0.5,0,3.571428571428571e-05,0.9999999999999999,0.0,0.0,False,False,False,True,False,True,False,False
1,0.37022526934378064,0.8888888888888888,0.23559479553903345,1,0.5142857142857142,0.9999999999999999,0.0,0.972,False,True,False,False,False,False,False,True
0,0.5,0.5,0.5,0,0.17732142857142855,0.9999999999999999,0.0,0.0,True,False,False,False,False,False,False,True
0,0.4975514201762977,0.5,0.6226765799256506,1,0.4678571428571428,0.2606597808658577,0.03,0.388,False,False,True,False,True,False,False,False
0,0.5,0.5,0.5,0,0.38749999999999996,0.5959618437360518,0.1,0.037,False,False,True,False,True,False,False,False
0,0.5,0.5,0.5,0,0.4267857142857142,0.9999999999999999,0.0,0.991,False,False,True,False,True,False,False,False
1,0.14226248775710088,0.6944444444444444,0.23745353159851296,0,0.2642857142857143,0.9999999999999999,0.58,0.098,False,True,False,False,False,False,False,True
0,0.4338883447600392,0.65,0.512546468401487,0,0.245,0.30012993551979783,0.22,0.001,True,False,False,False,False,False,True,False
0,0.5,0.5,0.5,0,0.12875,0.08901570285086122,0.0,0.0,True,False,False,False,False,False,True,False
0,0.5,0.5,0.5,0,0.000125,0.9999999999999999,0.0,0.0,False,False,False,True,False,True,False,False
1,0.1398139079333986,0.6944444444444444,0.3503717472118959,1,0.3048214285714286,0.9999999999999999,0.48,0.999,False,False,True,False,False,False,False,True
1,0.5639079333986288,0.7555555555555555,0.5139405204460967,0,0.0,0.9999999999999999,0.0,0.0,False,True,False,False,False,False,False,True
1,0.0,0.55,0.22630111524163565,0,0.5357142857142857,0.9999999999999999,0.0,1.0,False,False,True,False,True,False,False,False
0,0.43119490695396673,0.5555555555555556,0.262546468401487,1,0.3892857142857143,0.41030377882730396,1.0,0.034,False,False,True,False,True,False,False,False
0,0.5394221351616063,0.8,0.4851301115241636,0,0.0002678571428571428,0.5618109089805186,0.54,0.004,False,True,False,False,False,False,False,True
1,0.14201762977473065,0.7166666666666667,0.04739776951672858,1,0.625,0.9999999999999999,0.0,0.0,True,False,False,False,False,False,False,True
0,0.5,0.5,0.5,0,0.014785714285714284,0.9999999999999999,0.0,0.0,True,False,False,False,False,False,True,False
0,0.5,0.5,0.5,0,0.03176785714285714,0.5670163471871861,0.0,0.0,False,False,True,False,True,False,False,False
1,0.5394221351616063,0.8,0.4851301115241636,0,0.48392857142857143,0.9999999999999999,0.0,0.98,False,True,False,False,False,False,False,True
0,0.5,0.5,0.5,0,0.39999999999999997,0.9999999999999999,0.03,0.624,False,False,False,True,False,True,False,False
1,0.6077375122428991,0.5166666666666666,0.5190520446096655,0,0.0,0.9999999999999999,0.0,0.0,False,False,True,False,False,False,False,True
1,0.4265426052889324,0.6388888888888888,0.5185873605947956,0,0.40714285714285714,0.9999999999999999,0.04,0.194,True,False,False,False,False,False,True,False
0,0.5,0.5,0.5,0,0.034178571428571426,0.596143095586349,0.0,0.0,False,False,False,True,False,True,False,False
0,0.5,0.5,0.5,0,0.20107142857142857,0.45318743701096714,0.0,0.0,False,True,False,False,False,False,False,True
0,0.5,0.5,0.5,0,0.0017857142857142857,0.9999999999999999,0.0,0.0,False,False,True,False,True,False,False,False
1,0.056317335945151814,0.5722222222222222,0.23698884758364308,0,0.6428571428571428,0.9999999999999999,0.0,0.0,False,True,False,False,False,False,True,False
0,0.5639079333986288,0.7555555555555555,0.5139405204460967,0,0.3839285714285714,0.4295164638776992,0.46,0.079,False,True,False,False,False,False,False,True
1,0.20323212536728696,0.3611111111111111,0.2644052044609665,0,0.00017857142857142857,0.9999999999999999,0.0,0.0,False,False,False,True,True,False,False,False
1,0.5345249755142018,0.47777777777777775,0.5009293680297398,0,0.5714285714285714,0.5966295970952549,0.0,0.999,False,False,True,False,False,True,False,False
1,0.5734573947110676,0.3611111111111111,0.48141263940520446,0,0.4535714285714285,0.9999999999999999,0.0,0.356,False,False,True,False,True,False,False,False
1,0.4657198824681685,0.49444444444444446,0.5037174721189591,0,0.47857142857142854,0.9999999999999999,0.0,0.999,False,True,False,False,False,False,True,False
1,0.4534769833496572,0.5722222222222222,0.35269516728624534,0,0.46428571428571425,0.5812832751859162,0.04,0.998,False,False,True,False,True,False,False,False
1,0.5394221351616063,0.8,0.4851301115241636,0,0.4517857142857143,0.9999999999999999,0.01,0.303,False,True,False,False,False,False,False,True
0,0.5,0.5,0.5,0,0.005660714285714285,0.4342861566115505,0.0,0.0,True,False,False,False,False,False,True,False
1,0.4338883447600392,0.65,0.512546468401487,0,0.47857142857142854,0.9999999999999999,0.04,0.814,True,False,False,False,False,False,True,False
1,0.1398139079333986,0.6944444444444444,0.3503717472118959,1,0.425,0.9999999999999999,0.05,0.904,False,False,True,False,False,False,False,True
1,0.3922624877571009,0.7944444444444444,0.650092936802974,1,0.46249999999999997,0.9999999999999999,0.0,0.994,True,False,False,False,False,True,False,False
0,0.5,0.5,0.5,0,0.14935714285714285,0.9999999999999999,0.0,0.0,False,True,False,False,False,False,True,False
0,0.5,0.5,0.5,0,0.08475,0.9999999999999999,0.0,0.022,True,False,False,False,False,False,True,False
0,0.5734573947110676,0.3611111111111111,0.48141263940520446,0,0.16892857142857143,0.9999999999999999,0.41,0.15,False,False,True,False,True,False,False,False
1,0.3922624877571009,0.7944444444444444,0.650092936802974,1,0.44999999999999996,0.9999999999999999,0.0,1.0,True,False,False,False,False,True,False,False
0,0.4975514201762977,0.5,0.6226765799256506,1,0.13464285714285715,0.5182813268113948,0.12,0.371,False,False,True,False,True,False,False,False
0,0.568560235063663,0.4666666666666667,0.5473977695167286,0,0.5214285714285714,0.9999999999999999,0.02,0.949,True,False,False,False,False,False,True,False
0,0.5394221351616063,0.8,0.4851301115241636,0,0.49821428571428567,0.9999999999999999,0.01,0.928,False,True,False,False,False,False,False,True
0,0.5,0.5,0.5,0,0.30410714285714285,0.9999999999999999,0.49,0.012,False,False,True,False,True,False,False,False
1,0.5,0.5,0.5,0,0.5196428571428572,0.9999999999999999,0.0,0.963,False,False,True,False,True,False,False,False
1,0.3552889324191969,0.6611111111111111,0.2927509293680297,1,0.47142857142857136,0.9999999999999999,0.01,0.639,False,False,True,False,False,True,False,False
1,0.6691968658178257,0.29444444444444445,0.7360594795539034,1,0.38035714285714284,0.5960453122652651,0.05,0.295,False,True,False,False,False,False,True,False
1,0.2573457394711067,0.7277777777777777,0.2774163568773234,1,0.6071428571428571,0.9999999999999999,0.0,1.0,True,False,False,False,False,False,True,False
1,0.5222820763956905,0.5166666666666666,0.5901486988847584,1,0.47142857142857136,0.9999999999999999,0.04,1.0,False,False,True,False,False,True,False,False
0,0.5,0.5,0.5,0,0.016392857142857143,0.36828227903186345,0.0,0.0,True,False,False,False,False,False,True,False
0,0.49975514201762977,0.5222222222222223,0.30994423791821557,1,0.36071428571428565,0.4181861826155012,0.06,0.0,True,False,False,False,False,True,False,False
0,0.5,0.5,0.5,0,0.10130357142857142,0.3396800446193632,0.0,0.0,False,True,False,False,False,False,False,True
0,0.5,0.5,0.5,0,0.4035714285714286,0.9999999999999999,0.03,0.71,False,False,True,False,True,False,False,False
0,0.5,0.5,0.5,0,0.5160714285714285,0.9999999999999999,0.0,0.997,False,False,True,False,True,False,False,False
1,0.45592556317335947,0.6444444444444444,0.5130111524163569,0,0.4821428571428571,0.9999999999999999,0.0,0.824,False,False,True,False,False,True,False,False
0,0.5,0.5,0.5,0,0.33232142857142855,0.9999999999999999,0.0,0.0,False,True,False,False,True,False,False,False
1,0.46547502448579825,0.48333333333333334,0.4972118959107807,0,0.2591071428571428,0.9999999999999999,0.13,0.215,True,False,False,False,False,False,True,False
1,0.5785994123408423,0.37222222222222223,0.48977695167286245,0,0.0,0.9999999999999999,0.0,0.0,False,False,True,False,True,False,False,False
0,0.5,0.5,0.5,0,0.011035714285714286,0.5182908673525712,0.0,0.0,False,False,False,True,False,True,False,False
0,0.4534769833496572,0.5722222222222222,0.35269516728624534,0,0.2910714285714286,0.5916818198736808,0.33,0.008,False,False,True,False,True,False,False,False
1,0.14226248775710088,0.6944444444444444,0.23745353159851296,0,0.46964285714285714,0.9999999999999999,0.0,0.947,False,True,False,False,False,False,False,True
1,0.6177766895200784,0.6222222222222222,0.6342936802973977,1,0.42857142857142855,0.4681527360678889,0.02,0.902,False,False,True,False,False,False,False,True
0,0.5,0.5,0.5,0,0.42321428571428565,0.9999999999999999,0.05,0.925,False,False,True,False,True,False,False,False
0,0.5,0.5,0.5,0,0.10325,0.3785274534494905,0.0,0.0,False,False,True,False,True,False,False,False
1,0.1398139079333986,0.6944444444444444,0.3503717472118959,1,0.4732142857142857,0.9999999999999999,0.02,0.462,False,False,True,False,False,False,False,True
0,0.5,0.5,0.5,0,0.2282142857142857,0.9999999999999999,0.0,0.0,False,True,False,False,False,False,True,False
1,0.3971596474045054,0.2444444444444444,0.5004646840148699,0,0.46964285714285714,0.9999999999999999,0.01,0.999,False,False,False,True,False,False,True,False
0,0.5,0.5,0.5,0,0.12653571428571428,0.9999999999999999,0.0,0.0,True,False,False,False,False,False,True,False
1,0.6691968658178257,0.29444444444444445,0.7360594795539034,1,0.5214285714285714,0.9999999999999999,0.0,1.0,True,False,False,False,False,True,False,False
1,0.3871204701273261,0.3388888888888889,0.54182156133829,0,0.44285714285714284,0.9999999999999999,0.01,0.827,False,False,False,True,False,False,True,False
0,0.5737022526934378,0.6444444444444444,0.5065055762081785,0,0.42142857142857143,0.9999999999999999,0.45,0.67,False,True,False,False,False,False,False,True
1,0.1398139079333986,0.6944444444444444,0.3503717472118959,1,0.31517857142857136,0.9999999999999999,0.07,0.396,False,False,True,False,False,False,False,True
0,0.43364348677766895,0.6777777777777778,0.30762081784386613,1,0.3319642857142857,0.4399227742116405,0.35,0.013,True,False,False,False,False,True,False,False
0,0.5,0.5,0.5,0,0.1695,0.9999999999999999,0.0,0.0,True,False,False,False,False,False,False,True
0,0.5,0.5,0.5,0,0.0063035714285714275,0.5628485681689193,0.0,0.0,True,False,False,False,False,False,True,False
1,0.6297747306562194,0.11111111111111116,0.7644052044609666,1,0.0,0.9999999999999999,0.0,0.0,False,False,False,True,False,True,False,False
0,0.4167482859941234,0.5555555555555556,0.5232342007434945,0,1.7857142857142855e-05,0.9999999999999999,0.58,0.006,False,False,False,True,False,True,False,False
0,0.5,0.5,0.5,0,0.25410714285714286,0.9999999999999999,0.0,0.0,False,True,False,False,False,False,False,True
0,0.5,0.5,0.5,0,0.015160714285714284,0.9999999999999999,0.54,0.027,False,True,False,False,False,False,False,True
0,0.5345249755142018,0.47777777777777775,0.5009293680297398,0,0.4035714285714286,0.5894465403099831,0.19,0.018,False,False,True,False,False,False,False,True
1,0.1398139079333986,0.6944444444444444,0.3503717472118959,1,0.32107142857142856,0.9999999999999999,0.18,0.98,False,False,True,False,False,False,False,True
0,0.5,0.5,0.5,0,0.0002321428571428571,0.9999999999999999,0.0,0.0,False,False,True,False,True,False,False,False
0,0.3237022526934378,0.6722222222222223,0.6277881040892193,1,0.49107142857142855,0.9999999999999999,0.01,0.888,True,False,False,False,False,False,True,False
0,0.5,0.5,0.5,0,0.18571428571428572,0.9999999999999999,0.0,0.0,False,False,False,True,False,True,False,False
1,0.46547502448579825,0.5222222222222223,0.4990706319702602,0,0.4107142857142857,0.9999999999999999,0.0,0.0,False,True,False,False,False,False,True,False
0,0.5,0.5,0.5,0,0.40892857142857136,0.9999999999999999,0.09,0.766,False,False,True,False,True,False,False,False
0,0.5639079333986288,0.7555555555555555,0.5139405204460967,0,0.47142857142857136,0.9999999999999999,0.02,0.663,False,True,False,False,False,False,False,True
1,0.5734573947110676,0.3611111111111111,0.48141263940520446,0,0.41428571428571426,0.9999999999999999,0.61,1.0,False,False,True,False,True,False,False,False
1,0.5,0.5,0.5,0,0.2225,0.9999999999999999,0.0,0.0,False,True,False,False,False,False,False,True
0,0.5,0.5,0.5,0,0.42142857142857143,0.9999999999999999,0.21,0.976,False,False,False,True,False,True,False,False
0,0.5,0.5,0.5,0,0.02519642857142857,0.3332628782429482,0.0,0.0,True,False,False,False,False,False,True,False
0,0.5,0.5,0.5,0,0.37321428571428567,0.9999999999999999,0.0,0.0,False,False,True,False,True,False,False,False
1,0.14201762977473065,0.7166666666666667,0.04739776951672858,1,0.44107142857142856,0.9999999999999999,0.0,0.0,True,False,False,False,False,False,False,True
1,0.33080313418217433,0.7055555555555555,0.2639405204460966,1,0.39999999999999997,0.9999999999999999,0.12,0.344,False,True,False,False,True,False,False,False
0,0.5688050930460333,0.4444444444444444,0.737453531598513,1,1.7857142857142855e-05,0.2245786553793162,0.72,0.014,True,False,False,False,False,False,True,False
1,0.4265426052889324,0.30000000000000004,0.7263011152416357,1,0.4928571428571429,0.9999999999999999,0.0,0.95,False,False,False,True,False,True,False,False
0,0.5,0.5,0.5,0,0.047107142857142854,0.596550251675554,0.0,0.0,False,False,False,True,False,True,False,False
1,0.37022526934378064,0.8888888888888888,0.23559479553903345,1,0.6071428571428571,0.9999999999999999,0.0,1.0,False,True,False,False,False,False,False,True
1,0.4657198824681685,0.37777777777777777,0.4986059479553903,0,0.6071428571428571,0.9999999999999999,0.0,0.983,False,True,False,False,False,False,True,False
0,0.5,0.5,0.5,0,0.13448214285714286,0.9999999999999999,0.0,0.0,True,False,False,False,False,False,True,False
1,0.0,0.55,0.22630111524163565,0,0.2794642857142857,0.9999999999999999,0.02,0.053,False,False,True,False,True,False,False,False
0,0.4755142017629775,0.5444444444444444,0.4711895910780669,0,0.0002321428571428571,0.9999999999999999,0.08,0.002,False,True,False,False,False,False,False,True
1,0.6762977473065622,0.3277777777777778,0.3722118959107807,1,0.4892857142857142,0.9999999999999999,0.0,1.0,False,False,True,False,True,False,False,False
1,0.1398139079333986,0.6944444444444444,0.3503717472118959,1,0.625,0.5180697147601789,0.0,0.0,False,False,True,False,False,False,False,True
0,0.5,0.5,0.5,0,0.14926785714285715,0.9999999999999999,0.0,0.0,False,True,False,False,False,False,False,True
1,0.14226248775710088,0.6944444444444444,0.23745353159851296,0,0.625,0.9999999999999999,0.0,0.0,False,True,False,False,False,False,False,True
0,0.502203721841332,0.5222222222222223,0.19702602230483268,1,0.6428571428571428,0.9999999999999999,0.0,0.0,True,False,False,False,False,False,True,False
0,0.5,0.5,0.5,0,0.15612499999999999,0.502911843800672,0.0,0.0,False,False,True,False,True,False,False,False
0,0.5,0.5,0.5,0,0.19535714285714284,0.9999999999999999,0.0,0.0,False,True,False,False,False,False,False,True
1,0.0734573947110676,0.75,0.0,1,0.46249999999999997,0.9999999999999999,0.0,0.999,False,True,False,False,False,False,False,True
0,0.5,0.5,0.5,0,0.28446428571428567,0.9999999999999999,0.0,0.0,False,False,True,False,True,False,False,False
0,0.5,0.5,0.5,0,0.10466071428571427,0.9999999999999999,0.0,0.0,False,True,False,False,False,False,True,False
1,0.056317335945151814,0.5722222222222222,0.23698884758364308,0,0.625,0.9999999999999999,0.0,0.0,False,False,False,True,True,False,False,False
0,0.502203721841332,0.5222222222222223,0.19702602230483268,1,0.625,0.9999999999999999,0.0,0.0,True,False,False,False,False,False,True,False
1,0.0,0.55,0.22630111524163565,0,0.0,0.9999999999999999,0.0,0.0,False,False,True,False,True,False,False,False
0,0.5,0.5,0.5,0,5.357142857142857e-05,0.5288170348635893,0.0,0.0,True,False,False,False,False,False,True,False
1,0.568560235063663,0.6333333333333333,0.49814126394052044,0,0.475,0.9999999999999999,0.0,0.694,False,True,False,False,False,False,False,True
0,0.5,0.5,0.5,0,0.30160714285714285,0.9999999999999999,0.03,0.267,False,False,False,True,False,True,False,False
0,0.7426542605288933,0.27222222222222225,0.7225836431226766,1,0.5892857142857143,0.21378292627339496,0.03,0.893,False,False,True,False,True,False,False,False
1,0.6128795298726739,0.6611111111111111,0.45817843866171004,0,0.46249999999999997,0.9999999999999999,0.01,0.957,False,False,True,False,False,False,False,True
1,0.0734573947110676,0.75,0.0,1,0.625,0.5477859962514428,0.0,0.0,False,True,False,False,False,False,False,True
1,0.20323212536728696,0.3611111111111111,0.2644052044609665,0,0.6785714285714285,0.5964598164111103,0.0,0.0,False,True,False,False,True,False,False,False
0,0.5,0.5,0.5,0,0.20714285714285713,0.9999999999999999,0.0,0.0,False,True,False,False,False,False,False,True
1,0.4265426052889324,0.9277777777777778,0.6273234200743494,1,0.43571428571428567,0.9999999999999999,0.0,0.034,True,False,False,False,False,False,False,True
0,0.4657198824681685,0.37777777777777777,0.4986059479553903,0,0.5160714285714285,0.9999999999999999,0.0,0.991,False,True,False,False,False,False,True,False
1,0.39226248775710093,0.48333333333333334,0.4809479553903346,0,0.5714285714285714,0.9999999999999999,0.0,1.0,False,False,False,True,False,False,True,False
0,0.5,0.5,0.5,0,0.15423214285714285,0.9999999999999999,0.0,0.0,False,False,True,False,False,True,False,False
0,0.5394221351616063,0.8,0.4851301115241636,0,0.45714285714285713,0.4742911411389777,0.0,0.726,False,True,False,False,False,False,False,True
0,0.5,0.5,0.5,0,0.22857142857142856,0.9999999999999999,0.0,0.0,False,True,False,False,False,False,False,True
1,0.5737022526934378,0.6444444444444444,0.5065055762081785,0,0.4732142857142857,0.501879432798208,0.03,0.971,False,True,False,False,False,False,False,True
1,0.4605778648383937,0.31666666666666665,0.5283457249070632,0,0.4607142857142857,0.9999999999999999,0.0,0.885,False,False,False,True,True,False,False,False
0,0.4534769833496572,0.5722222222222222,0.35269516728624534,0,0.3964285714285714,0.45589086496102327,0.06,0.169,False,False,True,False,True,False,False,False
0,0.5,0.5,0.5,0,0.08730357142857142,0.9999999999999999,0.51,0.246,False,False,False,True,False,True,False,False
1,0.5785994123408423,0.37222222222222223,0.48977695167286245,0,0.4517857142857143,0.542774725014525,0.01,0.0,False,False,True,False,True,False,False,False
0,0.5,0.5,0.5,0,0.44107142857142856,0.9999999999999999,0.01,0.576,True,False,False,False,False,False,True,False
0,0.5345249755142018,0.5166666666666666,0.5027881040892194,0,0.10099999999999999,0.24794076894439437,1.0,0.013,False,False,True,False,True,False,False,False
0,0.5,0.5,0.5,0,0.22857142857142856,0.9999999999999999,0.05,0.333,False,False,True,False,True,False,False,False
1,0.056317335945151814,0.5722222222222222,0.23698884758364308,0,0.6607142857142857,0.9999999999999999,0.0,0.0,False,False,False,True,True,False,False,False
0,0.4314397649363369,0.5333333333333333,0.4526022304832714,0,0.25303571428571425,0.26682851286801745,0.04,0.0,False,False,True,False,True,False,False,False
1,0.43119490695396673,0.5555555555555556,0.262546468401487,1,0.6071428571428571,0.5163999699098698,0.0,1.0,False,False,True,False,True,False,False,False
0,0.5,0.5,0.5,0,0.00017857142857142857,0.9999999999999999,0.0,0.0,True,False,False,False,False,True,False,False
1,0.14226248775710088,0.6944444444444444,0.23745353159851296,0,0.6785714285714285,0.9999999999999999,0.0,0.0,False,True,False,False,False,False,False,True
0,0.49779627815866795,0.4777777777777778,0.8029739776951673,1,0.4303571428571429,0.9999999999999999,0.01,0.039,False,False,True,False,True,False,False,False
1,0.4338883447600392,0.65,0.512546468401487,0,0.44999999999999996,0.9999999999999999,0.0,0.993,True,False,False,False,False,False,True,False
0,0.5,0.5,0.5,0,0.12264285714285714,0.5965374267381157,0.0,0.0,False,False,False,True,False,True,False,False
0,0.5,0.5,0.5,0,0.0002857142857142857,0.9999999999999999,0.0,0.0,False,False,False,True,False,True,False,False
1,0.056317335945151814,0.5722222222222222,0.23698884758364308,0,0.18160714285714286,0.9999999999999999,0.0,0.0,False,True,False,False,True,False,False,False
1,0.5342801175318316,0.5,0.520910780669145,0,0.44821428571428573,0.9999999999999999,0.0,0.924,False,True,False,False,False,False,True,False
1,0.3552889324191969,0.6611111111111111,0.2927509293680297,1,0.625,0.5628598153483549,0.0,1.0,False,False,True,False,False,True,False,False
1,0.35798237022526935,0.6722222222222223,0.6486988847583643,1,0.44821428571428573,0.9999999999999999,0.0,0.999,True,False,False,False,False,False,True,False
0,0.568560235063663,0.4666666666666667,0.5473977695167286,0,0.22374999999999998,0.5628815224175212,0.66,0.219,True,False,False,False,False,False,True,False
0,0.5981880509304603,0.4111111111111111,0.5599442379182156,1,0.42321428571428565,0.9999999999999999,0.0,0.0,False,True,False,False,True,False,False,False
0,0.6447110675808031,0.3388888888888889,0.7072490706319703,1,0.42857142857142855,0.5474743931895355,0.05,0.992,False,True,False,False,False,False,True,False
0,0.37022526934378064,0.8888888888888888,0.23559479553903345,1,0.15182142857142858,0.9999999999999999,0.19,0.042,False,True,False,False,False,False,False,True
1,0.056317335945151814,0.5722222222222222,0.23698884758364308,0,0.6428571428571428,0.9999999999999999,0.0,0.0,False,False,False,True,False,False,True,False
0,0.5,0.5,0.5,0,0.006357142857142856,0.9999999999999999,0.0,0.0,False,False,True,False,False,True,False,False
1,0.14226248775710088,0.6944444444444444,0.23745353159851296,0,0.40892857142857136,0.9999999999999999,0.03,0.115,False,True,False,False,False,False,False,True
0,0.5,0.5,0.5,0,0.012357142857142855,0.9999999999999999,0.0,0.0,True,False,False,False,False,False,True,False
1,0.6177766895200784,0.6222222222222222,0.6342936802973977,1,0.48571428571428565,0.5964916509597006,0.06,0.984,False,False,True,False,False,False,False,True
0,0.49779627815866795,0.4777777777777778,0.8029739776951673,1,0.4303571428571429,0.4865167298107114,0.0,0.305,False,False,True,False,True,False,False,False
1,0.39226248775710093,0.48333333333333334,0.4809479553903346,0,0.46428571428571425,0.9999999999999999,0.0,0.984,False,False,False,True,False,False,True,False
0,0.5296278158667973,0.7888888888888889,0.5195167286245354,0,0.20517857142857143,0.9999999999999999,0.13,0.477,False,True,False,False,False,False,False,True
0,0.4534769833496572,0.5722222222222222,0.35269516728624534,0,0.5714285714285714,0.5018600536409257,0.01,0.858,False,False,True,False,True,False,False,False
1,0.17874632713026445,0.2888888888888889,0.22211895910780666,0,0.46428571428571425,0.9999999999999999,0.0,0.0,False,False,False,True,True,False,False,False
0,0.5,0.5,0.5,0,0.2835714285714286,0.9999999999999999,0.01,0.037,False,False,False,True,False,True,False,False
0,0.5,0.5,0.5,0,0.055214285714285716,0.9999999999999999,0.0,0.0,False,False,True,False,False,True,False,False
1,0.3947110675808031,0.9611111111111111,0.27788104089219334,1,0.5714285714285714,0.9999999999999999,0.0,0.997,False,False,True,False,False,False,False,True
0,0.5,0.5,0.5,0,0.0059642857142857145,0.2429132899796862,0.0,0.0,True,False,False,False,False,False,True,False
1,0.17874632713026445,0.2888888888888889,0.22211895910780666,0,0.6964285714285714,0.9999999999999999,0.0,0.0,False,False,False,True,True,False,False,False
1,0.6420176297747306,0.3277777777777778,0.35130111524163565,1,0.475,0.543019727239131,0.0,1.0,False,False,True,False,True,False,False,False
1,0.1398139079333986,0.6944444444444444,0.3503717472118959,1,0.425,0.9999999999999999,0.02,0.835,False,False,True,False,False,False,False,True
0,0.4657198824681685,0.5,0.479089219330855,0,0.0002321428571428571,0.38510797288767,0.51,0.0,True,False,False,False,False,True,False,False
0,0.46547502448579825,0.48333333333333334,0.4972118959107807,0,0.2710714285714286,0.3760482909525602,0.06,0.101,True,False,False,False,False,False,True,False
1,0.6471596474045054,0.7,0.49070631970260226,0,0.39999999999999997,0.5964228851627631,0.16,0.118,False,True,False,False,False,False,False,True
1,0.6177766895200784,0.6222222222222222,0.6342936802973977,1,0.0,0.9999999999999999,0.0,0.0,False,False,True,False,False,False,False,True
0,0.5,0.5,0.5,0,0.5214285714285714,0.9999999999999999,0.0,0.984,False,True,False,False,False,False,False,True
1,0.14201762977473065,0.7166666666666667,0.04739776951672858,1,0.4517857142857143,0.9999999999999999,0.0,0.996,True,False,False,False,False,False,False,True
1,0.502203721841332,0.05555555555555558,0.47165427509293684,0,0.0,0.9999999999999999,0.0,0.0,False,False,False,True,True,False,False,False
1,0.0,0.55,0.22630111524163565,0,0.5714285714285714,0.9999999999999999,0.02,0.8,False,False,True,False,True,False,False,False
0,0.5,0.5,0.5,0,0.42857142857142855,0.9999999999999999,0.01,0.672,False,True,False,False,False,False,False,True
0,0.568560235063663,0.6333333333333333,0.49814126394052044,0,0.2683928571428571,0.4080408210901245,0.53,0.001,False,True,False,False,False,False,False,True
0,0.5296278158667973,0.7888888888888889,0.5195167286245354,0,0.2805357142857143,0.9999999999999999,0.01,0.015,False,True,False,False,False,False,False,True
1,0.0734573947110676,0.75,0.0,1,0.3821428571428571,0.5628938783690214,0.0,0.0,False,True,False,False,False,False,False,True
0,0.4338883447600392,0.65,0.512546468401487,0,0.46964285714285714,0.9999999999999999,0.0,0.999,True,False,False,False,False,False,True,False
1,0.1398139079333986,0.6944444444444444,0.3503717472118959,1,0.6607142857142857,0.5966245806887922,0.0,0.0,False,False,True,False,False,False,False,True
0,0.5345249755142018,0.5166666666666666,0.5027881040892194,0,0.4517857142857143,0.35791173333399334,0.07,0.919,False,False,True,False,True,False,False,False
1,0.24265426052889322,0.5444444444444444,0.23605947955390333,0,0.625,0.9999999999999999,0.0,0.0,False,True,False,False,True,False,False,False
0,0.35798237022526935,0.6722222222222223,0.6486988847583643,1,0.22499999999999998,0.44620670532854007,0.15,0.019,True,False,False,False,False,False,True,False
1,0.502203721841332,0.05555555555555558,0.47165427509293684,0,0.48392857142857143,0.9999999999999999,0.0,1.0,False,False,False,True,True,False,False,False
1,0.7426542605288933,0.27222222222222225,0.7225836431226766,1,0.0,0.9999999999999999,0.0,0.0,False,False,True,False,True,False,False,False
0,0.5,0.5,0.5,0,0.02382142857142857,0.30277169676673193,0.0,0.0,False,False,False,True,False,True,False,False
1,0.6420176297747306,0.3277777777777778,0.35130111524163565,1,0.4660714285714286,0.9999999999999999,0.01,0.999,False,False,True,False,True,False,False,False
1,0.6297747306562194,0.11111111111111116,0.7644052044609666,1,0.4660714285714286,0.9999999999999999,0.0,0.984,False,False,False,True,False,True,False,False
1,0.14226248775710088,0.6944444444444444,0.23745353159851296,0,0.3821428571428571,0.9999999999999999,0.03,0.39,False,True,False,False,False,False,False,True
0,0.6349167482859941,0.2888888888888889,0.7397769516728625,1,0.44821428571428573,0.5378140191938198,0.01,0.997,False,True,False,False,False,False,True,False
0,0.5,0.5,0.5,0,0.22928571428571426,0.5431663438753016,0.15,0.265,False,True,False,False,False,False,False,True
0,0.5,0.5,0.5,0,0.00010714285714285714,0.9999999999999999,0.29,0.15,False,True,False,False,False,False,False,True
1,0.566356513222331,0.3222222222222222,0.6923791821561338,1,0.4517857142857143,0.9999999999999999,0.0,0.959,False,True,False,False,True,False,False,False
0,0.5,0.5,0.5,0,0.005375,0.4354570409478194,0.0,0.0,False,False,False,True,False,True,False,False
1,0.24265426052889322,0.5444444444444444,0.23605947955390333,0,0.6964285714285714,0.9999999999999999,0.0,0.0,False,True,False,False,False,False,True,False
0,0.5,0.5,0.5,0,0.19767857142857143,0.9999999999999999,0.0,0.0,False,False,True,False,True,False,False,False
0,0.5636630754162586,0.3111111111111111,0.5139405204460966,0,0.28517857142857145,0.9999999999999999,0.68,0.001,False,False,True,False,False,True,False,False
1,0.46057786483839375,0.2,0.5148698884758364,0,0.49821428571428567,0.9999999999999999,0.0,0.999,False,False,False,True,False,True,False,False
0,0.5,0.5,0.5,0,0.03282142857142857,0.32245160390373234,0.0,0.0,False,True,False,False,False,False,False,True
0,0.5342801175318316,0.6222222222222222,0.5013940520446096,0,0.47142857142857136,0.9999999999999999,0.01,0.979,False,False,True,False,False,True,False,False
0,0.4167482859941234,0.5555555555555556,0.5232342007434945,0,0.3821428571428571,0.5953686600274013,0.12,0.228,False,False,False,True,False,False,True,False
1,0.14226248775710088,0.6944444444444444,0.23745353159851296,0,0.07348214285714286,0.9999999999999999,0.39,0.013,False,True,False,False,False,False,False,True
0,0.5,0.5,0.5,0,0.2669642857142857,0.9999999999999999,0.0,0.0,False,True,False,False,True,False,False,False
0,0.5,0.5,0.5,0,0.0002321428571428571,0.9999999999999999,0.0,0.0,True,False,False,False,False,True,False,False
1,0.5345249755142018,0.5166666666666666,0.5027881040892194,0,0.4375,0.5626863846400614,0.01,0.117,False,False,True,False,True,False,False,False
1,0.14226248775710088,0.6944444444444444,0.23745353159851296,0,0.625,0.9999999999999999,0.0,0.0,False,True,False,False,False,False,False,True
1,0.3650832517140059,0.711111111111111,0.2602230483271375,1,0.4392857142857143,0.444041474359492,0.0,0.999,False,False,True,False,False,True,False,False
0,0.5,0.5,0.5,0,0.004678571428571429,0.484522072745758,0.0,0.0,False,False,False,True,False,True,False,False
1,0.0,0.55,0.22630111524163565,0,0.0,0.9999999999999999,0.0,0.0,False,False,True,False,True,False,False,False
0,0.4265426052889324,0.6388888888888888,0.5185873605947956,0,0.08873214285714286,0.5965998732571811,0.3,0.239,True,False,False,False,False,False,True,False
0,0.5,0.5,0.5,0,0.03894642857142857,0.9999999999999999,0.0,0.0,False,False,False,True,False,True,False,False
0,0.4314397649363369,0.36666666666666664,0.5018587360594795,0,0.4535714285714285,0.3243207897302163,0.0,0.996,False,False,False,True,False,True,False,False
0,0.5,0.5,0.5,0,0.005178571428571428,0.9999999999999999,0.0,0.0,True,False,False,False,False,False,True,False
0,0.5,0.5,0.5,0,0.0,0.9999999999999999,0.0,0.0,False,False,True,False,True,False,False,False
1,0.35308521057786485,0.711111111111111,0.4725836431226766,0,0.47857142857142854,0.9999999999999999,0.0,0.983,True,False,False,False,False,False,True,False
1,0.3971596474045054,0.2444444444444444,0.5004646840148699,0,0.5,0.9999999999999999,0.0,1.0,False,False,False,True,False,False,True,False
0,0.5296278158667973,0.7888888888888889,0.5195167286245354,0,0.4517857142857143,0.9999999999999999,0.0,0.966,False,True,False,False,False,False,False,True
0,0.5,0.5,0.5,0,0.20232142857142857,0.9999999999999999,0.21,0.336,False,False,False,True,False,True,False,False
0,0.5,0.5,0.5,0,0.40714285714285714,0.5965920477759918,0.06,0.669,False,False,True,False,True,False,False,False
1,0.35798237022526935,0.6722222222222223,0.6486988847583643,1,0.5125,0.9999999999999999,0.0,0.984,True,False,False,False,False,False,True,False
1,0.14226248775710088,0.6944444444444444,0.23745353159851296,0,0.14791071428571426,0.9999999999999999,0.25,0.159,False,True,False,False,False,False,False,True
0,0.5,0.5,0.5,0,0.04507142857142857,0.5959861085328175,0.0,0.109,False,False,False,True,False,True,False,False
0,0.5,0.5,0.5,0,0.004607142857142857,0.9999999999999999,0.0,0.0,True,False,False,False,False,False,True,False
1,0.0734573947110676,0.75,0.0,1,0.21357142857142858,0.9999999999999999,0.0,0.0,False,True,False,False,False,False,False,True
0,0.5,0.5,0.5,0,0.007625,0.9999999999999999,1.0,0.0,False,False,False,True,False,True,False,False
1,0.0,0.55,0.22630111524163565,0,0.6607142857142857,0.9999999999999999,0.0,0.0,False,False,True,False,True,False,False,False
1,0.17874632713026445,0.2888888888888889,0.22211895910780666,0,0.6785714285714285,0.9999999999999999,0.0,0.0,False,False,False,True,True,False,False,False
1,0.558765915768854,0.11111111111111116,0.574814126394052,1,0.5535714285714285,0.9999999999999999,0.0,0.998,False,False,False,True,True,False,False,False
0,0.4975514201762977,0.5,0.6226765799256506,1,0.40892857142857136,0.5093504848639291,0.39,0.0,False,False,True,False,True,False,False,False
0,0.5785994123408423,0.37222222222222223,0.48977695167286245,0,0.3625,0.5625216435025888,0.43,0.053,False,False,True,False,True,False,False,False
0,0.4338883447600392,0.65,0.512546468401487,0,0.27375,0.39468647272374124,0.19,0.438,True,False,False,False,False,False,True,False
1,0.1398139079333986,0.6944444444444444,0.3503717472118959,1,0.4196428571428571,0.9999999999999999,0.23,0.071,False,False,True,False,False,False,False,True
0,0.5734573947110676,0.3611111111111111,0.48141263940520446,0,0.5714285714285714,0.9999999999999999,0.02,0.986,False,False,True,False,True,False,False,False
1,0.17874632713026445,0.2888888888888889,0.22211895910780666,0,0.43571428571428567,0.9999999999999999,0.04,0.983,False,False,False,True,True,False,False,False
0,0.556562193927522,0.5166666666666666,0.6013011152416357,1,0.40892857142857136,0.9999999999999999,0.01,0.51,True,False,False,False,False,True,False,False
1,0.0,0.55,0.22630111524163565,0,0.5892857142857143,0.9999999999999999,0.0,0.998,False,False,True,False,True,False,False,False
1,0.460822722820764,0.9277777777777778,0.6482342007434945,1,0.43392857142857144,0.9999999999999999,0.31,0.484,True,False,False,False,False,False,False,True
1,0.5024485798237023,0.5,0.37732342007434944,1,0.5267857142857143,0.9999999999999999,0.0,0.999,True,False,False,False,False,False,True,False
0,0.5,0.5,0.5,0,0.16126785714285716,0.9999999999999999,0.0,0.0,False,False,False,True,False,True,False,False
0,0.5,0.5,0.5,0,0.0016607142857142855,0.9999999999999999,0.1,0.297,False,False,False,True,False,True,False,False
0,0.5,0.5,0.5,0,0.032214285714285716,0.9999999999999999,0.0,0.0,False,False,True,False,False,False,False,True
1,0.14226248775710088,0.6944444444444444,0.23745353159851296,0,0.37321428571428567,0.9999999999999999,0.15,0.854,False,True,False,False,False,False,False,True
0,0.568560235063663,0.4666666666666667,0.5473977695167286,0,0.42321428571428565,0.4717922001170023,0.31,0.99,True,False,False,False,False,False,True,False
0,0.5,0.5,0.5,0,7.142857142857142e-05,0.9999999999999999,0.0,0.0,True,False,False,False,False,False,True,False
0,0.4534769833496572,0.5722222222222222,0.35269516728624534,0,0.4660714285714286,0.3062197423173981,0.0,0.001,False,False,True,False,True,False,False,False
0,0.5,0.5,0.5,0,0.10466071428571427,0.9999999999999999,0.0,0.0,False,True,False,False,False,False,False,True
0,0.5,0.5,0.5,0,0.4321428571428571,0.9999999999999999,0.0,0.943,True,False,False,False,False,False,True,False
1,0.056317335945151814,0.5722222222222222,0.23698884758364308,0,0.285,0.9999999999999999,0.0,0.0,False,True,False,False,False,False,True,False
1,0.502203721841332,0.05555555555555558,0.47165427509293684,0,0.475,0.9999999999999999,0.0,0.964,False,False,False,True,True,False,False,False
0,0.5,0.5,0.5,0,0.089875,0.9999999999999999,0.0,0.0,False,False,True,False,True,False,False,False
0,0.5,0.5,0.5,0,0.1558035714285714,0.24881079948455664,0.0,0.0,True,False,False,False,False,False,True,False
0,0.5,0.5,0.5,0,8.928571428571429e-05,0.9999999999999999,0.0,0.0,True,False,False,False,False,True,False,False
0,0.568560235063663,0.6333333333333333,0.49814126394052044,0,0.4321428571428571,0.5094209800179983,0.16,0.614,False,True,False,False,False,False,False,True
1,0.8161116552399608,0.4722222222222222,0.4962825278810409,0,0.6071428571428571,0.9999999999999999,0.0,1.0,False,False,True,False,False,False,False,True
0,0.4657198824681685,0.5,0.479089219330855,0,0.1509285714285714,0.29517649769293475,0.05,0.334,True,False,False,False,False,False,False,True
0,0.5,0.5,0.5,0,0.1819642857142857,0.9999999999999999,0.0,0.0,False,False,False,True,False,True,False,False
1,0.35308521057786485,0.711111111111111,0.4725836431226766,0,0.40892857142857136,0.46033831420433036,0.0,0.765,True,False,False,False,False,False,True,False
1,0.14226248775710088,0.6944444444444444,0.23745353159851296,0,0.3346428571428571,0.9999999999999999,0.38,0.805,False,True,False,False,False,False,False,True
1,0.4265426052889324,0.5222222222222223,0.5134758364312267,0,0.4732142857142857,0.9999999999999999,0.01,0.589,True,False,False,False,False,False,True,False
1,0.0,0.55,0.22630111524163565,0,0.7678571428571428,0.9999999999999999,0.0,0.0,False,False,True,False,True,False,False,False
0,0.5,0.5,0.5,0,0.3494642857142857,0.9999999999999999,0.23,0.361,False,True,False,False,False,False,False,True
0,0.5296278158667973,0.7888888888888889,0.5195167286245354,0,0.4267857142857142,0.1848514656126657,0.01,0.024,False,True,False,False,False,False,False,True
0,0.4338883447600392,0.65,0.512546468401487,0,0.15307142857142855,0.49526734783813753,0.54,0.02,True,False,False,False,False,False,True,False
1,0.24265426052889322,0.5444444444444444,0.23605947955390333,0,0.4535714285714285,0.9999999999999999,0.01,0.011,False,True,False,False,True,False,False,False
1,0.4755142017629775,0.5444444444444444,0.4711895910780669,0,0.5017857142857143,0.9999999999999999,0.0,0.648,False,True,False,False,False,False,False,True
1,0.17874632713026445,0.2888888888888889,0.22211895910780666,0,0.6607142857142857,0.9999999999999999,0.0,0.0,False,False,False,True,False,False,True,False
0,0.5,0.5,0.5,0,0.20571428571428568,0.5627679580012611,0.0,0.0,False,False,True,False,False,True,False,False
1,0.0734573947110676,0.75,0.0,1,0.625,0.9999999999999999,0.0,0.0,False,True,False,False,False,False,False,True
1,0.4167482859941234,0.5555555555555556,0.5232342007434945,0,0.4803571428571428,0.596619564799349,0.02,0.869,False,True,False,False,True,False,False,False
0,0.5465230166503428,0.4277777777777778,0.6473048327137547,0,0.3642857142857142,0.5176695171193327,0.03,0.348,True,False,False,False,False,False,True,False
1,0.5734573947110676,0.7,0.2736988847583643,1,0.6071428571428571,0.9999999999999999,0.02,1.0,False,True,False,False,False,False,False,True
1,0.5612144955925563,0.14444444444444443,0.733271375464684,1,0.3982142857142857,0.9999999999999999,0.01,0.368,False,False,False,True,False,False,True,False
0,0.6863369245837414,0.4722222222222222,0.49907063197026025,0,0.15185714285714283,0.9999999999999999,0.0,0.077,False,True,False,False,True,False,False,False
1,0.4755142017629775,0.5444444444444444,0.4711895910780669,0,0.5089285714285714,0.9999999999999999,0.01,0.907,False,True,False,False,False,False,False,True
0,0.5,0.5,0.5,0,0.10810714285714286,0.9999999999999999,0.0,0.0,False,True,False,False,False,False,False,True
1,0.5,0.5,0.5,0,0.02775,0.9999999999999999,0.0,0.0,False,True,False,False,False,False,False,True
1,0.14226248775710088,0.6944444444444444,0.23745353159851296,0,0.625,0.9999999999999999,0.0,0.0,False,True,False,False,False,False,False,True
1,0.14226248775710088,0.6944444444444444,0.23745353159851296,0,0.5053571428571428,0.5966002401074878,0.0,0.0,False,True,False,False,False,False,False,True
1,0.5734573947110676,0.7,0.2736988847583643,1,0.2958928571428571,0.5082541446460463,0.0,0.0,False,True,False,False,False,False,False,True
1,0.056317335945151814,0.5722222222222222,0.23698884758364308,0,0.1661785714285714,0.9999999999999999,0.0,0.0,False,True,False,False,True,False,False,False
0,0.5737022526934378,0.6444444444444444,0.5065055762081785,0,0.1826785714285714,0.5965064165730092,0.13,0.203,False,True,False,False,False,False,False,True
0,0.5,0.5,0.5,0,0.2414285714285714,0.9999999999999999,0.0,0.0,False,False,True,False,True,False,False,False
0,0.5,0.5,0.5,0,0.23696428571428568,0.4926660384800533,0.0,0.0,False,False,True,False,True,False,False,False
1,0.502203721841332,0.05555555555555558,0.47165427509293684,0,0.5178571428571428,0.9999999999999999,0.0,0.488,False,False,False,True,True,False,False,False
1,0.0,0.55,0.22630111524163565,0,0.2785714285714285,0.9999999999999999,0.48,0.067,False,False,True,False,True,False,False,False
0,0.6052889324191969,0.03888888888888886,0.7221189591078067,1,0.4464285714285714,0.2999549381405064,0.35,0.989,False,False,False,True,False,False,True,False
0,0.5,0.5,0.5,0,5.357142857142857e-05,0.9999999999999999,0.64,0.007,False,True,False,False,False,False,False,True
1,0.20323212536728696,0.3611111111111111,0.2644052044609665,0,0.5017857142857143,0.9999999999999999,0.0,1.0,False,False,False,True,True,False,False,False
1,0.5394221351616063,0.8,0.4851301115241636,0,0.6071428571428571,0.5628865378215677,0.0,1.0,False,True,False,False,False,False,False,True
1,0.5734573947110676,0.7,0.2736988847583643,1,0.6071428571428571,0.9999999999999999,0.0,0.978,False,True,False,False,False,False,False,True
1,0.5,0.5,0.5,0,0.0,0.9999999999999999,0.0,0.0,False,True,False,False,False,False,False,True
0,0.5394221351616063,0.8,0.4851301115241636,0,0.4107142857142857,0.31410223561850814,0.06,0.001,False,True,False,False,False,False,False,True
1,0.0734573947110676,0.75,0.0,1,0.6607142857142857,0.5431431001226837,0.0,0.0,False,True,False,False,False,False,False,True
1,0.14226248775710088,0.6944444444444444,0.23745353159851296,0,0.625,0.9999999999999999,0.0,0.0,False,True,False,False,False,False,False,True
0,0.43119490695396673,0.5555555555555556,0.262546468401487,1,0.38035714285714284,0.47992279683624567,0.02,0.285,False,False,True,False,True,False,False,False
1,0.14226248775710088,0.6944444444444444,0.23745353159851296,0,0.625,0.9999999999999999,0.0,0.0,False,True,False,False,False,False,False,True
0,0.7426542605288933,0.27222222222222225,0.7225836431226766,1,0.49821428571428567,0.49536332594561083,0.21,1.0,False,False,True,False,True,False,False,False
0,0.4657198824681685,0.37777777777777777,0.4986059479553903,0,0.1364642857142857,0.5475591375885384,0.49,0.012,False,True,False,False,False,False,True,False
0,0.5,0.5,0.5,0,0.0002857142857142857,0.9999999999999999,0.0,0.0,False,False,False,True,False,True,False,False
0,0.5,0.5,0.5,0,0.10673214285714286,0.29199614732143647,0.0,0.0,False,False,True,False,True,False,False,False
0,0.5,0.5,0.5,0,0.20428571428571426,0.9999999999999999,0.0,0.0,False,False,False,True,False,False,True,False
0,0.6077375122428992,0.2055555555555556,0.349907063197026,1,0.0,0.9999999999999999,0.0,0.0,False,True,False,False,True,False,False,False
0,0.5734573947110676,0.7,0.2736988847583643,1,0.25875,0.9999999999999999,0.01,0.041,False,True,False,False,False,False,False,True
1,0.0734573947110676,0.75,0.0,1,0.5160714285714285,0.9999999999999999,0.0,0.973,True,False,False,False,False,False,False,True
0,0.5,0.5,0.5,0,0.2144642857142857,0.9999999999999999,0.0,0.0,False,True,False,False,False,False,False,True
1,0.0734573947110676,0.75,0.0,1,0.24839285714285714,0.9999999999999999,0.34,0.083,False,True,False,False,False,False,False,True
1,0.1398139079333986,0.6944444444444444,0.3503717472118959,1,0.4821428571428571,0.9999999999999999,0.01,0.918,False,False,True,False,False,False,False,True
1,0.4926542605288932,0.1777777777777778,0.6858736059479554,1,0.3892857142857143,0.5958019506674215,0.0,0.042,False,False,False,True,True,False,False,False
0,0.5,0.5,0.5,0,0.0020535714285714285,0.9999999999999999,0.0,0.0,False,False,False,True,False,False,True,False
0,0.4265426052889324,0.5222222222222223,0.5134758364312267,0,0.17607142857142855,0.9999999999999999,0.34,0.051,True,False,False,False,False,False,True,False
0,0.5345249755142018,0.5166666666666666,0.5027881040892194,0,0.2944642857142857,0.9999999999999999,0.02,0.023,False,False,True,False,True,False,False,False
1,0.49779627815866795,0.4777777777777778,0.8029739776951673,1,0.6071428571428571,0.5475506565050545,0.04,0.909,False,False,True,False,True,False,False,False
0,0.5,0.5,0.5,0,0.0054821428571428564,0.5963937743325913,0.0,0.0,False,False,False,True,False,True,False,False
1,0.17874632713026445,0.2888888888888889,0.22211895910780666,0,0.625,0.9999999999999999,0.0,0.0,False,False,False,True,True,False,False,False
1,0.056317335945151814,0.5722222222222222,0.23698884758364308,0,0.7142857142857142,0.9999999999999999,0.0,0.0,False,True,False,False,True,False,False,False
0,0.5,0.5,0.5,0,0.20553571428571427,0.3897480101240488,0.0,0.0,False,False,False,True,False,False,True,False
1,0.056317335945151814,0.5722222222222222,0.23698884758364308,0,0.0,0.9999999999999999,0.0,0.0,False,True,False,False,False,False,True,False
0,0.4755142017629775,0.5444444444444444,0.4711895910780669,0,0.22410714285714287,0.39602136505682956,0.18,0.001,False,True,False,False,False,False,False,True
0,0.4534769833496572,0.5722222222222222,0.35269516728624534,0,0.5714285714285714,0.9999999999999999,0.0,0.999,False,False,True,False,True,False,False,False
0,0.5,0.5,0.5,0,0.19339285714285714,0.9999999999999999,0.03,0.263,True,False,False,False,False,False,True,False
1,0.1398139079333986,0.6944444444444444,0.3503717472118959,1,0.35178571428571426,0.9999999999999999,0.7,0.033,False,False,True,False,False,False,False,True
1,0.5636630754162586,0.3111111111111111,0.5139405204460966,0,0.6071428571428571,0.9999999999999999,0.0,0.999,False,False,True,False,False,True,False,False
1,0.1398139079333986,0.6944444444444444,0.3503717472118959,1,0.3480357142857142,0.9999999999999999,0.97,0.081,False,False,True,False,False,False,False,True
0,0.5342801175318316,0.5,0.520910780669145,0,1.7857142857142855e-05,0.9999999999999999,0.45,0.003,False,False,False,True,False,False,True,False
1,0.14226248775710088,0.6944444444444444,0.23745353159851296,0,0.15419642857142857,0.9999999999999999,0.58,0.014,False,True,False,False,False,False,False,True
1,0.5296278158667973,0.7888888888888889,0.5195167286245354,0,0.4732142857142857,0.9999999999999999,0.0,1.0,False,True,False,False,False,False,False,True
1,0.24265426052889322,0.5444444444444444,0.23605947955390333,0,0.0,0.9999999999999999,0.0,0.0,False,True,False,False,True,False,False,False
0,0.5,0.5388888888888889,0.5018587360594795,0,5.357142857142857e-05,0.9999999999999999,0.23,0.023,False,True,False,False,True,False,False,False
1,0.43609206660137123,0.24444444444444446,0.48605947955390333,0,0.4928571428571429,0.9999999999999999,0.0,1.0,False,False,False,True,False,True,False,False
0,0.5,0.5,0.5,0,5.357142857142857e-05,0.13468259865595342,0.0,0.0,False,False,False,True,False,True,False,False
0,0.5,0.5,0.5,0,0.02721428571428571,0.3269511880297243,0.0,0.0,True,False,False,False,False,True,False,False
1,0.5981880509304603,0.4111111111111111,0.5599442379182156,1,0.4517857142857143,0.9999999999999999,0.01,0.998,False,True,False,False,True,False,False,False
0,0.5,0.5,0.5,0,0.13394642857142858,0.9999999999999999,0.0,0.0,False,False,False,True,False,True,False,False
0,0.5,0.5,0.5,0,0.23607142857142857,0.4845716041375784,0.0,0.0,False,False,True,False,True,False,False,False
1,0.7426542605288933,0.27222222222222225,0.7225836431226766,1,0.425,0.9999999999999999,0.06,0.059,False,False,True,False,True,False,False,False
0,0.5,0.5,0.5,0,1.7857142857142855e-05,0.9999999999999999,1.0,0.001,False,False,True,False,True,False,False,False
0,0.5734573947110676,0.3611111111111111,0.48141263940520446,0,0.5535714285714285,0.3682733057327461,0.0,0.624,False,False,True,False,True,False,False,False
0,0.5345249755142018,0.5166666666666666,0.5027881040892194,0,3.571428571428571e-05,0.3647802054301206,0.82,0.005,False,False,True,False,True,False,False,False
0,0.5,0.5,0.5,0,0.4035714285714286,0.9999999999999999,0.05,0.377,False,False,False,True,False,True,False,False
0,0.6762977473065622,0.3277777777777778,0.3722118959107807,1,0.051196428571428566,0.5627512420058499,0.98,0.039,False,False,True,False,True,False,False,False
1,0.4657198824681685,0.5,0.479089219330855,0,0.4928571428571429,0.9999999999999999,0.0,1.0,False,False,True,False,False,True,False,False
1,0.14226248775710088,0.6944444444444444,0.23745353159851296,0,0.42142857142857143,0.9999999999999999,0.05,0.469,False,True,False,False,False,False,False,True
1,0.1398139079333986,0.6944444444444444,0.3503717472118959,1,0.4107142857142857,0.9999999999999999,0.82,0.236,False,False,True,False,False,False,False,True
1,0.3552889324191969,0.6611111111111111,0.2927509293680297,1,0.625,0.41247587579607614,0.0,0.999,False,False,True,False,False,True,False,False
0,0.5,0.5,0.5,0,0.5214285714285714,0.9999999999999999,0.0,0.0,False,False,False,True,False,True,False,False
0,0.5,0.5,0.5,0,0.001339285714285714,0.9999999999999999,0.12,0.222,False,False,True,False,True,False,False,False
0,0.5,0.5,0.5,0,0.34267857142857144,0.9999999999999999,0.0,0.0,False,True,False,False,False,False,False,True
1,0.5541136141038198,0.5166666666666666,0.7239776951672863,1,0.4607142857142857,0.9999999999999999,0.0,0.005,False,False,True,False,False,True,False,False
1,0.4681684622918707,0.6555555555555556,0.5088289962825279,0,0.0,0.9999999999999999,0.0,0.0,True,False,False,False,False,True,False,False
0,0.5,0.5,0.5,0,0.20285714285714285,0.5966165065838732,0.0,0.0,False,True,False,False,False,False,False,True
1,0.33080313418217433,0.7055555555555555,0.2639405204460966,1,0.0,0.9999999999999999,0.0,0.0,False,True,False,False,True,False,False,False
1,0.7426542605288933,0.27222222222222225,0.7225836431226766,1,0.46964285714285714,0.5431149777935292,0.01,0.978,False,False,True,False,True,False,False,False
0,0.5,0.5,0.5,0,0.06991071428571428,0.5159101333490979,0.0,0.0,False,True,False,False,False,False,True,False
0,0.5,0.5,0.5,0,0.00010714285714285714,0.9999999999999999,0.0,0.0,True,False,False,False,False,False,True,False
1,0.45592556317335947,0.6444444444444444,0.5130111524163569,0,0.5535714285714285,0.9999999999999999,0.0,0.958,False,False,True,False,True,False,False,False
1,0.7426542605288933,0.27222222222222225,0.7225836431226766,1,0.6071428571428571,0.9999999999999999,0.01,1.0,False,False,True,False,False,True,False,False
0,0.5,0.5,0.5,0,0.21624999999999997,0.34995040768056374,0.0,0.0,False,True,False,False,False,False,False,True
0,0.5,0.5,0.5,0,0.000375,0.9999999999999999,0.18,0.042,False,False,False,True,False,True,False,False
0,0.5734573947110676,0.3611111111111111,0.48141263940520446,0,0.4125,0.9999999999999999,0.01,0.293,False,False,True,False,True,False,False,False
1,0.14201762977473065,0.7166666666666667,0.04739776951672858,1,0.0,0.9999999999999999,0.0,0.0,True,False,False,False,False,False,False,True
1,0.5636630754162586,0.3111111111111111,0.5139405204460966,0,0.5357142857142857,0.9999999999999999,0.05,0.835,False,False,True,False,False,True,False,False
1,0.5296278158667973,0.7888888888888889,0.5195167286245354,0,0.5196428571428572,0.9999999999999999,0.01,0.969,False,True,False,False,False,False,False,True
0,0.5,0.5,0.5,0,0.30857142857142855,0.3432395799387344,0.0,0.0,False,False,True,False,True,False,False,False
1,0.6297747306562194,0.11111111111111116,0.7644052044609666,1,0.4803571428571428,0.9999999999999999,0.0,0.992,False,False,False,True,False,True,False,False
1,0.056317335945151814,0.5722222222222222,0.23698884758364308,0,0.006696428571428571,0.594719754306542,0.0,0.0,False,False,False,True,False,False,True,False
0,0.4338883447600392,0.65,0.512546468401487,0,3.571428571428571e-05,0.4314619739883565,0.1,0.0,True,False,False,False,False,False,True,False
0,0.5,0.5,0.5,0,0.008285714285714285,0.9999999999999999,0.0,0.0,True,False,False,False,False,False,True,False
0,0.43119490695396673,0.5555555555555556,0.262546468401487,1,0.5214285714285714,0.9999999999999999,0.09,1.0,False,False,True,False,True,False,False,False
1,0.5639079333986288,0.7944444444444444,0.5157992565055762,0,0.4803571428571428,0.9999999999999999,0.0,1.0,False,False,True,False,False,False,False,True
0,0.5,0.5,0.5,0,0.23428571428571426,0.5627675308788083,0.0,0.0,False,False,True,False,True,False,False,False
0,0.5,0.5,0.5,0,0.1932142857142857,0.28879205738954605,0.0,0.0,False,False,True,False,True,False,False,False
1,0.5785994123408423,0.37222222222222223,0.48977695167286245,0,0.5714285714285714,0.9999999999999999,0.0,0.998,False,False,True,False,True,False,False,False
1,0.5342801175318316,0.5,0.520910780669145,0,0.4946428571428571,0.9999999999999999,0.0,1.0,False,True,False,False,True,False,False,False
1,0.3528403525954946,0.30000000000000004,0.5092936802973977,0,0.5214285714285714,0.9999999999999999,0.0,0.999,False,False,False,True,False,True,False,False
1,0.40181194906953965,0.5888888888888889,0.4400557620817844,1,0.23803571428571427,0.9999999999999999,0.13,0.002,True,False,False,False,False,True,False,False
0,0.3947110675808031,0.9611111111111111,0.27788104089219334,1,0.40892857142857136,0.9999999999999999,0.11,0.0,False,False,True,False,False,False,False,True
1,0.5024485798237023,0.5,0.3870817843866171,1,0.3344642857142857,0.501900741318057,0.14,0.488,False,True,False,False,False,False,True,False
1,0.14201762977473065,0.7166666666666667,0.04739776951672858,1,0.625,0.9999999999999999,0.0,0.0,True,False,False,False,False,False,False,True
0,0.5,0.5,0.5,0,0.00075,0.4897084346816444,0.0,0.0,False,False,False,True,False,True,False,False
1,0.5734573947110676,0.7,0.2736988847583643,1,0.5714285714285714,0.5812418736210628,0.0,1.0,False,True,False,False,False,False,False,True
1,0.7426542605288933,0.27222222222222225,0.7225836431226766,1,0.5892857142857143,0.9999999999999999,0.0,1.0,False,False,True,False,False,True,False,False
0,0.5,0.5,0.5,0,0.05830357142857143,0.5965028772988057,0.0,0.0,False,False,True,False,True,False,False,False
0,0.5,0.5,0.5,0,0.34642857142857136,0.9999999999999999,0.05,0.381,False,True,False,False,False,False,False,True
0,0.5345249755142018,0.4777777777777778,0.7012081784386617,1,0.14303571428571427,0.45542611638677977,0.0,0.0,False,True,False,False,False,False,True,False
0,0.5,0.5,0.5,0,0.21857142857142856,0.9999999999999999,0.0,0.0,False,False,True,False,True,False,False,False
1,0.6077375122428992,0.2055555555555556,0.349907063197026,1,0.32249999999999995,0.47180575289942245,0.44,0.002,False,True,False,False,True,False,False,False
0,0.5342801175318316,0.5,0.520910780669145,0,0.02480357142857143,0.596622256187946,0.0,0.0,False,True,False,False,False,False,True,False
1,0.1398139079333986,0.6944444444444444,0.3503717472118959,1,0.4267857142857142,0.9999999999999999,0.11,0.999,False,False,True,False,False,False,False,True
0,0.5,0.5,0.5,0,0.11617857142857142,0.9999999999999999,0.96,0.987,False,True,False,False,False,False,False,True
1,0.3552889324191969,0.6611111111111111,0.2927509293680297,1,0.48571428571428565,0.9999999999999999,0.0,0.254,False,False,True,False,False,True,False,False
1,0.490205680705191,0.45,0.5325278810408922,0,0.4678571428571428,0.9999999999999999,0.01,0.491,True,False,False,False,False,True,False,False
0,0.5,0.5,0.5,0,0.21857142857142856,0.9999999999999999,0.0,0.0,False,False,True,False,False,False,False,True
1,0.6469147894221352,0.2888888888888889,0.5274163568773235,0,0.5714285714285714,0.9999999999999999,0.0,0.999,False,False,True,False,True,False,False,False
1,0.17874632713026445,0.2888888888888889,0.22211895910780666,0,0.6428571428571428,0.9999999999999999,0.0,0.0,False,False,False,True,True,False,False,False
0,0.5394221351616063,0.6833333333333333,0.47165427509293684,0,0.4178571428571428,0.43995221412382746,0.03,0.064,False,True,False,False,False,False,True,False
1,0.7426542605288933,0.27222222222222225,0.7225836431226766,1,0.4446428571428571,0.5964606699395609,0.04,0.271,False,False,True,False,True,False,False,False
1,0.0,0.55,0.22630111524163565,0,0.41428571428571426,0.9999999999999999,0.33,0.604,False,False,True,False,True,False,False,False
1,0.1398139079333986,0.6944444444444444,0.3503717472118959,1,0.6607142857142857,0.9999999999999999,0.0,0.0,False,False,True,False,False,False,False,True
0,0.5,0.5,0.5,0,0.27214285714285713,0.9999999999999999,0.0,0.12,False,False,True,False,True,False,False,False
0,0.5541136141038198,0.5166666666666666,0.7239776951672863,1,0.158375,0.3520214318233285,0.06,0.149,False,False,True,False,False,True,False,False
1,0.35308521057786485,0.711111111111111,0.4725836431226766,0,0.46964285714285714,0.9999999999999999,0.0,0.984,True,False,False,False,False,False,True,False
0,0.5,0.5,0.5,0,0.041607142857142856,0.9999999999999999,0.0,0.0,True,False,False,False,False,False,True,False
0,0.5,0.5,0.5,0,0.030285714285714284,0.596605987790015,0.0,0.0,True,False,False,False,False,False,True,False
1,0.14201762977473065,0.7166666666666667,0.04739776951672858,1,0.016142857142857143,0.9999999999999999,0.09,0.105,True,False,False,False,False,False,False,True
0,0.5,0.5,0.5,0,0.4267857142857142,0.5273363376766489,0.0,0.965,True,False,False,False,False,False,True,False
1,0.29676787463271304,0.6888888888888889,0.46189591078066916,0,0.0,0.9999999999999999,0.0,0.0,False,False,True,False,False,True,False,False
0,0.5737022526934378,0.6444444444444444,0.5065055762081785,0,0.0029642857142857144,0.4352722924997517,0.35,0.02,False,True,False,False,False,False,False,True
1,0.14201762977473065,0.7166666666666667,0.04739776951672858,1,0.4107142857142857,0.9999999999999999,0.0,0.967,True,False,False,False,False,False,False,True
1,0.43119490695396673,0.5555555555555556,0.262546468401487,1,0.625,0.4954252245749602,0.0,0.999,False,False,True,False,True,False,False,False
0,0.4262977473065622,0.3555555555555556,0.4934944237918215,0,0.26517857142857143,0.4158891676542443,0.39,0.021,False,False,False,True,False,True,False,False
1,0.5394221351616063,0.8,0.4851301115241636,0,0.4535714285714285,0.9999999999999999,0.02,0.998,False,True,False,False,False,False,False,True
0,0.5,0.5,0.5,0,8.928571428571429e-05,0.4922108190982355,0.0,0.0,True,False,False,False,False,False,True,False
1,0.37022526934378064,0.8888888888888888,0.23559479553903345,1,0.4946428571428571,0.9999999999999999,0.0,0.999,False,True,False,False,False,False,False,True
1,0.5318315377081293,0.34444444444444444,0.49117100371747213,0,0.4392857142857143,0.9999999999999999,0.02,0.796,False,True,False,False,True,False,False,False
0,0.5,0.5,0.5,0,0.058196428571428566,0.4028914685328255,0.0,0.0,False,False,True,False,True,False,False,False
1,0.6177766895200784,0.6222222222222222,0.6342936802973977,1,0.5017857142857143,0.9999999999999999,0.0,1.0,False,False,True,False,False,False,False,True
1,0.1398139079333986,0.6944444444444444,0.3503717472118959,1,0.21178571428571427,0.5893199183912695,0.23,0.082,False,False,True,False,False,False,False,True
1,0.49779627815866795,0.4777777777777778,0.8029739776951673,1,0.46964285714285714,0.9999999999999999,0.0,1.0,False,False,True,False,True,False,False,False
1,0.7426542605288933,0.27222222222222225,0.7225836431226766,1,0.0,0.9999999999999999,0.0,0.0,False,False,True,False,True,False,False,False
0,0.4534769833496572,0.5722222222222222,0.35269516728624534,0,0.1373035714285714,0.9999999999999999,0.17,0.001,False,False,True,False,True,False,False,False
0,0.4338883447600392,0.65,0.512546468401487,0,0.4375,0.9999999999999999,0.11,0.61,True,False,False,False,False,False,True,False
1,0.5244857982370226,0.45555555555555555,0.5288104089219331,0,0.4517857142857143,0.9999999999999999,0.05,0.745,False,False,False,True,False,True,False,False
1,0.14226248775710088,0.6944444444444444,0.23745353159851296,0,0.40714285714285714,0.9999999999999999,0.04,0.092,False,True,False,False,False,False,False,True
1,0.5296278158667973,0.7888888888888889,0.5195167286245354,0,0.47678571428571426,0.9999999999999999,0.0,0.98,False,True,False,False,False,False,False,True
0,0.5737022526934378,0.6444444444444444,0.5065055762081785,0,0.0009464285714285714,0.9999999999999999,0.77,0.068,False,True,False,False,False,False,False,True
0,0.5,0.5,0.5,0,0.4196428571428571,0.9999999999999999,0.02,0.008,False,False,True,False,True,False,False,False
0,0.5,0.5,0.5,0,0.14303571428571427,0.45542611638677977,0.0,0.0,False,True,False,False,False,False,False,True
0,0.5,0.5,0.5,0,0.2542857142857143,0.9999999999999999,0.0,0.0,False,True,False,False,False,False,True,False
0,0.5,0.5,0.5,0,0.31375,0.9999999999999999,0.0,0.373,True,False,False,False,False,False,True,False
0,0.5541136141038198,0.5166666666666666,0.7239776951672863,1,0.5892857142857143,0.5287187264179116,0.04,0.957,False,False,True,False,False,True,False,False
0,0.5,0.5,0.5,0,0.0013035714285714285,0.5964948233582457,0.0,0.0,False,False,False,True,False,True,False,False
0,0.45592556317335947,0.6444444444444444,0.5130111524163569,0,0.28910714285714284,0.9999999999999999,0.25,0.023,False,False,True,False,True,False,False,False
0,0.5,0.5,0.5,0,0.16126785714285716,0.9999999999999999,0.16,0.359,False,False,False,True,False,True,False,False
0,0.5,0.5,0.5,0,0.20249999999999999,0.5149616833225977,0.0,0.0,False,True,False,False,False,False,True,False
0,0.5,0.5,0.5,0,0.4375,0.9999999999999999,0.14,0.993,False,False,False,True,False,True,False,False
0,0.35308521057786485,0.711111111111111,0.4725836431226766,0,0.44999999999999996,0.9999999999999999,0.01,0.93,True,False,False,False,False,False,True,False
1,0.4265426052889324,0.6388888888888888,0.5185873605947956,0,0.5035714285714286,0.9999999999999999,0.0,0.965,True,False,False,False,False,False,True,False
0,0.5,0.5,0.5,0,0.4535714285714285,0.9999999999999999,0.0,0.987,False,False,True,False,True,False,False,False
0,0.5,0.5,0.5,0,0.03276785714285714,0.9999999999999999,0.0,0.0,True,False,False,False,False,False,False,True
0,0.5,0.5,0.5,0,0.14453571428571427,0.9999999999999999,0.0,0.0,True,False,False,False,False,False,True,False
1,0.14226248775710088,0.6944444444444444,0.23745353159851296,0,0.75,0.5431504390558368,0.0,0.0,False,True,False,False,False,False,False,True
1,0.3528403525954946,0.30000000000000004,0.5092936802973977,0,0.3110714285714286,0.9999999999999999,0.59,0.038,False,False,False,True,False,True,False,False
1,0.4975514201762977,0.5,0.6226765799256506,1,0.625,0.5409038045205933,0.0,1.0,False,False,True,False,True,False,False,False
0,0.5,0.5,0.5,0,0.13960714285714285,0.2143390500807046,0.0,0.0,True,False,False,False,False,False,True,False
0,0.5,0.5,0.5,0,0.31089285714285714,0.9999999999999999,0.0,0.0,False,True,False,False,False,False,True,False
0,0.4534769833496572,0.5722222222222222,0.35269516728624534,0,0.4446428571428571,0.5966304536065737,0.07,0.194,False,False,True,False,True,False,False,False
0,0.5,0.5,0.5,0,0.004410714285714285,0.9999999999999999,0.0,0.0,False,False,False,True,False,True,False,False
1,0.056317335945151814,0.5722222222222222,0.23698884758364308,0,0.1765,0.9999999999999999,0.0,0.0,False,True,False,False,True,False,False,False
0,0.5,0.5,0.5,0,0.16799999999999998,0.9999999999999999,0.01,0.236,True,False,False,False,False,False,True,False
0,0.5,0.5,0.5,0,0.25160714285714286,0.9999999999999999,0.0,0.0,False,False,True,False,True,False,False,False
1,0.35798237022526935,0.6722222222222223,0.6486988847583643,1,0.47142857142857136,0.9999999999999999,0.0,1.0,True,False,False,False,False,False,True,False
1,0.17874632713026445,0.2888888888888889,0.22211895910780666,0,0.4464285714285714,0.9999999999999999,0.0,0.0,False,False,False,True,False,False,True,False
0,0.5,0.5,0.5,0,0.10119642857142856,0.9999999999999999,0.0,0.0,False,False,True,False,True,False,False,False
1,0.6177766895200784,0.4222222222222222,0.4776951672862454,0,0.5535714285714285,0.5965700453539755,0.0,0.978,False,False,True,False,False,False,False,True
0,0.5,0.5,0.5,0,0.2755357142857143,0.49524403040457066,0.0,0.0,False,True,False,False,False,False,False,True
1,0.5318315377081293,0.34444444444444444,0.49117100371747213,0,0.5285714285714286,0.5965265587226588,0.0,0.955,False,True,False,False,True,False,False,False
0,0.45592556317335947,0.6444444444444444,0.5130111524163569,0,0.4053571428571428,0.9999999999999999,0.03,0.037,False,False,True,False,True,False,False,False
0,0.35798237022526935,0.6722222222222223,0.6486988847583643,1,0.5714285714285714,0.3988520949511875,0.0,1.0,True,False,False,False,False,False,True,False
1,0.49975514201762977,0.5222222222222223,0.30994423791821557,1,0.2760714285714286,0.9999999999999999,0.04,0.398,True,False,False,False,False,True,False,False
1,0.0,0.55,0.22630111524163565,0,0.5160714285714285,0.9999999999999999,0.0,0.997,False,False,True,False,True,False,False,False
1,0.1398139079333986,0.6944444444444444,0.3503717472118959,1,0.0,0.9999999999999999,0.0,0.0,False,False,True,False,False,False,False,True
1,0.3552889324191969,0.6611111111111111,0.2927509293680297,1,0.5017857142857143,0.5965882577608526,0.0,0.986,False,False,True,False,False,True,False,False
0,0.5345249755142018,0.5166666666666666,0.5027881040892194,0,3.571428571428571e-05,0.2919846847023152,1.0,0.015,False,False,True,False,True,False,False,False
0,0.46547502448579825,0.48333333333333334,0.4972118959107807,0,0.000875,0.5624580612724442,1.0,0.006,True,False,False,False,False,False,True,False
0,0.4975514201762977,0.5,0.6226765799256506,1,0.42321428571428565,0.9999999999999999,0.03,0.0,False,False,True,False,True,False,False,False
0,0.5661116552399609,0.35,0.487453531598513,0,0.375,0.5430181006440353,0.26,0.406,False,False,True,False,True,False,False,False
0,0.6447110675808031,0.3388888888888889,0.7072490706319703,1,0.5892857142857143,0.9999999999999999,0.01,0.964,False,True,False,False,False,False,True,False
1,0.6077375122428991,0.5166666666666666,0.5190520446096655,0,0.4946428571428571,0.5962824855873735,0.0,1.0,False,False,True,False,False,False,False,True
1,0.5296278158667973,0.7888888888888889,0.5195167286245354,0,0.5142857142857142,0.9999999999999999,0.0,1.0,False,True,False,False,False,False,False,True
0,0.49779627815866795,0.4777777777777778,0.8029739776951673,1,0.49107142857142855,0.9999999999999999,0.01,0.909,False,False,True,False,True,False,False,False
0,0.5,0.5,0.5,0,0.27446428571428566,0.9999999999999999,0.0,0.0,True,False,False,False,False,False,True,False
1,0.17874632713026445,0.2888888888888889,0.22211895910780666,0,0.625,0.9999999999999999,0.0,0.0,False,False,False,True,False,False,True,False
0,0.44343780607247796,0.48333333333333334,0.39869888475836435,1,0.5017857142857143,0.4888930112291504,0.0,0.997,False,True,False,False,True,False,False,False
1,0.24265426052889322,0.5444444444444444,0.23605947955390333,0,0.5714285714285714,0.9999999999999999,0.0,0.999,False,True,False,False,False,False,True,False
0,0.5,0.5,0.5,0,7.142857142857142e-05,0.9999999999999999,0.0,0.0,False,False,False,True,False,True,False,False
1,0.4975514201762977,0.5,0.6226765799256506,1,0.48571428571428565,0.9999999999999999,0.0,0.996,False,False,True,False,True,False,False,False
1,0.3136630754162586,0.5277777777777778,0.5009293680297398,0,0.18910714285714283,0.9999999999999999,0.39,0.328,True,False,False,False,False,True,False,False
0,0.6177766895200784,0.6222222222222222,0.6342936802973977,1,0.1169642857142857,0.9999999999999999,0.25,0.043,False,False,True,False,False,False,False,True
1,0.4167482859941234,0.5555555555555556,0.5232342007434945,0,0.40892857142857136,0.9999999999999999,0.01,0.427,False,True,False,False,False,False,True,False
0,0.5367286973555337,0.033333333333333326,0.6728624535315986,1,0.3821428571428571,0.40122185257660453,0.0,0.0,False,False,False,True,True,False,False,False
1,0.4338883447600392,0.65,0.512546468401487,0,0.5714285714285714,0.9999999999999999,0.0,1.0,True,False,False,False,False,False,True,False
0,0.5,0.5,0.5,0,0.0018214285714285713,0.484573929070923,0.0,0.0,False,True,False,False,False,False,False,True
1,0.1398139079333986,0.6944444444444444,0.3503717472118959,1,0.8928571428571428,0.9999999999999999,0.0,0.0,False,False,True,False,False,False,False,True
0,0.4975514201762977,0.5,0.6226765799256506,1,0.4535714285714285,0.9999999999999999,0.0,0.987,False,False,True,False,True,False,False,False
0,0.5,0.5,0.5,0,0.17548214285714284,0.9999999999999999,0.0,0.0,False,False,False,True,False,True,False,False
0,0.5,0.5,0.5,0,0.1789285714285714,0.9999999999999999,0.17,0.628,False,False,False,True,False,True,False,False
0,0.5,0.5,0.5,0,0.1819642857142857,0.5965882577608526,0.0,0.0,False,False,True,False,True,False,False,False
1,0.5612144955925563,0.14444444444444443,0.733271375464684,1,0.5714285714285714,0.9999999999999999,0.0,0.948,False,False,False,True,False,False,True,False
1,0.5296278158667973,0.7888888888888889,0.5195167286245354,0,0.4535714285714285,0.9999999999999999,0.0,0.211,False,True,False,False,False,False,False,True
1,0.14201762977473065,0.7166666666666667,0.04739776951672858,1,0.75,0.9999999999999999,0.0,0.0,True,False,False,False,False,False,False,True
0,0.5,0.5,0.5,0,0.4267857142857142,0.9999999999999999,0.12,0.997,False,False,False,True,False,True,False,False
0,0.45592556317335947,0.6444444444444444,0.5130111524163569,0,0.12425,0.19869177174429423,0.09,0.007,False,False,True,False,True,False,False,False
1,0.568560235063663,0.6333333333333333,0.49814126394052044,0,0.5892857142857143,0.9999999999999999,0.01,0.998,False,True,False,False,False,False,False,True
1,0.24265426052889322,0.5444444444444444,0.23605947955390333,0,0.625,0.9999999999999999,0.0,0.0,False,True,False,False,False,False,True,False
0,0.4363369245837414,0.39444444444444443,0.5896840148698885,1,0.17541071428571428,0.3722318844761384,0.18,0.015,False,False,False,True,False,True,False,False
1,0.6177766895200784,0.6222222222222222,0.6342936802973977,1,0.48571428571428565,0.9999999999999999,0.0,0.996,False,False,True,False,False,False,False,True
0,0.5832517140058766,0.4444444444444444,0.4767657992565056,0,0.5339285714285714,0.48455888015409904,0.0,1.0,False,True,False,False,False,False,False,True
1,0.056317335945151814,0.5722222222222222,0.23698884758364308,0,0.09258928571428571,0.9999999999999999,0.0,0.0,False,True,False,False,False,False,True,False
0,0.5,0.5,0.5,0,0.138375,0.9999999999999999,0.27,0.281,False,False,True,False,True,False,False,False
1,0.568560235063663,0.6333333333333333,0.49814126394052044,0,0.47142857142857136,0.5965789673594399,0.05,0.336,False,True,False,False,False,False,False,True
0,0.5,0.5,0.5,0,0.47142857142857136,0.5966114915264814,0.0,0.0,False,False,False,True,False,True,False,False
1,0.17874632713026445,0.2888888888888889,0.22211895910780666,0,0.7321428571428571,0.9999999999999999,0.0,0.0,False,False,False,True,False,False,True,False
1,0.17874632713026445,0.2888888888888889,0.22211895910780666,0,0.48392857142857143,0.9999999999999999,0.0,0.987,False,False,False,True,True,False,False,False
0,0.5,0.5,0.5,0,0.06132142857142857,0.5287918319836201,0.0,0.0,False,True,False,False,False,False,False,True
0,0.47771792360430954,0.48333333333333334,0.40985130111524165,1,5.357142857142857e-05,0.5960128017084022,0.0,0.0,False,False,False,True,True,False,False,False
1,0.5785994123408423,0.37222222222222223,0.48977695167286245,0,0.5303571428571429,0.9999999999999999,0.06,0.804,False,False,True,False,True,False,False,False
0,0.5,0.5,0.5,0,0.23767857142857143,0.4278040359708175,0.0,0.0,False,True,False,False,False,False,False,True
1,0.43119490695396673,0.5555555555555556,0.262546468401487,1,0.625,0.9999999999999999,0.01,0.996,False,False,True,False,True,False,False,False
1,0.1398139079333986,0.6944444444444444,0.3503717472118959,1,0.4107142857142857,0.9999999999999999,0.01,0.676,False,False,True,False,False,False,False,True
1,0.4314397649363369,0.5333333333333333,0.4526022304832714,0,0.5107142857142857,0.9999999999999999,0.0,0.996,False,False,True,False,True,False,False,False
0,0.5,0.5,0.5,0,0.45535714285714285,0.9999999999999999,0.0,0.19,False,True,False,False,True,False,False,False
0,0.4314397649363369,0.5333333333333333,0.4526022304832714,0,0.39285714285714285,0.9999999999999999,0.01,0.444,False,False,True,False,True,False,False,False
1,0.24265426052889322,0.5444444444444444,0.23605947955390333,0,0.0,0.9999999999999999,0.0,0.0,False,True,False,False,True,False,False,False
0,0.5,0.5,0.5,0,0.15005357142857143,0.9999999999999999,0.0,0.0,False,False,True,False,True,False,False,False
0,0.5,0.5,0.5,0,0.14673214285714287,0.9999999999999999,0.0,0.0,False,False,True,False,False,True,False,False
0,0.5,0.5,0.5,0,0.22607142857142856,0.9999999999999999,0.0,0.0,False,True,False,False,False,False,False,True
1,0.1398139079333986,0.6944444444444444,0.3503717472118959,1,0.5249999999999999,0.9999999999999999,0.0,0.995,False,False,True,False,False,False,False,True
0,0.5,0.5,0.5,0,0.3248214285714286,0.9999999999999999,0.01,0.331,False,False,False,True,False,True,False,False
0,0.5,0.5,0.5,0,0.2557142857142857,0.5964551832321315,0.0,0.0,False,True,False,False,False,False,True,False
1,0.4265426052889324,0.5222222222222223,0.5134758364312267,0,0.4375,0.9999999999999999,0.0,0.914,True,False,False,False,False,False,True,False
0,0.5,0.5,0.5,0,0.36607142857142855,0.9999999999999999,0.01,0.747,False,False,False,True,False,True,False,False
1,0.7426542605288933,0.27222222222222225,0.7225836431226766,1,0.5357142857142857,0.9999999999999999,0.0,0.997,False,False,True,False,True,False,False,False
1,0.0734573947110676,0.75,0.0,1,0.6785714285714285,0.5966304536065737,0.0,0.0,False,True,False,False,False,False,False,True
0,0.49779627815866795,0.4777777777777778,0.8029739776951673,1,0.4607142857142857,0.9999999999999999,0.0,0.999,False,False,True,False,True,False,False,False
1,0.17874632713026445,0.2888888888888889,0.22211895910780666,0,0.41607142857142854,0.9999999999999999,0.0,1.0,False,False,False,True,True,False,False,False
0,0.5,0.5,0.5,0,0.4125,0.9999999999999999,0.03,0.77,False,False,False,True,False,True,False,False
1,0.47037218413320275,0.21111111111111114,0.4804832713754647,0,0.49107142857142855,0.5431068294306604,0.0,0.919,False,False,False,True,False,True,False,False
1,0.5737022526934378,0.6444444444444444,0.5065055762081785,0,0.5125,0.5963486200209465,0.01,0.938,False,True,False,False,False,False,False,True
1,0.5734573947110676,0.4777777777777778,0.4865241635687732,0,0.475,0.5965393807960482,0.0,0.978,False,False,True,False,True,False,False,False
1,0.1398139079333986,0.6944444444444444,0.3503717472118959,1,0.1926785714285714,0.9999999999999999,0.11,0.756,False,False,True,False,False,False,False,True
0,0.46547502448579825,0.48333333333333334,0.4972118959107807,0,0.4178571428571428,0.47938318392841645,0.21,0.459,True,False,False,False,False,False,True,False
1,0.2573457394711067,0.7277777777777777,0.2774163568773234,1,0.09307142857142855,0.9999999999999999,0.0,0.0,True,False,False,False,False,False,True,False
0,0.5342801175318316,0.5,0.520910780669145,0,1.7857142857142855e-05,0.9999999999999999,1.0,0.001,False,True,False,False,True,False,False,False
1,0.5636630754162586,0.3111111111111111,0.5139405204460966,0,0.4821428571428571,0.3334674431329744,0.02,0.984,False,False,True,False,False,True,False,False
1,0.5734573947110676,0.4777777777777778,0.4865241635687732,0,0.5714285714285714,0.5955596802629439,0.01,0.972,False,False,True,False,True,False,False,False
1,0.5636630754162586,0.3111111111111111,0.5139405204460966,0,0.5892857142857143,0.9999999999999999,0.0,0.963,False,False,True,False,False,True,False,False
1,0.1398139079333986,0.6944444444444444,0.3503717472118959,1,0.4303571428571429,0.9999999999999999,0.0,0.997,False,False,True,False,False,False,False,True
0,0.6447110675808031,0.3388888888888889,0.7072490706319703,1,0.1495,0.45576119445462754,0.38,0.004,False,True,False,False,False,False,True,False
1,0.18388834476003918,0.5277777777777778,0.5037174721189591,0,0.5107142857142857,0.9999999999999999,0.0,0.983,False,False,False,True,False,False,True,False
0,0.5,0.5,0.5,0,0.4125,0.9999999999999999,0.05,0.987,False,False,False,True,False,True,False,False
0,0.5,0.5,0.5,0,0.22839285714285712,0.9999999999999999,0.0,0.0,False,False,True,False,True,False,False,False
1,0.5639079333986288,0.7555555555555555,0.5139405204460967,0,0.7142857142857142,0.9999999999999999,0.0,0.0,False,True,False,False,False,False,False,True
0,0.5342801175318316,0.5055555555555555,0.4962825278810409,0,0.23785714285714285,0.5027510454798605,0.48,0.328,False,False,False,True,True,False,False,False
0,0.5639079333986288,0.7555555555555555,0.5139405204460967,0,0.2619642857142857,0.458669051138173,0.2,0.002,False,True,False,False,False,False,False,True
0,0.5981880509304603,0.4111111111111111,0.5599442379182156,1,0.40892857142857136,0.9999999999999999,0.0,0.51,False,True,False,False,True,False,False,False
1,0.45592556317335947,0.6055555555555555,0.5111524163568774,0,0.20285714285714285,0.9999999999999999,1.0,0.0,True,False,False,False,False,True,False,False
1,0.14226248775710088,0.6944444444444444,0.23745353159851296,0,0.2835714285714286,0.9999999999999999,0.12,0.864,False,True,False,False,False,False,False,True
0,0.5,0.5,0.5,0,0.15698214285714285,0.095945980003898,0.0,0.0,True,False,False,False,False,False,True,False
1,0.5734573947110676,0.7,0.2736988847583643,1,0.6071428571428571,0.5077899665457528,0.02,0.972,False,True,False,False,False,False,False,True
1,0.35798237022526935,0.6722222222222223,0.6486988847583643,1,0.5053571428571428,0.9999999999999999,0.01,0.99,True,False,False,False,False,False,True,False
1,0.6077375122428992,0.2055555555555556,0.349907063197026,1,0.5892857142857143,0.9999999999999999,0.01,0.978,False,True,False,False,True,False,False,False
0,0.5,0.5,0.5,0,0.13124999999999998,0.9999999999999999,0.0,0.0,False,True,False,False,True,False,False,False
0,0.5,0.5,0.5,0,0.13094642857142857,0.9999999999999999,0.82,0.032,False,False,False,True,False,True,False,False
1,0.14201762977473065,0.7166666666666667,0.04739776951672858,1,0.41428571428571426,0.5966032973009213,0.0,0.185,True,False,False,False,False,False,False,True
1,0.17874632713026445,0.2888888888888889,0.22211895910780666,0,0.46249999999999997,0.9999999999999999,0.0,0.0,False,False,False,True,False,False,True,False
0,0.5,0.5,0.5,0,0.0012678571428571426,0.5089248009797275,0.0,0.0,True,False,False,False,False,False,True,False
0,0.5,0.5,0.5,0,0.0054285714285714284,0.27369239227281866,0.0,0.0,False,True,False,False,False,False,False,True
1,0.6469147894221352,0.2888888888888889,0.5274163568773235,0,0.5892857142857143,0.9999999999999999,0.0,0.997,False,False,True,False,True,False,False,False
1,0.14226248775710088,0.6944444444444444,0.23745353159851296,0,0.45535714285714285,0.9999999999999999,0.13,0.487,False,True,False,False,False,False,False,True
1,0.5636630754162586,0.6055555555555555,0.4103159851301115,1,0.0,0.9999999999999999,0.0,0.0,False,True,False,False,False,False,False,True
0,0.5,0.5,0.5,0,0.08187499999999999,0.9999999999999999,0.0,0.0,True,False,False,False,False,False,True,False
1,0.17874632713026445,0.2888888888888889,0.22211895910780666,0,0.625,0.9999999999999999,0.0,0.0,False,False,False,True,True,False,False,False
0,0.43119490695396673,0.5555555555555556,0.262546468401487,1,0.3696428571428571,0.5966269053006699,0.06,0.738,False,False,True,False,True,False,False,False
0,0.5,0.5,0.5,0,0.06926785714285714,0.5628850086801984,0.0,0.0,False,False,True,False,True,False,False,False
0,0.5,0.5,0.5,0,0.09905357142857142,0.9999999999999999,0.0,0.0,True,False,False,False,False,False,True,False
1,0.17874632713026445,0.2888888888888889,0.22211895910780666,0,0.6071428571428571,0.5965897248284743,0.0,0.0,False,False,False,True,False,False,True,False
1,0.4167482859941234,0.5555555555555556,0.5232342007434945,0,0.5339285714285714,0.9999999999999999,0.0,0.999,False,False,False,True,False,True,False,False
1,0.5465230166503428,0.4277777777777778,0.6473048327137547,0,0.5035714285714286,0.9999999999999999,0.0,0.986,True,False,False,False,False,False,True,False
0,0.5296278158667973,0.7888888888888889,0.5195167286245354,0,0.18571428571428572,0.3063880031312259,0.56,0.167,False,True,False,False,False,False,False,True
1,0.43119490695396673,0.5555555555555556,0.262546468401487,1,0.5017857142857143,0.9999999999999999,0.05,0.998,False,False,True,False,True,False,False,False
0,0.5,0.5,0.5,0,0.12292857142857143,0.9999999999999999,0.0,0.0,False,False,False,True,False,False,True,False
1,0.3552889324191969,0.6611111111111111,0.2927509293680297,1,0.0,0.9999999999999999,0.0,0.0,False,False,True,False,False,True,False,False
1,0.20323212536728696,0.3611111111111111,0.2644052044609665,0,0.625,0.9999999999999999,0.0,0.0,False,False,False,True,True,False,False,False
0,0.5345249755142018,0.5166666666666666,0.5027881040892194,0,0.1642142857142857,0.5094044676603648,0.75,0.181,False,False,True,False,True,False,False,False
1,0.509794319294809,0.55,0.4674721189591078,0,0.4107142857142857,0.5628652564929852,0.22,0.98,False,True,False,False,True,False,False,False
0,0.5,0.5,0.5,0,0.39464285714285713,0.9999999999999999,0.03,0.396,False,False,True,False,True,False,False,False
0,0.5,0.5,0.5,0,0.20428571428571426,0.4092566797945834,0.0,0.0,True,False,False,False,False,False,True,False
1,0.6469147894221352,0.2888888888888889,0.5274163568773235,0,0.47142857142857136,0.5628900244435555,0.0,0.55,False,False,True,False,True,False,False,False
0,0.5,0.5,0.5,0,0.33482142857142855,0.9999999999999999,0.0,0.0,False,True,False,False,False,False,True,False
1,0.3552889324191969,0.6611111111111111,0.2927509293680297,1,0.6071428571428571,0.47165687946919194,0.0,0.999,False,False,True,False,False,True,False,False
0,0.5734573947110676,0.3611111111111111,0.48141263940520446,0,0.42321428571428565,0.48587567977198437,0.27,0.624,False,False,True,False,True,False,False,False
1,0.17874632713026445,0.2888888888888889,0.22211895910780666,0,0.47678571428571426,0.9999999999999999,0.0,0.804,False,False,False,True,True,False,False,False
0,0.5,0.4611111111111111,0.4981412639405205,0,0.0024642857142857144,0.5427581386877053,0.24,0.03,True,False,False,False,False,True,False,False
0,0.5,0.5,0.5,0,0.2282142857142857,0.9999999999999999,0.0,0.0,False,True,False,False,False,False,False,True
0,0.5,0.5,0.5,0,0.025785714285714283,0.9999999999999999,0.0,0.0,False,False,True,False,True,False,False,False
1,0.6077375122428991,0.5166666666666666,0.5190520446096655,0,0.5285714285714286,0.9999999999999999,0.0,0.999,False,False,True,False,False,False,False,True
0,0.5,0.5,0.5,0,0.17566071428571428,0.5183084855745637,0.0,0.0,False,True,False,False,False,False,False,True
1,0.47037218413320275,0.21111111111111114,0.4804832713754647,0,0.48571428571428565,0.5966311877711308,0.01,0.816,False,False,False,True,False,True,False,False
0,0.5,0.5,0.5,0,0.10576785714285714,0.9999999999999999,0.0,0.0,False,True,False,False,False,False,True,False
1,0.24265426052889322,0.5444444444444444,0.23605947955390333,0,0.475,0.9999999999999999,0.0,0.0,False,True,False,False,False,False,True,False
1,0.5345249755142018,0.47777777777777775,0.5009293680297398,0,0.5892857142857143,0.9999999999999999,0.0,0.999,False,False,True,False,False,True,False,False
0,0.5785994123408423,0.37222222222222223,0.48977695167286245,0,0.3389285714285714,0.4691440094538993,0.2,0.056,False,False,True,False,True,False,False,False
1,0.24265426052889322,0.5444444444444444,0.23605947955390333,0,0.46249999999999997,0.9999999999999999,0.0,0.128,False,True,False,False,False,False,True,False
1,0.47037218413320275,0.21111111111111114,0.4804832713754647,0,0.4446428571428571,0.9999999999999999,0.01,0.899,False,False,False,True,False,True,False,False
0,0.5345249755142018,0.5166666666666666,0.5027881040892194,0,0.41607142857142854,0.9999999999999999,0.03,0.847,False,False,True,False,True,False,False,False
1,0.40181194906953965,0.5888888888888889,0.4400557620817844,1,0.21732142857142855,0.5628404400323614,0.37,0.078,True,False,False,False,False,True,False,False
1,0.6177766895200784,0.6222222222222222,0.6342936802973977,1,0.4196428571428571,0.9999999999999999,0.05,0.445,False,False,True,False,False,False,False,True
1,0.056317335945151814,0.5722222222222222,0.23698884758364308,0,0.25035714285714283,0.5419733462111794,0.0,0.0,False,True,False,False,False,False,True,False
1,0.5734573947110676,0.3611111111111111,0.48141263940520446,0,0.4446428571428571,0.9999999999999999,0.01,0.281,False,False,True,False,True,False,False,False
1,0.17874632713026445,0.2888888888888889,0.22211895910780666,0,0.6428571428571428,0.49543333071798723,0.0,0.0,False,False,False,True,True,False,False,False
1,0.38222331047992164,0.37777777777777777,0.3657063197026022,1,0.5339285714285714,0.9999999999999999,0.0,1.0,False,False,False,True,False,False,True,False
0,0.5,0.5,0.5,0,0.002,0.9999999999999999,0.0,0.0,False,False,False,True,True,False,False,False
0,0.5345249755142018,0.47777777777777775,0.5009293680297398,0,0.16999999999999998,0.9999999999999999,0.52,0.004,False,False,True,False,False,True,False,False
0,0.566356513222331,0.3222222222222222,0.6923791821561338,1,0.3642857142857142,0.5736141520092412,0.09,0.117,False,True,False,False,True,False,False,False
1,0.24265426052889322,0.5444444444444444,0.23605947955390333,0,0.18660714285714283,0.9999999999999999,0.08,0.104,False,True,False,False,False,False,True,False
0,0.5345249755142018,0.5166666666666666,0.5027881040892194,0,0.18339285714285714,0.9999999999999999,1.0,0.013,False,False,True,False,True,False,False,False
0,0.5,0.5,0.5,0,0.11735714285714285,0.9999999999999999,0.0,0.0,False,True,False,False,False,False,False,True
0,0.5,0.5,0.5,0,0.15419642857142857,0.9999999999999999,0.0,0.0,False,True,False,False,True,False,False,False
0,0.5,0.5,0.5,0,0.24285714285714283,0.33570531914731383,0.0,0.0,False,False,True,False,False,False,False,True
0,0.5,0.5,0.5,0,0.13773214285714286,0.9999999999999999,0.0,0.0,True,False,False,False,False,False,True,False
1,0.42140058765915767,0.6277777777777778,0.5102230483271375,0,0.4196428571428571,0.4954128385492619,0.01,0.999,True,False,False,False,False,False,True,False
0,0.4262977473065622,0.3555555555555556,0.4934944237918215,0,0.46428571428571425,0.3361853243192405,0.01,0.923,False,False,False,True,False,True,False,False
0,0.4657198824681685,0.37777777777777777,0.4986059479553903,0,0.004232142857142857,0.319176770786108,0.51,0.261,False,True,False,False,False,False,True,False
1,0.056317335945151814,0.5722222222222222,0.23698884758364308,0,0.6071428571428571,0.9999999999999999,0.0,0.0,False,False,False,True,True,False,False,False
0,0.5,0.5,0.5,0,0.21089285714285713,0.48457013581584774,0.0,0.0,False,False,True,False,True,False,False,False
0,0.5342801175318316,0.5,0.520910780669145,0,0.076,0.9999999999999999,0.3,0.003,False,False,False,True,True,False,False,False
1,0.5734573947110676,0.3611111111111111,0.48141263940520446,0,0.0,0.9999999999999999,0.0,0.0,False,False,True,False,True,False,False,False
1,0.2573457394711067,0.7277777777777777,0.2774163568773234,1,0.48392857142857143,0.9999999999999999,0.0,0.54,False,True,False,False,False,False,True,False
1,0.5734573947110676,0.4777777777777778,0.4865241635687732,0,0.6071428571428571,0.5629031779855148,0.04,0.99,False,False,True,False,True,False,False,False
1,0.502203721841332,0.5222222222222223,0.19702602230483268,1,0.5714285714285714,0.9999999999999999,0.0,0.999,True,False,False,False,False,False,True,False
0,0.5,0.5,0.5,0,0.41428571428571426,0.9999999999999999,0.0,0.439,True,False,False,False,False,False,True,False
0,0.5,0.5,0.5,0,0.05694642857142857,0.9999999999999999,0.0,0.0,False,True,False,False,False,False,False,True
0,0.5734573947110676,0.7,0.2736988847583643,1,0.12378571428571429,0.41083361384735173,0.0,0.0,False,True,False,False,False,False,False,True
1,0.20323212536728696,0.3611111111111111,0.2644052044609665,0,0.20410714285714285,0.39499565318189894,0.0,0.0,False,True,False,False,True,False,False,False
0,0.5,0.5,0.5,0,0.18089285714285713,0.9999999999999999,0.0,0.0,False,True,False,False,False,False,False,True
0,0.5,0.5,0.5,0,0.20107142857142857,0.35476081026130246,0.0,0.0,False,False,True,False,False,False,False,True
1,0.0,0.55,0.22630111524163565,0,0.47142857142857136,0.9999999999999999,0.0,0.999,False,False,True,False,True,False,False,False
1,0.14226248775710088,0.6944444444444444,0.23745353159851296,0,0.625,0.9999999999999999,0.0,0.0,False,True,False,False,False,False,False,True
0,0.5,0.5,0.5,0,0.12260714285714285,0.9999999999999999,0.0,0.0,True,False,False,False,False,True,False,False
0,0.5,0.5,0.5,0,0.0025714285714285713,0.5964982400187328,0.0,0.0,True,False,False,False,False,False,False,True
1,0.5734573947110676,0.4777777777777778,0.4865241635687732,0,0.45535714285714285,0.9999999999999999,0.0,0.252,False,False,True,False,True,False,False,False
1,0.24265426052889322,0.5444444444444444,0.23605947955390333,0,0.6428571428571428,0.9999999999999999,0.0,0.0,False,True,False,False,True,False,False,False
1,0.4167482859941234,0.5555555555555556,0.5232342007434945,0,0.5232142857142857,0.9999999999999999,0.0,0.999,False,False,False,True,False,True,False,False
0,0.49779627815866795,0.4777777777777778,0.8029739776951673,1,0.16446428571428573,0.5431736863146966,0.41,0.004,False,False,True,False,True,False,False,False
0,0.5,0.5,0.5,0,0.09498214285714285,0.4799232416963048,0.0,0.0,False,False,True,False,True,False,False,False
1,0.24265426052889322,0.5444444444444444,0.23605947955390333,0,0.625,0.5965622246671615,0.0,0.0,False,True,False,False,True,False,False,False
1,0.6177766895200784,0.4222222222222222,0.4776951672862454,0,0.5285714285714286,0.9999999999999999,0.0,0.969,False,False,True,False,False,False,False,True
1,0.14201762977473065,0.7166666666666667,0.04739776951672858,1,0.625,0.9999999999999999,0.0,0.0,True,False,False,False,False,False,False,True
1,0.37022526934378064,0.8888888888888888,0.23559479553903345,1,0.625,0.594641228175273,0.0,1.0,False,True,False,False,False,False,False,True
1,0.14226248775710088,0.6944444444444444,0.23745353159851296,0,0.49821428571428567,0.9999999999999999,0.01,0.964,False,True,False,False,False,False,False,True
1,0.0734573947110676,0.75,0.0,1,0.625,0.5628617716449219,0.0,0.0,False,True,False,False,False,False,False,True
0,0.6762977473065622,0.3277777777777778,0.3722118959107807,1,0.3964285714285714,0.9999999999999999,0.02,0.0,False,False,True,False,True,False,False,False
1,0.46547502448579825,0.5222222222222223,0.4990706319702602,0,0.41428571428571426,0.9999999999999999,0.12,0.994,False,True,False,False,False,False,True,False
1,0.6028403525954946,0.7555555555555555,0.4995353159851301,0,0.5714285714285714,0.9999999999999999,0.0,1.0,False,False,True,False,False,False,False,True
0,0.5,0.5,0.5,0,0.0015714285714285713,0.9999999999999999,0.0,0.0,False,False,True,False,True,False,False,False
1,0.1398139079333986,0.6944444444444444,0.3503717472118959,1,0.30803571428571425,0.9999999999999999,0.24,0.329,False,False,True,False,False,False,False,True
1,0.5465230166503428,0.4277777777777778,0.6473048327137547,0,0.48392857142857143,0.9999999999999999,0.0,0.97,True,False,False,False,False,False,True,False
1,0.6349167482859941,0.2888888888888889,0.7397769516728625,1,0.4303571428571429,0.9999999999999999,0.58,0.977,False,True,False,False,False,False,True,False
1,0.7426542605288933,0.27222222222222225,0.7225836431226766,1,0.4946428571428571,0.5627877317724183,0.01,0.991,False,False,True,False,True,False,False,False
1,0.5345249755142018,0.4777777777777778,0.7012081784386617,1,0.44285714285714284,0.9999999999999999,0.0,0.519,False,True,False,False,False,False,True,False
0,0.4975514201762977,0.5,0.6129182156133829,1,0.2157142857142857,0.9999999999999999,0.39,0.0,False,False,True,False,False,True,False,False
1,0.6297747306562194,0.11111111111111116,0.7644052044609666,1,0.49821428571428567,0.9999999999999999,0.0,0.976,False,False,False,True,False,True,False,False
1,0.6762977473065622,0.3277777777777778,0.3722118959107807,1,0.5892857142857143,0.9999999999999999,0.0,0.998,False,False,True,False,True,False,False,False
1,0.14226248775710088,0.6944444444444444,0.23745353159851296,0,0.22732142857142856,0.9999999999999999,0.03,0.005,False,True,False,False,False,False,False,True
0,0.5,0.5,0.5,0,0.2375,0.9999999999999999,0.0,0.0,False,False,True,False,True,False,False,False
1,0.14226248775710088,0.6944444444444444,0.23745353159851296,0,0.1982142857142857,0.9999999999999999,0.05,0.32,False,True,False,False,False,False,False,True
1,0.4240940254652302,0.6055555555555555,0.5302044609665427,0,0.22160714285714284,0.5628989562288339,0.07,0.334,True,False,False,False,False,True,False,False
1,0.24265426052889322,0.5444444444444444,0.23605947955390333,0,0.6428571428571428,0.9999999999999999,0.0,0.0,False,True,False,False,False,False,True,False
1,0.24265426052889322,0.5444444444444444,0.23605947955390333,0,0.4821428571428571,0.9999999999999999,0.0,0.0,False,True,False,False,False,False,True,False
0,0.5,0.5,0.5,0,0.44285714285714284,0.9999999999999999,0.02,0.95,True,False,False,False,False,False,True,False
0,0.37022526934378064,0.8888888888888888,0.23559479553903345,1,0.475,0.5811597992752743,0.01,0.998,False,True,False,False,False,False,False,True
1,0.6447110675808031,0.3388888888888889,0.7072490706319703,1,0.43571428571428567,0.9999999999999999,0.02,0.994,False,True,False,False,False,False,True,False
1,0.6028403525954946,0.7555555555555555,0.4995353159851301,0,0.45714285714285713,0.9999999999999999,0.0,0.675,False,False,True,False,False,False,False,True
0,0.5,0.5,0.5,0,0.425,0.9999999999999999,0.0,0.925,True,False,False,False,False,False,True,False
1,0.14226248775710088,0.6944444444444444,0.23745353159851296,0,0.13576785714285713,0.9999999999999999,0.1,0.073,False,True,False,False,False,False,False,True
1,0.1398139079333986,0.6944444444444444,0.3503717472118959,1,0.0,0.9999999999999999,0.0,0.0,False,False,True,False,False,False,False,True
0,0.5,0.5,0.5,0,0.36071428571428565,0.9999999999999999,0.01,0.001,False,False,True,False,True,False,False,False
0,0.5,0.5,0.5,0,0.21178571428571427,0.5625439290701767,0.0,0.0,False,False,True,False,False,False,False,True
1,0.3947110675808031,0.9611111111111111,0.27788104089219334,1,0.6071428571428571,0.5623133093456547,0.0,0.992,False,False,True,False,False,False,False,True
0,0.5,0.5,0.5,0,0.3767857142857143,0.5628943066018016,0.0,0.0,False,True,False,False,True,False,False,False
1,0.7426542605288933,0.27222222222222225,0.7225836431226766,1,0.4607142857142857,0.9999999999999999,0.0,1.0,False,False,True,False,True,False,False,False
0,0.47037218413320275,0.21111111111111114,0.4804832713754647,0,0.41428571428571426,0.9999999999999999,0.0,0.745,False,False,False,True,False,True,False,False
1,0.17874632713026445,0.2888888888888889,0.22211895910780666,0,0.5339285714285714,0.9999999999999999,0.0,0.949,False,False,False,True,True,False,False,False
0,0.4534769833496572,0.5722222222222222,0.35269516728624534,0,0.4607142857142857,0.48458090453743663,0.06,0.719,False,False,True,False,True,False,False,False
0,0.5,0.5,0.5,0,0.00021428571428571427,0.9999999999999999,0.0,0.0,True,False,False,False,False,False,True,False
1,0.5832517140058766,0.4444444444444444,0.4767657992565056,0,0.4196428571428571,0.596571145238859,0.11,0.398,False,True,False,False,False,False,False,True
0,0.5,0.5,0.5,0,0.033857142857142856,0.9999999999999999,0.0,0.0,False,False,True,False,True,False,False,False
1,0.43119490695396673,0.5555555555555556,0.262546468401487,1,0.6071428571428571,0.9999999999999999,0.01,0.983,False,False,True,False,True,False,False,False
0,0.5,0.5,0.5,0,0.25035714285714283,0.37366488367162237,0.0,0.0,False,False,True,False,False,False,False,True
0,0.5,0.5,0.5,0,0.08982142857142857,0.5957510927109159,0.0,0.0,True,False,False,False,False,False,True,False
0,0.5,0.5,0.5,0,0.001107142857142857,0.5965475642659127,0.0,0.0,False,False,False,True,False,True,False,False
0,0.6762977473065622,0.3277777777777778,0.3722118959107807,1,0.4321428571428571,0.3069538538127964,0.31,1.0,False,False,True,False,True,False,False,False
0,0.4534769833496572,0.5722222222222222,0.35269516728624534,0,0.41607142857142854,0.5959559302710288,0.08,0.007,False,False,True,False,True,False,False,False
0,0.5345249755142018,0.5166666666666666,0.5027881040892194,0,0.1672857142857143,0.41193896107220973,1.0,0.001,False,False,True,False,True,False,False,False
0,0.5661116552399609,0.35,0.487453531598513,0,0.089875,0.9999999999999999,0.19,0.11,False,False,True,False,True,False,False,False
1,0.056317335945151814,0.5722222222222222,0.23698884758364308,0,0.625,0.9999999999999999,0.0,0.0,False,False,False,True,False,False,True,False
0,0.5,0.5,0.5,0,0.109375,0.9999999999999999,0.0,0.0,False,False,False,True,False,False,True,False
1,0.5734573947110676,0.7,0.2736988847583643,1,0.625,0.9999999999999999,0.0,0.999,False,True,False,False,False,False,False,True
1,0.5688050930460333,0.4444444444444444,0.737453531598513,1,0.4660714285714286,0.9999999999999999,0.03,0.939,True,False,False,False,False,False,True,False
0,0.5734573947110676,0.4777777777777778,0.4865241635687732,0,0.27678571428571425,0.4756988624972807,0.64,0.009,False,False,True,False,True,False,False,False
0,0.6028403525954946,0.7555555555555555,0.4995353159851301,0,0.4803571428571428,0.5965165476426402,0.02,0.902,False,False,True,False,False,False,False,True
1,0.7426542605288933,0.27222222222222225,0.7225836431226766,1,0.41607142857142854,0.5961001096555197,0.0,0.0,False,False,True,False,False,True,False,False
0,0.5,0.5,0.5,0,0.0004642857142857142,0.9999999999999999,0.68,0.02,False,False,True,False,True,False,False,False
1,0.5832517140058766,0.4444444444444444,0.4767657992565056,0,0.0,0.9999999999999999,0.0,0.0,False,True,False,False,False,False,False,True
1,0.14201762977473065,0.7166666666666667,0.04739776951672858,1,0.0004464285714285714,0.9999999999999999,0.19,0.205,True,False,False,False,False,False,False,True
1,0.1398139079333986,0.6944444444444444,0.3503717472118959,1,0.45714285714285713,0.9999999999999999,0.01,0.883,False,False,True,False,False,False,False,True
0,0.35798237022526935,0.6722222222222223,0.6486988847583643,1,0.45714285714285713,0.9999999999999999,0.01,0.733,True,False,False,False,False,False,True,False
1,0.24265426052889322,0.5444444444444444,0.23605947955390333,0,0.4892857142857142,0.9999999999999999,0.01,1.0,False,True,False,False,False,False,True,False
1,0.3528403525954946,0.30000000000000004,0.5092936802973977,0,0.44999999999999996,0.9999999999999999,0.0,0.205,False,False,False,True,False,True,False,False
1,0.056317335945151814,0.5722222222222222,0.23698884758364308,0,0.6964285714285714,0.9999999999999999,0.0,0.0,False,True,False,False,False,False,True,False
0,0.5,0.5,0.5,0,0.16937499999999997,0.9999999999999999,0.14,0.452,False,False,True,False,True,False,False,False
1,0.5541136141038198,0.5166666666666666,0.7239776951672863,1,0.47857142857142854,0.9999999999999999,0.0,1.0,False,False,True,False,False,True,False,False
0,0.5737022526934378,0.6444444444444444,0.5065055762081785,0,0.40178571428571425,0.9999999999999999,0.85,0.729,False,True,False,False,False,False,False,True
0,0.5,0.5,0.5,0,0.26357142857142857,0.5961681781574818,0.0,0.0,False,True,False,False,False,False,False,True
1,0.0,0.55,0.22630111524163565,0,0.45714285714285713,0.9999999999999999,0.0,1.0,False,False,True,False,True,False,False,False
1,0.4314397649363369,0.36666666666666664,0.5018587360594795,0,0.26499999999999996,0.45323053875825126,0.6,0.916,False,False,False,True,False,True,False,False
1,0.14201762977473065,0.7166666666666667,0.04739776951672858,1,0.7142857142857142,0.9999999999999999,0.0,0.0,True,False,False,False,False,False,False,True
1,0.35798237022526935,0.6722222222222223,0.6486988847583643,1,0.41428571428571426,0.9999999999999999,0.17,0.964,True,False,False,False,False,False,True,False
0,0.5,0.5,0.5,0,0.2005357142857143,0.9999999999999999,0.0,0.0,False,False,True,False,True,False,False,False
0,0.46547502448579825,0.48333333333333334,0.4972118959107807,0,0.4517857142857143,0.9999999999999999,0.0,0.714,True,False,False,False,False,False,True,False
0,0.5,0.5,0.5,0,0.014892857142857142,0.9999999999999999,0.0,0.0,False,True,False,False,False,False,False,True
1,0.056317335945151814,0.5722222222222222,0.23698884758364308,0,0.6428571428571428,0.5628578591304234,0.0,0.0,False,True,False,False,False,False,True,False
0,0.5,0.5,0.5,0,0.09203571428571428,0.596621155147348,0.0,0.0,False,False,True,False,False,True,False,False
0,0.5,0.5,0.5,0,0.2444642857142857,0.9999999999999999,0.0,0.0,False,False,True,False,True,False,False,False
0,0.5,0.5,0.5,0,0.2319642857142857,0.5965982836044729,0.0,0.0,False,False,True,False,True,False,False,False
1,0.0734573947110676,0.75,0.0,1,0.3839285714285714,0.9999999999999999,0.0,0.0,False,True,False,False,False,False,False,True
1,0.5661116552399609,0.35,0.487453531598513,0,0.4589285714285714,0.5947749629807493,0.01,0.36,False,False,True,False,True,False,False,False
0,0.45592556317335947,0.6055555555555555,0.5111524163568774,0,0.4125,0.9999999999999999,0.01,0.005,True,False,False,False,False,False,False,True
0,0.4262977473065622,0.3555555555555556,0.4934944237918215,0,1.7857142857142855e-05,0.9999999999999999,0.98,0.001,False,False,False,True,False,True,False,False
0,0.5,0.5,0.5,0,0.06655357142857142,0.16037708826759106,0.0,0.0,False,True,False,False,False,False,True,False
1,0.14226248775710088,0.6944444444444444,0.23745353159851296,0,0.18178571428571427,0.9999999999999999,0.1,0.138,False,True,False,False,False,False,False,True
1,0.056317335945151814,0.5722222222222222,0.23698884758364308,0,0.625,0.9999999999999999,0.0,0.0,False,False,False,True,False,False,True,False
0,0.5,0.5,0.5,0,0.1695,0.9999999999999999,0.0,0.0,False,True,False,False,False,False,False,True
0,0.703232125367287,0.3111111111111111,0.5381040892193308,0,0.06267857142857142,0.484569279315296,0.19,0.0,False,False,False,True,False,False,True,False
0,0.5,0.5,0.5,0,0.0022678571428571426,0.9999999999999999,0.0,0.0,False,False,True,False,True,False,False,False
0,0.5,0.5,0.5,0,0.17192857142857143,0.9999999999999999,0.02,0.187,False,False,True,False,True,False,False,False
0,0.5,0.5,0.5,0,0.1743392857142857,0.9999999999999999,0.0,0.0,False,True,False,False,False,False,False,True
0,0.43364348677766895,0.6777777777777778,0.30762081784386613,1,0.5214285714285714,0.9999999999999999,0.02,0.949,True,False,False,False,False,True,False,False
1,0.4314397649363369,0.36666666666666664,0.5018587360594795,0,0.5214285714285714,0.9999999999999999,0.0,1.0,False,False,False,True,False,True,False,False
0,0.5,0.5,0.5,0,0.15832142857142856,0.5628249208958336,0.0,0.0,False,False,True,False,True,False,False,False
0,0.5,0.5,0.5,0,0.23535714285714285,0.9999999999999999,0.0,0.0,False,True,False,False,False,False,False,True
0,0.5,0.5,0.5,0,0.12205357142857143,0.9999999999999999,0.18,0.526,True,False,False,False,False,False,True,False
1,0.5345249755142018,0.5166666666666666,0.5027881040892194,0,0.45714285714285713,0.4844906678386751,0.08,0.999,False,False,True,False,True,False,False,False
0,0.37022526934378064,0.8888888888888888,0.23559479553903345,1,0.5071428571428571,0.3773144080066266,0.08,0.997,False,True,False,False,False,False,False,True
0,0.6447110675808031,0.3388888888888889,0.7072490706319703,1,0.3821428571428571,0.9999999999999999,0.0,0.038,False,True,False,False,False,False,True,False
1,0.35308521057786485,0.711111111111111,0.4725836431226766,0,0.4535714285714285,0.9999999999999999,0.0,0.999,True,False,False,False,False,False,True,False
1,0.37022526934378064,0.8888888888888888,0.23559479553903345,1,0.425,0.5094350505207856,0.01,0.005,False,True,False,False,False,False,False,True
1,0.14201762977473065,0.7166666666666667,0.04739776951672858,1,0.7142857142857142,0.9999999999999999,0.0,0.0,True,False,False,False,False,False,False,True
0,0.5,0.5,0.5,0,0.0035,0.9999999999999999,0.0,0.0,False,False,False,True,False,True,False,False
0,0.5,0.5,0.5,0,0.2089285714285714,0.9999999999999999,0.0,0.0,False,True,False,False,False,False,True,False
0,0.4755142017629775,0.5444444444444444,0.4711895910780669,0,0.17189285714285713,0.5467762132010932,0.59,0.0,False,True,False,False,False,False,False,True
1,0.4167482859941234,0.5555555555555556,0.5232342007434945,0,0.49107142857142855,0.9999999999999999,0.01,0.622,False,False,False,True,False,False,True,False
1,0.4265426052889324,0.6388888888888888,0.5185873605947956,0,0.5035714285714286,0.5430498290587689,0.0,1.0,True,False,False,False,False,False,True,False
0,0.5,0.5,0.5,0,0.06107142857142857,0.9999999999999999,0.0,0.0,True,False,False,False,False,True,False,False
0,0.5,0.5,0.5,0,0.00014285714285714284,0.5812163720872806,0.0,0.0,False,False,False,True,True,False,False,False
1,0.46057786483839375,0.2,0.5148698884758364,0,0.4928571428571429,0.9999999999999999,0.0,0.996,False,False,False,True,False,True,False,False
1,0.568560235063663,0.6333333333333333,0.49814126394052044,0,0.32249999999999995,0.47180575289942245,0.44,0.002,False,True,False,False,False,False,False,True
1,0.14201762977473065,0.7166666666666667,0.04739776951672858,1,0.14107142857142857,0.9999999999999999,0.05,0.002,True,False,False,False,False,False,False,True
1,0.4605778648383937,0.31666666666666665,0.5283457249070632,0,0.4464285714285714,0.9999999999999999,0.0,1.0,False,False,True,False,False,True,False,False
0,0.5,0.5,0.5,0,0.10385714285714284,0.5667525264113382,0.0,0.0,False,True,False,False,False,False,False,True
0,0.5639079333986288,0.7555555555555555,0.5139405204460967,0,0.475,0.4123134299946855,0.01,0.997,False,True,False,False,False,False,False,True
0,0.5,0.5,0.5,0,0.001875,0.3033552722717064,0.0,0.0,False,False,False,True,False,True,False,False
0,0.6471596474045054,0.7,0.49070631970260226,0,0.28732142857142856,0.9999999999999999,0.1,0.022,False,True,False,False,False,False,False,True
0,0.5,0.5,0.5,0,0.034374999999999996,0.9999999999999999,0.0,0.0,False,False,True,False,True,False,False,False
0,0.5,0.5,0.5,0,0.08630357142857142,0.9999999999999999,0.0,0.0,False,False,False,True,False,True,False,False
0,0.42140058765915767,0.6277777777777778,0.5102230483271375,0,0.4125,0.9999999999999999,0.01,0.005,True,False,False,False,False,False,True,False
0,0.49779627815866795,0.9444444444444444,0.5283457249070632,0,0.058249999999999996,0.9999999999999999,0.12,0.159,True,False,False,False,False,False,False,True
0,0.5,0.5,0.5,0,0.10689285714285714,0.9999999999999999,0.0,0.0,True,False,False,False,False,True,False,False
0,0.5,0.5,0.5,0,0.09782142857142856,0.042918102566716465,0.0,0.0,False,False,False,True,False,True,False,False
1,0.14226248775710088,0.6944444444444444,0.23745353159851296,0,0.46428571428571425,0.9999999999999999,0.0,0.997,False,True,False,False,False,False,False,True
1,0.1398139079333986,0.6944444444444444,0.3503717472118959,1,0.625,0.9999999999999999,0.0,0.0,False,False,True,False,False,False,False,True
1,0.14226248775710088,0.6944444444444444,0.23745353159851296,0,0.5249999999999999,0.9999999999999999,0.03,1.0,False,True,False,False,False,False,False,True
1,0.6028403525954946,0.7555555555555555,0.4995353159851301,0,0.0,0.9999999999999999,0.0,0.0,False,False,True,False,False,False,False,True
0,0.5,0.5,0.5,0,0.0002321428571428571,0.9999999999999999,0.0,0.0,False,False,False,True,False,True,False,False
0,0.42140058765915767,0.6277777777777778,0.5102230483271375,0,0.3494642857142857,0.9999999999999999,0.1,0.351,True,False,False,False,False,False,True,False
1,0.46057786483839375,0.2,0.5148698884758364,0,0.4589285714285714,0.9999999999999999,0.0,0.918,False,False,False,True,False,True,False,False
0,0.5,0.5,0.5,0,0.11485714285714285,0.5094389257214884,0.0,0.0,True,False,False,False,False,False,True,False
0,0.38222331047992164,0.5777777777777778,0.5223048327137546,0,0.2953571428571428,0.45282894651401007,0.45,0.052,False,False,False,True,False,False,True,False
0,0.46547502448579825,0.5222222222222223,0.4990706319702602,0,0.11844642857142856,0.21991604510647927,0.24,0.238,False,True,False,False,False,False,True,False
1,0.4975514201762977,0.5,0.6129182156133829,1,0.5267857142857143,0.9999999999999999,0.0,0.26,False,False,True,False,False,True,False,False
1,0.35798237022526935,0.6722222222222223,0.6486988847583643,1,0.4607142857142857,0.9999999999999999,0.0,0.999,True,False,False,False,False,False,True,False
0,0.5,0.5,0.5,0,0.21107142857142858,0.5626696357403579,0.0,0.0,False,True,False,False,False,False,False,True
1,0.5296278158667973,0.7888888888888889,0.5195167286245354,0,0.5535714285714285,0.9999999999999999,0.0,1.0,False,True,False,False,False,False,False,True
1,0.056317335945151814,0.5722222222222222,0.23698884758364308,0,0.008499999999999999,0.9999999999999999,0.0,0.0,False,True,False,False,False,False,True,False
1,0.1398139079333986,0.6944444444444444,0.3503717472118959,1,0.4303571428571429,0.9999999999999999,0.0,0.188,False,False,True,False,False,False,False,True
0,0.5,0.5,0.5,0,0.19999999999999998,0.9999999999999999,0.0,0.0,False,False,False,True,False,True,False,False
1,0.14226248775710088,0.6944444444444444,0.23745353159851296,0,0.0005892857142857143,0.9999999999999999,0.83,0.02,False,True,False,False,False,False,False,True
1,0.6052889324191969,0.03888888888888886,0.7221189591078067,1,0.5714285714285714,0.9999999999999999,0.0,0.995,False,False,False,True,False,False,True,False
0,0.5,0.5,0.5,0,0.17928571428571427,0.5430404710935018,0.0,0.0,True,False,False,False,False,False,True,False
1,0.3237022526934378,0.6722222222222223,0.6277881040892193,1,0.3226785714285714,0.9999999999999999,0.1,0.371,True,False,False,False,False,False,True,False
1,0.4657198824681685,0.37777777777777777,0.4986059479553903,0,0.6071428571428571,0.9999999999999999,0.0,0.999,False,True,False,False,False,False,True,False
0,0.5,0.5,0.5,0,0.12576785714285713,0.415907967819137,0.0,0.0,False,True,False,False,False,False,False,True
1,0.14226248775710088,0.6944444444444444,0.23745353159851296,0,0.5285714285714286,0.9999999999999999,0.05,0.892,False,True,False,False,False,False,False,True
1,0.0734573947110676,0.75,0.0,1,0.6607142857142857,0.9999999999999999,0.0,0.0,False,True,False,False,False,False,False,True
1,0.5,0.5,0.5,0,0.018785714285714284,0.9999999999999999,0.0,0.0,False,True,False,False,False,False,False,True
0,0.5,0.5,0.5,0,0.017660714285714283,0.9999999999999999,0.15,0.019,False,False,False,True,False,True,False,False
1,0.14226248775710088,0.6944444444444444,0.23745353159851296,0,0.6428571428571428,0.9999999999999999,0.0,0.0,False,True,False,False,False,False,False,True
0,0.4363369245837414,0.6888888888888889,0.48605947955390333,0,0.4321428571428571,0.5431561478801841,0.2,0.582,False,True,False,False,False,False,True,False
1,0.0,0.55,0.22630111524163565,0,0.6607142857142857,0.9999999999999999,0.0,0.0,False,False,True,False,True,False,False,False
0,0.5,0.5,0.5,0,0.4821428571428571,0.9999999999999999,0.0,0.947,False,False,True,False,True,False,False,False
0,0.5,0.5,0.5,0,0.20089285714285712,0.5289517726199756,0.0,0.0,False,True,False,False,False,False,False,True
0,0.5,0.5,0.5,0,0.22,0.32655599233211996,0.0,0.0,False,True,False,False,False,False,False,True
0,0.5,0.5,0.5,0,0.01975,0.9999999999999999,0.0,0.0,True,False,False,False,False,False,True,False
1,0.5296278158667973,0.7888888888888889,0.5195167286245354,0,0.44285714285714284,0.9999999999999999,0.17,0.988,False,True,False,False,False,False,False,True
1,0.46057786483839375,0.2,0.5148698884758364,0,0.5267857142857143,0.5966234795956041,0.0,0.794,False,False,False,True,False,True,False,False
0,0.46547502448579825,0.48333333333333334,0.4972118959107807,0,0.008517857142857141,0.46819038675065755,1.0,0.0,True,False,False,False,False,False,True,False
0,0.5,0.5,0.5,0,0.055,0.48426835896103987,0.0,0.0,True,False,False,False,False,False,False,True
0,0.47037218413320275,0.21111111111111114,0.4804832713754647,0,0.20249999999999999,0.9999999999999999,0.96,0.696,False,False,False,True,False,True,False,False
0,0.43119490695396673,0.5555555555555556,0.262546468401487,1,0.6071428571428571,0.5277015678347668,0.04,0.664,False,False,True,False,True,False,False,False
0,0.43119490695396673,0.5555555555555556,0.262546468401487,1,0.4392857142857143,0.41229652237770054,0.08,0.097,False,False,True,False,True,False,False,False
0,0.5,0.5,0.5,0,0.0655,0.9999999999999999,0.0,0.0,True,False,False,False,False,False,False,True
1,0.4534769833496572,0.5722222222222222,0.35269516728624534,0,0.6071428571428571,0.9999999999999999,0.0,1.0,False,False,True,False,True,False,False,False
0,0.5,0.5,0.5,0,0.018,0.9999999999999999,0.0,0.0,True,False,False,False,False,False,True,False
0,0.5,0.5,0.5,0,0.20249999999999999,0.9999999999999999,0.0,0.0,False,True,False,False,False,False,False,True
1,0.6052889324191969,0.0,0.7202602230483272,1,0.5714285714285714,0.9999999999999999,0.0,0.87,False,False,False,True,False,False,True,False
0,0.5,0.5,0.5,0,0.1513392857142857,0.9999999999999999,0.02,0.446,True,False,False,False,False,False,True,False
0,0.5,0.5,0.5,0,0.2666071428571428,0.9999999999999999,0.0,0.0,False,True,False,False,False,False,True,False
0,0.5639079333986288,0.7944444444444444,0.5157992565055762,0,0.3051785714285714,0.9999999999999999,0.01,0.001,False,False,True,False,False,False,False,True
0,0.49779627815866795,0.4777777777777778,0.8029739776951673,1,0.4196428571428571,0.9999999999999999,0.0,0.002,False,False,True,False,True,False,False,False
0,0.5688050930460333,0.4444444444444444,0.737453531598513,1,1.7857142857142855e-05,0.28762054579766555,1.0,0.0,True,False,False,False,False,False,True,False
1,0.0734573947110676,0.75,0.0,1,0.6785714285714285,0.5628710651276738,0.0,0.0,False,True,False,False,False,False,False,True
0,0.5832517140058766,0.4444444444444444,0.4767657992565056,0,0.30053571428571424,0.9999999999999999,0.05,0.731,False,False,True,False,False,False,False,True
1,0.7426542605288933,0.27222222222222225,0.7225836431226766,1,0.4589285714285714,0.9999999999999999,0.0,1.0,False,False,True,False,True,False,False,False
0,0.5,0.5,0.5,0,0.0005892857142857143,0.9999999999999999,0.0,0.0,False,False,False,True,False,False,True,False
1,0.6177766895200784,0.6222222222222222,0.6342936802973977,1,0.0,0.9999999999999999,0.0,0.0,False,False,True,False,False,False,False,True
1,0.6297747306562194,0.11111111111111116,0.7644052044609666,1,0.4660714285714286,0.9999999999999999,0.0,0.953,False,False,False,True,False,True,False,False
1,0.17874632713026445,0.2888888888888889,0.22211895910780666,0,0.5196428571428572,0.9999999999999999,0.0,0.0,False,False,False,True,False,False,True,False
1,0.4975514201762977,0.5,0.6226765799256506,1,0.5535714285714285,0.5966176075193058,0.0,1.0,False,False,True,False,True,False,False,False
1,0.056317335945151814,0.5722222222222222,0.23698884758364308,0,0.625,0.9999999999999999,0.0,0.0,False,True,False,False,True,False,False,False
0,0.37022526934378064,0.8888888888888888,0.23559479553903345,1,0.25803571428571426,0.9999999999999999,0.2,0.326,False,True,False,False,False,False,False,True
1,0.47771792360430954,0.48333333333333334,0.40985130111524165,1,0.13475,0.9999999999999999,0.0,0.0,False,True,False,False,True,False,False,False
1,0.1398139079333986,0.6944444444444444,0.3503717472118959,1,0.46428571428571425,0.9999999999999999,0.0,0.676,False,False,True,False,False,False,False,True
1,0.056317335945151814,0.5722222222222222,0.23698884758364308,0,0.18160714285714286,0.9999999999999999,0.0,0.0,False,True,False,False,False,False,True,False
0,0.5,0.5,0.5,0,0.016660714285714286,0.9999999999999999,0.0,0.0,False,False,False,True,False,True,False,False
0,0.5,0.5,0.5,0,0.037,0.9999999999999999,0.0,0.0,False,False,False,True,False,True,False,False
1,0.3237022526934378,0.6722222222222223,0.6277881040892193,1,0.4446428571428571,0.9999999999999999,0.02,0.204,True,False,False,False,False,False,True,False
0,0.5,0.5,0.5,0,0.2785714285714285,0.4462043690524327,0.0,0.0,False,False,True,False,True,False,False,False
1,0.37022526934378064,0.8888888888888888,0.23559479553903345,1,0.6071428571428571,0.5628640948492376,0.0,1.0,False,True,False,False,False,False,False,True
0,0.5,0.5,0.5,0,0.23982142857142855,0.5801316482613235,0.0,0.0,False,True,False,False,False,False,False,True
1,0.6420176297747306,0.2055555555555556,0.370817843866171,1,0.41428571428571426,0.5965649128865013,0.04,0.289,False,True,False,False,True,False,False,False
1,0.17874632713026445,0.2888888888888889,0.22211895910780666,0,0.625,0.9999999999999999,0.0,0.0,False,False,False,True,False,False,True,False
0,0.5,0.5,0.5,0,0.28214285714285714,0.58143499494515,0.0,0.0,False,False,True,False,True,False,False,False
0,0.6447110675808031,0.3388888888888889,0.7072490706319703,1,0.4678571428571428,0.5966284958885656,0.02,1.0,False,True,False,False,False,False,True,False
0,0.4167482859941234,0.5944444444444444,0.525092936802974,0,0.28678571428571425,0.3196118109820464,0.46,0.172,False,False,False,True,True,False,False,False
1,0.49975514201762977,0.5222222222222223,0.30994423791821557,1,0.47142857142857136,0.9999999999999999,0.01,0.994,True,False,False,False,False,True,False,False
0,0.5,0.5,0.5,0,3.571428571428571e-05,0.9999999999999999,0.0,0.0,False,False,False,True,False,True,False,False
0,0.5734573947110676,0.4777777777777778,0.4865241635687732,0,0.3025,0.4710527354943407,0.71,0.0,False,False,True,False,True,False,False,False
0,0.5737022526934378,0.6444444444444444,0.5065055762081785,0,0.33482142857142855,0.9999999999999999,0.68,0.883,False,True,False,False,False,False,False,True
0,0.5832517140058766,0.4444444444444444,0.4767657992565056,0,0.4535714285714285,0.9999999999999999,0.23,0.993,False,True,False,False,False,False,False,True
0,0.47037218413320275,0.21111111111111114,0.4804832713754647,0,0.4267857142857142,0.27498439296498733,0.05,0.06,False,False,False,True,False,True,False,False
0,0.5,0.5,0.5,0,0.27375,0.9999999999999999,0.19,0.477,True,False,False,False,False,False,True,False
1,0.1398139079333986,0.6944444444444444,0.3503717472118959,1,0.6964285714285714,0.9999999999999999,0.0,0.0,False,False,True,False,False,False,False,True
0,0.4265426052889324,0.5222222222222223,0.5134758364312267,0,0.4053571428571428,0.2046744818812657,0.07,0.354,True,False,False,False,False,False,True,False
0,0.5,0.5,0.5,0,0.18517857142857141,0.9999999999999999,0.37,0.516,False,False,False,True,False,True,False,False
1,0.5734573947110676,0.3611111111111111,0.48141263940520446,0,0.6071428571428571,0.5181394182391542,0.0,0.945,False,False,True,False,True,False,False,False
0,0.5,0.5,0.5,0,0.13332142857142856,0.39234305016516663,0.0,0.0,True,False,False,False,False,False,True,False
1,0.43119490695396673,0.5555555555555556,0.262546468401487,1,0.6071428571428571,0.9999999999999999,0.04,0.991,False,False,True,False,True,False,False,False
1,0.14226248775710088,0.6944444444444444,0.23745353159851296,0,0.24624999999999997,0.9999999999999999,0.68,0.008,False,True,False,False,False,False,False,True
0,0.5,0.5388888888888889,0.5018587360594795,0,0.40714285714285714,0.35236744870310055,0.15,0.426,False,True,False,False,True,False,False,False
1,0.5440744368266406,0.35555555555555557,0.48698884758364314,0,0.03876785714285714,0.9999999999999999,0.14,0.046,False,False,False,True,False,False,True,False
0,0.6447110675808031,0.3388888888888889,0.7072490706319703,1,0.4375,0.37479478350409823,0.02,0.883,False,True,False,False,False,False,True,False
1,0.14226248775710088,0.6944444444444444,0.23745353159851296,0,0.36607142857142855,0.9999999999999999,0.04,0.311,False,True,False,False,False,False,False,True
1,0.1398139079333986,0.6944444444444444,0.3503717472118959,1,0.6428571428571428,0.9999999999999999,0.0,0.0,False,False,True,False,False,False,False,True
1,0.6177766895200784,0.4222222222222222,0.4776951672862454,0,0.5017857142857143,0.9999999999999999,0.03,0.855,False,False,True,False,False,False,False,True
1,0.5345249755142018,0.4777777777777778,0.7012081784386617,1,0.5714285714285714,0.5946175071785086,0.01,0.905,False,True,False,False,True,False,False,False
1,0.24265426052889322,0.5444444444444444,0.23605947955390333,0,0.6964285714285714,0.9999999999999999,0.0,0.0,False,True,False,False,False,False,True,False
0,0.5,0.5,0.5,0,0.18178571428571427,0.9999999999999999,0.0,0.0,False,True,False,False,False,False,False,True
1,0.24265426052889322,0.5444444444444444,0.23605947955390333,0,0.625,0.9999999999999999,0.0,0.0,False,True,False,False,True,False,False,False
1,0.056317335945151814,0.5722222222222222,0.23698884758364308,0,0.15582142857142858,0.9999999999999999,0.0,0.0,False,True,False,False,False,False,True,False
1,0.056317335945151814,0.5722222222222222,0.23698884758364308,0,0.625,0.9999999999999999,0.0,0.0,False,True,False,False,False,False,True,False
1,0.1398139079333986,0.6944444444444444,0.3503717472118959,1,0.6607142857142857,0.9999999999999999,0.0,0.0,False,False,True,False,False,False,False,True
0,0.5,0.5,0.5,0,0.1627142857142857,0.9999999999999999,0.0,0.0,False,True,False,False,False,False,False,True
0,0.5,0.5,0.5,0,0.20803571428571427,0.9999999999999999,0.0,0.0,True,False,False,False,False,True,False,False
1,0.17874632713026445,0.2888888888888889,0.22211895910780666,0,0.875,0.9999999999999999,0.0,0.0,False,False,False,True,False,False,True,False
0,0.5737022526934378,0.6444444444444444,0.5065055762081785,0,0.4178571428571428,0.5474980175799716,0.02,0.014,False,True,False,False,False,False,False,True
0,0.5785994123408423,0.37222222222222223,0.48977695167286245,0,0.5714285714285714,0.9999999999999999,0.01,0.864,False,False,True,False,True,False,False,False
1,0.7426542605288933,0.27222222222222225,0.7225836431226766,1,0.6071428571428571,0.5628946736614696,0.0,0.99,False,False,True,False,False,True,False,False
0,0.5345249755142018,0.47777777777777775,0.5009293680297398,0,0.20464285714285715,0.5291590161870954,0.47,0.089,False,False,True,False,False,True,False,False
0,0.539177277179236,0.07222222222222224,0.35176579925650553,1,0.32767857142857143,0.32270026615402714,0.0,0.0,False,False,False,True,True,False,False,False
1,0.37022526934378064,0.8888888888888888,0.23559479553903345,1,0.625,0.562814109304556,0.0,0.984,False,True,False,False,False,False,False,True
1,0.3237022526934378,0.6722222222222223,0.6277881040892193,1,0.0,0.9999999999999999,0.0,0.0,True,False,False,False,False,False,True,False
1,0.5364838393731636,0.0944444444444445,0.4846654275092937,0,0.49821428571428567,0.9999999999999999,0.0,0.999,False,False,False,True,True,False,False,False
0,0.5981880509304603,0.4111111111111111,0.5599442379182156,1,0.12798214285714285,0.9999999999999999,0.29,0.41,False,True,False,False,True,False,False,False
1,0.6469147894221352,0.2888888888888889,0.5274163568773235,0,0.0,0.9999999999999999,0.0,0.0,False,False,True,False,True,False,False,False
0,0.46057786483839375,0.2,0.5148698884758364,0,0.3033928571428571,0.9999999999999999,0.05,0.0,False,False,False,True,False,True,False,False
0,0.5,0.5,0.5,0,0.28285714285714286,0.9999999999999999,0.06,0.971,False,False,True,False,True,False,False,False
1,0.4265426052889324,0.9277777777777778,0.6273234200743494,1,0.0,0.9999999999999999,0.0,0.0,True,False,False,False,False,False,False,True
1,0.38222331047992164,0.37777777777777777,0.3657063197026022,1,0.5107142857142857,0.44177633767676017,0.0,1.0,False,False,False,True,False,False,True,False
1,0.3552889324191969,0.6611111111111111,0.2927509293680297,1,0.5535714285714285,0.9999999999999999,0.03,0.965,False,False,True,False,False,True,False,False
0,0.5394221351616063,0.8,0.4851301115241636,0,0.20982142857142855,0.5277380935216138,0.32,0.026,False,True,False,False,False,False,False,True
1,0.24265426052889322,0.5444444444444444,0.23605947955390333,0,0.6964285714285714,0.9999999999999999,0.0,0.0,False,True,False,False,True,False,False,False
0,0.5,0.5,0.5,0,0.00010714285714285714,0.9999999999999999,0.0,0.0,True,False,False,False,False,False,True,False
0,0.5002448579823702,0.4777777777777778,0.6900557620817844,1,0.24589285714285714,0.9999999999999999,0.55,0.0,False,True,False,False,True,False,False,False
1,0.5734573947110676,0.3611111111111111,0.48141263940520446,0,0.6071428571428571,0.9999999999999999,0.0,0.838,False,False,True,False,True,False,False,False
0,0.5,0.5,0.5,0,0.00025,0.9999999999999999,0.33,0.001,True,False,False,False,False,False,True,False
1,0.14226248775710088,0.6944444444444444,0.23745353159851296,0,0.000125,0.5965866684875006,0.62,0.268,False,True,False,False,False,False,False,True
1,0.5342801175318316,0.5055555555555555,0.4962825278810409,0,0.42142857142857143,0.9999999999999999,0.04,0.442,False,False,True,False,False,True,False,False
0,0.5,0.5,0.5,0,0.12323214285714285,0.5135524769717582,0.0,0.0,True,False,False,False,False,False,True,False
0,0.5,0.5,0.5,0,0.37321428571428567,0.9999999999999999,0.0,0.0,False,False,True,False,False,True,False,False
1,0.568560235063663,0.4666666666666667,0.5473977695167286,0,0.45535714285714285,0.9999999999999999,0.0,1.0,True,False,False,False,False,False,True,False
0,0.5,0.5,0.5,0,0.013339285714285713,0.9999999999999999,0.0,0.0,False,True,False,False,False,False,False,True
0,0.5,0.5,0.5,0,0.08632142857142856,0.5291550400447356,0.0,0.0,False,True,False,False,False,False,False,True
1,0.6177766895200784,0.6222222222222222,0.6342936802973977,1,0.5107142857142857,0.9999999999999999,0.0,1.0,False,False,True,False,False,False,False,True
1,0.6297747306562194,0.11111111111111116,0.7644052044609666,1,0.4678571428571428,0.9999999999999999,0.0,0.951,False,False,False,True,False,True,False,False
1,0.24265426052889322,0.5444444444444444,0.23605947955390333,0,0.7857142857142857,0.9999999999999999,0.0,0.0,False,True,False,False,True,False,False,False
0,0.5,0.5,0.5,0,0.0013571428571428571,0.4264357884154676,0.0,0.0,False,True,False,False,False,False,False,True
0,0.5,0.5,0.5,0,8.928571428571429e-05,0.9999999999999999,0.0,0.0,True,False,False,False,False,False,True,False
0,0.4338883447600392,0.65,0.512546468401487,0,0.41428571428571426,0.44196909873056384,0.33,0.742,True,False,False,False,False,False,True,False
0,0.5,0.5,0.5,0,0.008589285714285714,0.9999999999999999,0.11,0.132,False,True,False,False,False,False,False,True
0,0.5,0.5,0.5,0,0.44285714285714284,0.9999999999999999,0.0,0.947,False,False,False,True,False,True,False,False
1,0.46057786483839375,0.2,0.5148698884758364,0,0.4928571428571429,0.9999999999999999,0.0,0.973,False,False,False,True,False,True,False,False
0,0.5,0.5,0.5,0,0.0,0.9999999999999999,0.0,0.0,True,False,False,False,False,False,True,False
0,0.5,0.5,0.5,0,0.2557142857142857,0.39987762081992895,0.0,0.0,False,True,False,False,False,False,False,True
1,0.6762977473065622,0.3277777777777778,0.3722118959107807,1,0.5714285714285714,0.9999999999999999,0.0,0.998,False,False,True,False,True,False,False,False
1,0.5734573947110676,0.4777777777777778,0.4865241635687732,0,0.46249999999999997,0.9999999999999999,0.01,0.957,False,False,True,False,True,False,False,False
1,0.0,0.55,0.22630111524163565,0,0.5339285714285714,0.9999999999999999,0.0,0.999,False,False,True,False,True,False,False,False
1,0.4262977473065622,0.3555555555555556,0.4934944237918215,0,0.41428571428571426,0.9999999999999999,0.01,0.046,False,False,False,True,False,True,False,False
0,0.5,0.5,0.5,0,0.26285714285714284,0.9999999999999999,0.0,0.0,False,True,False,False,False,False,False,True
1,0.3971596474045054,0.2444444444444444,0.5004646840148699,0,0.37857142857142856,0.9999999999999999,0.26,0.109,False,False,False,True,False,False,True,False
1,0.6787463271302645,0.23888888888888887,0.49581784386617095,0,0.5017857142857143,0.9999999999999999,0.0,0.997,False,False,False,True,False,False,True,False
0,0.5,0.5,0.5,0,0.1832142857142857,0.47186650442674516,0.0,0.0,False,True,False,False,False,False,False,True
0,0.5639079333986288,0.7555555555555555,0.5139405204460967,0,0.5,0.591076690625897,0.0,0.993,False,True,False,False,False,False,False,True
1,0.6297747306562194,0.11111111111111116,0.7644052044609666,1,0.4732142857142857,0.9999999999999999,0.0,1.0,False,False,False,True,False,True,False,False
0,0.5,0.5,0.5,0,0.0,0.9999999999999999,0.0,0.0,False,False,True,False,True,False,False,False
1,0.0,0.55,0.22630111524163565,0,0.6785714285714285,0.9999999999999999,0.0,0.0,False,False,True,False,True,False,False,False
1,0.5296278158667973,0.7888888888888889,0.5195167286245354,0,0.0,0.9999999999999999,0.0,0.0,False,True,False,False,False,False,False,True
1,0.6471596474045054,0.7,0.49070631970260226,0,0.44821428571428573,0.9999999999999999,0.02,0.711,False,True,False,False,False,False,False,True
1,0.3161116552399608,0.5222222222222223,0.2225836431226766,0,0.6964285714285714,0.4896843715278005,0.0,0.0,False,False,True,False,False,False,False,True
0,0.6420176297747306,0.3277777777777778,0.35130111524163565,1,0.06491071428571428,0.15304168150304712,0.34,0.289,False,False,True,False,True,False,False,False
1,0.14226248775710088,0.6944444444444444,0.23745353159851296,0,0.7321428571428571,0.9999999999999999,0.0,0.0,False,True,False,False,False,False,False,True
1,0.5612144955925563,0.14444444444444443,0.733271375464684,1,0.475,0.562896203106553,0.0,1.0,False,False,False,True,False,False,True,False
1,0.14226248775710088,0.6944444444444444,0.23745353159851296,0,0.0004107142857142857,0.9999999999999999,0.28,0.02,False,True,False,False,False,False,False,True
0,0.5734573947110676,0.3611111111111111,0.48141263940520446,0,0.2901785714285714,0.40572347201658104,0.56,0.159,False,False,True,False,True,False,False,False
0,0.6469147894221352,0.2888888888888889,0.5274163568773235,0,1.7857142857142855e-05,0.4950091939445185,1.0,0.0,False,False,True,False,True,False,False,False
1,0.17874632713026445,0.2888888888888889,0.22211895910780666,0,3.571428571428571e-05,0.9999999999999999,0.68,0.002,False,False,False,True,True,False,False,False
0,0.5,0.5,0.5,0,0.10325,0.9999999999999999,0.0,0.0,False,True,False,False,False,False,False,True
0,0.5,0.5,0.5,0,0.13101785714285713,0.9999999999999999,0.0,0.0,False,True,False,False,False,False,False,True
0,0.5,0.5,0.5,0,0.7678571428571428,0.9999999999999999,0.0,0.0,False,False,False,True,False,True,False,False
1,0.0,0.55,0.22630111524163565,0,0.002107142857142857,0.5965522062485072,0.17,0.178,False,False,True,False,True,False,False,False
0,0.5785994123408423,0.37222222222222223,0.48977695167286245,0,0.04019642857142857,0.36830393392894656,0.38,0.259,False,False,True,False,True,False,False,False
0,0.5,0.5,0.5,0,0.01119642857142857,0.9999999999999999,0.0,0.0,False,True,False,False,False,False,False,True
1,0.4534769833496572,0.5722222222222222,0.35269516728624534,0,0.5892857142857143,0.9999999999999999,0.01,1.0,False,False,True,False,True,False,False,False
0,0.5,0.5,0.5,0,0.2439285714285714,0.9999999999999999,0.0,0.0,False,True,False,False,True,False,False,False
1,0.5364838393731636,0.0944444444444445,0.4846654275092937,0,0.4446428571428571,0.5920930643283185,0.0,0.999,False,False,False,True,True,False,False,False
1,0.24265426052889322,0.5444444444444444,0.23605947955390333,0,0.625,0.9999999999999999,0.0,0.0,False,True,False,False,False,False,True,False
0,0.4657198824681685,0.37777777777777777,0.4986059479553903,0,0.11521428571428571,0.9999999999999999,0.26,0.012,False,True,False,False,False,False,True,False
1,0.46057786483839375,0.2,0.5148698884758364,0,0.4517857142857143,0.9999999999999999,0.01,0.971,False,False,False,True,False,True,False,False
1,0.1398139079333986,0.6944444444444444,0.3503717472118959,1,0.43392857142857144,0.9999999999999999,0.02,0.92,False,False,True,False,False,False,False,True
1,0.502203721841332,0.5222222222222223,0.19702602230483268,1,0.6428571428571428,0.9999999999999999,0.0,0.0,True,False,False,False,False,False,True,False
1,0.056317335945151814,0.5722222222222222,0.23698884758364308,0,0.625,0.9999999999999999,0.0,0.0,False,False,False,True,False,False,True,False
1,0.24265426052889322,0.5444444444444444,0.23605947955390333,0,0.4803571428571428,0.9999999999999999,0.01,0.954,False,True,False,False,True,False,False,False
0,0.5,0.5,0.5,0,0.17137499999999997,0.4264080046822209,0.0,0.0,False,True,False,False,False,False,False,True
0,0.5734573947110676,0.3611111111111111,0.48141263940520446,0,0.001875,0.5963595700488079,0.94,0.002,False,False,True,False,True,False,False,False
1,0.6469147894221352,0.2888888888888889,0.5274163568773235,0,0.4464285714285714,0.9999999999999999,0.0,1.0,False,False,True,False,True,False,False,False
1,0.24265426052889322,0.5444444444444444,0.23605947955390333,0,0.625,0.9999999999999999,0.0,0.0,False,True,False,False,True,False,False,False
0,0.5,0.5,0.5,0,0.1590892857142857,0.9999999999999999,0.0,0.0,False,True,False,False,False,False,True,False
1,0.14226248775710088,0.6944444444444444,0.23745353159851296,0,0.0,0.9999999999999999,0.0,0.0,False,True,False,False,False,False,False,True
0,0.5,0.5,0.5,0,0.27875,0.9999999999999999,0.04,0.009,True,False,False,False,False,False,True,False
1,0.6177766895200784,0.6222222222222222,0.6342936802973977,1,0.5535714285714285,0.9999999999999999,0.0,1.0,False,False,True,False,False,False,False,True
0,0.5,0.5,0.5,0,0.001339285714285714,0.5183013885791258,0.0,0.0,False,False,False,True,True,False,False,False
1,0.4534769833496572,0.5722222222222222,0.35269516728624534,0,0.47142857142857136,0.9999999999999999,0.05,0.586,False,False,True,False,True,False,False,False
0,0.5,0.5,0.5,0,0.1932142857142857,0.9999999999999999,0.0,0.0,False,False,True,False,True,False,False,False
1,0.14226248775710088,0.6944444444444444,0.23745353159851296,0,0.4446428571428571,0.9999999999999999,0.01,0.398,False,True,False,False,False,False,False,True
0,0.568560235063663,0.4666666666666667,0.5473977695167286,0,0.4178571428571428,0.46820043768131275,0.48,0.929,True,False,False,False,False,False,True,False
0,0.4975514201762977,0.5,0.6226765799256506,1,0.1347142857142857,0.3660595512000533,0.43,0.001,False,False,True,False,True,False,False,False
0,0.5,0.5,0.5,0,0.23410714285714285,0.523668845175429,0.0,0.0,False,True,False,False,True,False,False,False
0,0.5,0.5,0.5,0,0.19232142857142856,0.5966261712007127,0.0,0.0,False,True,False,False,False,False,False,True
0,0.5,0.5,0.5,0,0.07244642857142858,0.5692671984466249,0.0,0.0,False,True,False,False,False,False,False,True
1,0.49779627815866795,0.4777777777777778,0.8029739776951673,1,0.875,0.9999999999999999,0.0,0.0,False,False,True,False,True,False,False,False
1,0.4975514201762977,0.5,0.6226765799256506,1,0.32249999999999995,0.436233936898302,1.0,0.006,False,False,True,False,True,False,False,False
1,0.7426542605288933,0.27222222222222225,0.7225836431226766,1,0.4517857142857143,0.9999999999999999,0.05,0.813,False,False,True,False,True,False,False,False
0,0.5,0.5,0.5,0,0.16973214285714286,0.5287069063732867,0.0,0.0,False,False,True,False,True,False,False,False
1,0.3871204701273261,0.3388888888888889,0.54182156133829,0,0.4660714285714286,0.9999999999999999,0.0,1.0,False,False,False,True,False,False,True,False
0,0.5,0.5,0.5,0,0.7321428571428571,0.9999999999999999,0.0,0.0,False,False,False,True,False,True,False,False
0,0.5,0.5,0.5,0,0.05373214285714285,0.32430988134161554,0.0,0.0,True,False,False,False,False,False,True,False
0,0.5,0.5,0.5,0,0.0002321428571428571,0.9999999999999999,0.0,0.0,False,False,False,True,False,True,False,False
1,0.24265426052889322,0.5444444444444444,0.23605947955390333,0,0.3123214285714285,0.9999999999999999,0.07,0.306,False,True,False,False,False,False,True,False
0,0.4755142017629775,0.5444444444444444,0.4711895910780669,0,0.48392857142857143,0.4894362779243874,0.0,0.999,False,True,False,False,False,False,False,True
1,0.46057786483839375,0.2,0.5148698884758364,0,0.5071428571428571,0.9999999999999999,0.01,0.999,False,False,False,True,False,True,False,False
1,0.20323212536728696,0.3611111111111111,0.2644052044609665,0,0.4196428571428571,0.9999999999999999,0.01,0.944,False,False,False,True,True,False,False,False
0,0.5,0.5,0.5,0,0.12535714285714283,0.5429506448465157,0.0,0.0,True,False,False,False,False,False,True,False
1,0.44588638589618024,0.48333333333333334,0.2760223048327137,1,0.5535714285714285,0.5964372642973971,0.0,1.0,False,True,False,False,False,False,True,False
1,0.056317335945151814,0.5722222222222222,0.23698884758364308,0,0.10348214285714286,0.5431198674661906,0.0,0.0,False,True,False,False,True,False,False,False
1,0.14226248775710088,0.6944444444444444,0.23745353159851296,0,0.06760714285714285,0.9999999999999999,0.2,0.139,False,True,False,False,False,False,False,True
0,0.5,0.5,0.5,0,0.0015,0.9999999999999999,0.69,0.001,True,False,False,False,False,False,True,False
1,0.6469147894221352,0.2888888888888889,0.5274163568773235,0,0.0,0.9999999999999999,0.0,0.0,False,False,True,False,True,False,False,False
0,0.568560235063663,0.6333333333333333,0.49814126394052044,0,0.02526785714285714,0.9999999999999999,0.79,0.112,False,True,False,False,False,False,False,True
1,0.1398139079333986,0.6944444444444444,0.3503717472118959,1,0.3119642857142857,0.9999999999999999,0.05,0.249,False,False,True,False,False,False,False,True
0,0.5,0.5,0.5,0,0.625,0.9999999999999999,0.0,0.0,False,False,False,True,False,True,False,False
0,0.568560235063663,0.6333333333333333,0.49814126394052044,0,0.11521428571428571,0.9999999999999999,0.26,0.012,False,True,False,False,False,False,False,True
0,0.5,0.5,0.5,0,0.054785714285714285,0.9999999999999999,0.0,0.0,False,True,False,False,False,False,False,True
0,0.5345249755142018,0.5166666666666666,0.5027881040892194,0,0.49821428571428567,0.9999999999999999,0.0,0.991,False,False,True,False,True,False,False,False
1,0.7426542605288933,0.27222222222222225,0.7225836431226766,1,0.47857142857142854,0.596568823288814,0.0,0.967,False,False,True,False,True,False,False,False
0,0.4338883447600392,0.65,0.512546468401487,0,1.7857142857142855e-05,0.4433591208373074,0.62,0.053,True,False,False,False,False,False,True,False
1,0.1398139079333986,0.6944444444444444,0.3503717472118959,1,0.7678571428571428,0.5627865719776342,0.0,0.0,False,False,True,False,False,False,False,True
0,0.5,0.5,0.5,0,0.005375,0.9999999999999999,0.43,0.017,True,False,False,False,False,False,True,False
1,0.5734573947110676,0.7,0.2736988847583643,1,0.3678571428571429,0.9999999999999999,0.0,0.0,False,True,False,False,False,False,False,True
0,0.568560235063663,0.6333333333333333,0.49814126394052044,0,0.4517857142857143,0.3137977234369583,0.0,0.0,False,True,False,False,False,False,False,True
1,0.46057786483839375,0.2,0.5148698884758364,0,0.5232142857142857,0.9999999999999999,0.0,0.953,False,False,False,True,False,True,False,False
0,0.5342801175318316,0.5,0.520910780669145,0,0.40714285714285714,0.5465474436276611,0.17,0.971,False,True,False,False,False,False,True,False
0,0.5,0.5,0.5,0,0.15760714285714286,0.9999999999999999,0.0,0.0,False,False,True,False,True,False,False,False
0,0.5,0.5,0.5,0,0.26517857142857143,0.9999999999999999,0.0,0.0,False,True,False,False,False,False,False,True
0,0.5,0.5,0.5,0,0.005714285714285714,0.9999999999999999,0.0,0.0,False,True,False,False,False,False,False,True
1,0.14226248775710088,0.6944444444444444,0.23745353159851296,0,0.6428571428571428,0.9999999999999999,0.0,0.0,False,True,False,False,False,False,False,True
0,0.5,0.5,0.5,0,0.06973214285714285,0.9999999999999999,0.24,0.187,True,False,False,False,False,False,True,False
1,0.5785994123408423,0.37222222222222223,0.48977695167286245,0,0.42857142857142855,0.9999999999999999,0.27,0.971,False,False,True,False,True,False,False,False
1,0.4755142017629775,0.5444444444444444,0.4711895910780669,0,0.5303571428571429,0.9999999999999999,0.0,1.0,False,True,False,False,False,False,False,True
0,0.5,0.5,0.5,0,0.14519642857142856,0.36039991442727853,0.0,0.0,False,True,False,False,False,False,False,True
1,0.47037218413320275,0.21111111111111114,0.4804832713754647,0,0.0,0.9999999999999999,0.0,0.0,False,False,False,True,False,True,False,False
1,0.5734573947110676,0.7,0.2736988847583643,1,0.5321428571428571,0.9999999999999999,0.0,1.0,False,True,False,False,False,False,False,True
0,0.49779627815866795,0.4777777777777778,0.8029739776951673,1,0.4035714285714286,0.9999999999999999,0.08,0.08,False,False,True,False,True,False,False,False
0,0.5394221351616063,0.8,0.4851301115241636,0,0.3964285714285714,0.9999999999999999,0.51,0.327,False,True,False,False,False,False,False,True
0,0.3528403525954946,0.30000000000000004,0.5092936802973977,0,0.009857142857142858,0.9999999999999999,0.62,0.032,False,False,False,True,False,True,False,False
0,0.4605778648383937,0.31666666666666665,0.5283457249070632,0,0.0005357142857142856,0.9999999999999999,0.29,0.128,False,False,False,True,True,False,False,False
1,0.1398139079333986,0.6944444444444444,0.3503717472118959,1,0.17391071428571428,0.4259586363148828,0.2,0.064,False,False,True,False,False,False,False,True
1,0.568560235063663,0.4666666666666667,0.5473977695167286,0,0.4267857142857142,0.5965952267259672,0.01,0.289,True,False,False,False,False,False,True,False
1,0.35798237022526935,0.6722222222222223,0.6486988847583643,1,0.43392857142857144,0.9999999999999999,0.31,0.484,True,False,False,False,False,False,True,False
1,0.24265426052889322,0.5444444444444444,0.23605947955390333,0,0.7321428571428571,0.9999999999999999,0.0,0.0,False,True,False,False,False,False,True,False
1,0.1398139079333986,0.6944444444444444,0.3503717472118959,1,0.25,0.9999999999999999,0.0,0.091,False,False,True,False,False,False,False,True
0,0.5734573947110676,0.4777777777777778,0.4865241635687732,0,0.2994642857142857,0.42643282406142363,0.87,0.0,False,False,True,False,True,False,False,False
1,0.1398139079333986,0.6944444444444444,0.3503717472118959,1,0.35428571428571426,0.9999999999999999,0.03,0.242,False,False,True,False,False,False,False,True
0,0.46547502448579825,0.48333333333333334,0.4972118959107807,0,0.25160714285714286,0.3908953214661706,0.36,0.138,True,False,False,False,False,False,True,False
1,0.6077375122428992,0.2055555555555556,0.349907063197026,1,0.5125,0.5960582500136018,0.04,0.715,False,True,False,False,True,False,False,False
0,0.5,0.5,0.5,0,0.1844642857142857,0.9999999999999999,0.0,0.0,False,False,True,False,True,False,False,False
1,0.42140058765915767,0.6277777777777778,0.5102230483271375,0,0.3316071428571428,0.48925931965676034,0.0,0.542,True,False,False,False,False,False,True,False
1,0.44123408423114596,0.8888888888888888,0.42518587360594795,1,0.48392857142857143,0.9999999999999999,0.0,0.97,True,False,False,False,False,False,False,True
0,0.37022526934378064,0.8888888888888888,0.23559479553903345,1,0.08591071428571428,0.9999999999999999,0.33,0.009,False,True,False,False,False,False,False,True
0,0.4265426052889324,0.6388888888888888,0.5185873605947956,0,0.41428571428571426,0.47169452472557627,0.22,0.986,True,False,False,False,False,False,True,False
0,0.5364838393731636,0.0944444444444445,0.4846654275092937,0,0.48392857142857143,0.3576871736734887,0.0,0.999,False,False,False,True,True,False,False,False
0,0.4975514201762977,0.5,0.6129182156133829,1,0.28232142857142856,0.9999999999999999,0.07,0.519,False,False,True,False,False,True,False,False
1,0.056317335945151814,0.5722222222222222,0.23698884758364308,0,0.6785714285714285,0.9999999999999999,0.0,0.0,False,False,False,True,True,False,False,False
1,0.056317335945151814,0.5722222222222222,0.23698884758364308,0,0.625,0.9999999999999999,0.0,0.0,False,True,False,False,True,False,False,False
1,0.4314397649363369,0.36666666666666664,0.5018587360594795,0,0.4535714285714285,0.40488764864540966,0.0,0.449,False,False,False,True,False,True,False,False
0,0.5737022526934378,0.6444444444444444,0.5065055762081785,0,0.0,0.9999999999999999,0.0,0.0,False,True,False,False,False,False,False,True
0,0.42140058765915767,0.6277777777777778,0.5102230483271375,0,0.008714285714285714,0.9999999999999999,0.25,0.022,True,False,False,False,False,False,True,False
0,0.5342801175318316,0.6222222222222222,0.5013940520446096,0,0.08410714285714285,0.5012043344041452,0.92,0.125,False,False,True,False,False,True,False,False
1,0.3161116552399608,0.5222222222222223,0.2225836431226766,0,0.5714285714285714,0.9999999999999999,0.0,1.0,False,False,True,False,False,False,False,True
0,0.49779627815866795,0.4777777777777778,0.8029739776951673,1,0.143375,0.9999999999999999,0.18,0.403,False,False,True,False,True,False,False,False
0,0.5,0.5,0.5,0,0.3119642857142857,0.9999999999999999,0.02,0.014,True,False,False,False,False,False,True,False
0,0.5465230166503428,0.4277777777777778,0.6473048327137547,0,0.003446428571428571,0.9999999999999999,0.25,0.013,True,False,False,False,False,False,True,False
1,0.14201762977473065,0.7166666666666667,0.04739776951672858,1,0.30303571428571424,0.9999999999999999,0.32,0.765,True,False,False,False,False,False,False,True
1,0.14226248775710088,0.6944444444444444,0.23745353159851296,0,0.05374999999999999,0.9999999999999999,0.26,0.053,False,True,False,False,False,False,False,True
0,0.5,0.5,0.5,0,8.928571428571429e-05,0.9999999999999999,0.0,0.0,True,False,False,False,False,True,False,False
1,0.6469147894221352,0.2888888888888889,0.5274163568773235,0,0.48571428571428565,0.9999999999999999,0.0,0.951,False,False,True,False,True,False,False,False
0,0.5,0.5,0.5,0,0.1605535714285714,0.9999999999999999,0.0,0.0,False,False,True,False,False,False,False,True
1,0.46547502448579825,0.5222222222222223,0.29879182156133827,1,0.3067857142857143,0.47989266703363487,0.0,0.0,False,False,True,False,False,True,False,False
1,0.6762977473065622,0.3277777777777778,0.3722118959107807,1,0.5535714285714285,0.9999999999999999,0.0,0.998,False,False,True,False,True,False,False,False
1,0.568560235063663,0.6333333333333333,0.49814126394052044,0,0.3428571428571428,0.5964850627926463,0.1,0.182,False,True,False,False,False,False,False,True
1,0.4657198824681685,0.5,0.479089219330855,0,0.27285714285714285,0.9999999999999999,0.0,0.0,False,False,True,False,False,False,False,True
0,0.4534769833496572,0.5722222222222222,0.35269516728624534,0,0.48392857142857143,0.9999999999999999,0.0,0.967,False,False,True,False,True,False,False,False
0,0.5,0.5,0.5,0,0.16446428571428573,0.9999999999999999,0.0,0.0,False,True,False,False,False,False,False,True
1,0.1398139079333986,0.6944444444444444,0.3503717472118959,1,0.5535714285714285,0.9999999999999999,0.01,0.507,False,False,True,False,False,False,False,True
1,0.43119490695396673,0.5555555555555556,0.262546468401487,1,0.625,0.9999999999999999,0.0,0.99,False,False,True,False,True,False,False,False
0,0.3971596474045054,0.2444444444444444,0.5004646840148699,0,0.6071428571428571,0.9999999999999999,0.0,0.993,False,False,False,True,False,False,True,False
0,0.5,0.5,0.5,0,0.20553571428571427,0.3897480101240488,0.0,0.0,False,False,False,True,False,True,False,False
1,0.0734573947110676,0.75,0.0,1,0.6607142857142857,0.9999999999999999,0.0,0.0,False,True,False,False,False,False,False,True
1,0.5394221351616063,0.8,0.4851301115241636,0,0.5892857142857143,0.9999999999999999,0.01,0.997,False,True,False,False,False,False,False,True
0,0.5,0.5,0.5,0,0.26982142857142855,0.9999999999999999,0.0,0.0,False,True,False,False,False,False,True,False
1,0.20323212536728696,0.3611111111111111,0.2644052044609665,0,0.04882142857142857,0.9999999999999999,0.13,0.351,False,False,False,True,True,False,False,False
1,0.5345249755142018,0.4777777777777778,0.7012081784386617,1,0.12026785714285715,0.9999999999999999,0.0,0.0,False,True,False,False,True,False,False,False
0,0.5,0.5,0.5,0,0.5035714285714286,0.9999999999999999,0.0,0.977,False,False,True,False,True,False,False,False
1,0.43119490695396673,0.5555555555555556,0.262546468401487,1,0.625,0.9999999999999999,0.0,0.96,False,False,True,False,True,False,False,False
0,0.5440744368266406,0.35555555555555557,0.48698884758364314,0,0.3982142857142857,0.9999999999999999,0.0,0.0,False,True,False,False,False,False,True,False
0,0.4755142017629775,0.5444444444444444,0.4711895910780669,0,0.4267857142857142,0.9999999999999999,0.06,0.641,False,True,False,False,False,False,False,True
0,0.5832517140058766,0.4444444444444444,0.4767657992565056,0,0.12251785714285714,0.9999999999999999,0.05,0.16,False,True,False,False,False,False,False,True
1,0.38222331047992164,0.37777777777777777,0.3657063197026022,1,0.5125,0.9999999999999999,0.02,0.939,False,False,False,True,False,False,True,False
0,0.5,0.5,0.5,0,0.10016071428571428,0.9999999999999999,0.0,0.0,False,True,False,False,False,False,False,True
1,0.17874632713026445,0.2888888888888889,0.22211895910780666,0,0.75,0.9999999999999999,0.0,0.0,False,False,False,True,False,False,True,False
0,0.5,0.5,0.5,0,0.42321428571428565,0.9999999999999999,0.08,0.769,False,True,False,False,False,False,False,True
1,0.5345249755142018,0.47777777777777775,0.5009293680297398,0,0.48392857142857143,0.9999999999999999,0.05,0.589,False,False,True,False,False,False,False,True
1,0.3552889324191969,0.6611111111111111,0.2927509293680297,1,0.6071428571428571,0.9999999999999999,0.0,1.0,False,False,True,False,False,True,False,False
1,0.3947110675808031,0.9611111111111111,0.27788104089219334,1,0.6071428571428571,0.5966215221581129,0.0,0.968,False,False,True,False,False,False,False,True
0,0.6471596474045054,0.7,0.49070631970260226,0,0.27482142857142855,0.2880311378098856,0.04,0.191,False,True,False,False,False,False,False,True
1,0.5394221351616063,0.6833333333333333,0.47165427509293684,0,0.46964285714285714,0.5964886007714898,0.0,1.0,False,True,False,False,False,False,True,False
1,0.1398139079333986,0.6944444444444444,0.3503717472118959,1,0.4464285714285714,0.9999999999999999,0.12,0.998,False,False,True,False,False,False,False,True
1,0.6762977473065622,0.3277777777777778,0.3722118959107807,1,0.0,0.9999999999999999,0.0,0.0,False,False,True,False,True,False,False,False
1,0.14226248775710088,0.6944444444444444,0.23745353159851296,0,0.44999999999999996,0.9999999999999999,0.0,0.803,False,True,False,False,False,False,False,True
0,0.46547502448579825,0.48333333333333334,0.4972118959107807,0,0.5107142857142857,0.9999999999999999,0.01,0.965,True,False,False,False,False,False,True,False
0,0.5,0.5,0.5,0,0.4267857142857142,0.9999999999999999,0.0,0.984,True,False,False,False,False,False,True,False
0,0.5,0.5,0.5,0,0.20482142857142857,0.5965340073255139,0.0,0.0,False,False,True,False,False,False,False,True
0,0.5,0.5,0.5,0,0.11308928571428571,0.4844048659791589,0.0,0.0,False,False,False,True,False,True,False,False
1,0.7426542605288933,0.27222222222222225,0.7225836431226766,1,0.5285714285714286,0.9999999999999999,0.0,1.0,False,False,True,False,False,True,False,False
1,0.14226248775710088,0.6944444444444444,0.23745353159851296,0,5.357142857142857e-05,0.9999999999999999,0.18,0.159,False,True,False,False,False,False,False,True
1,0.42140058765915767,0.6277777777777778,0.5102230483271375,0,0.3625,0.9999999999999999,0.0,0.0,True,False,False,False,False,False,True,False
1,0.14226248775710088,0.6944444444444444,0.23745353159851296,0,0.625,0.9999999999999999,0.0,0.0,False,True,False,False,False,False,False,True
1,0.4363369245837414,0.39444444444444443,0.5896840148698885,1,0.43392857142857144,0.45872218586589686,0.0,0.369,False,False,False,True,False,True,False,False
0,0.5,0.5,0.5,0,0.00010714285714285714,0.9999999999999999,0.0,0.0,False,False,False,True,False,True,False,False
1,0.5,0.5,0.5,0,0.3175,0.5965723673623287,0.0,0.0,False,False,True,False,True,False,False,False
1,0.4534769833496572,0.5722222222222222,0.35269516728624534,0,0.5535714285714285,0.4146530899600331,0.06,0.965,False,False,True,False,True,False,False,False
1,0.47037218413320275,0.21111111111111114,0.4804832713754647,0,0.4821428571428571,0.9999999999999999,0.0,0.939,False,False,False,True,False,True,False,False
0,0.5,0.5,0.5,0,0.13905357142857142,0.9999999999999999,0.0,0.0,False,True,False,False,False,False,False,True
0,0.5,0.5,0.5,0,0.11376785714285714,0.9999999999999999,0.0,0.0,False,False,True,False,True,False,False,False
1,0.5364838393731636,0.0944444444444445,0.4846654275092937,0,0.0,0.9999999999999999,0.0,0.0,False,False,False,True,True,False,False,False
0,0.5,0.5,0.5,0,0.19553571428571426,0.3731227536419772,0.0,0.0,False,True,False,False,False,False,False,True
1,0.1398139079333986,0.6944444444444444,0.3503717472118959,1,0.44999999999999996,0.9999999999999999,0.06,0.664,False,False,True,False,False,False,False,True
0,0.5394221351616063,0.8,0.4851301115241636,0,0.3467857142857143,0.26163248723212323,0.15,0.236,False,True,False,False,False,False,False,True
1,0.056317335945151814,0.5722222222222222,0.23698884758364308,0,0.6428571428571428,0.9999999999999999,0.0,0.0,False,True,False,False,True,False,False,False
1,0.056317335945151814,0.5722222222222222,0.23698884758364308,0,0.625,0.9999999999999999,0.0,0.0,False,False,False,True,True,False,False,False
1,0.4363369245837414,0.39444444444444443,0.5896840148698885,1,0.48571428571428565,0.9999999999999999,0.0,1.0,False,False,False,True,False,True,False,False
1,0.6177766895200784,0.4222222222222222,0.4776951672862454,0,0.35035714285714287,0.9999999999999999,0.37,0.032,False,False,True,False,False,False,False,True
1,0.45592556317335947,0.6055555555555555,0.5111524163568774,0,0.40892857142857136,0.9999999999999999,0.0,0.067,True,False,False,False,False,False,False,True
0,0.5,0.5,0.5,0,0.24803571428571428,0.9999999999999999,0.0,0.0,False,False,True,False,True,False,False,False
0,0.6863369245837414,0.4722222222222222,0.49907063197026025,0,0.49642857142857144,0.9999999999999999,0.0,0.964,False,True,False,False,True,False,False,False
0,0.5394221351616063,0.8,0.4851301115241636,0,0.3119642857142857,0.33061097534317196,0.16,0.0,False,True,False,False,False,False,False,True
1,0.502203721841332,0.5222222222222223,0.19702602230483268,1,0.0,0.9999999999999999,0.0,0.0,True,False,False,False,False,False,True,False
1,0.24265426052889322,0.5444444444444444,0.23605947955390333,0,0.8214285714285714,0.9999999999999999,0.0,0.0,False,True,False,False,False,False,True,False
0,0.5,0.5,0.5,0,0.0009107142857142856,0.9999999999999999,0.0,0.0,False,False,False,True,False,False,True,False
0,0.5,0.5,0.5,0,0.21375,0.9999999999999999,0.0,0.0,True,False,False,False,False,False,True,False
1,0.35308521057786485,0.711111111111111,0.4725836431226766,0,0.44821428571428573,0.5628760794540969,0.0,1.0,True,False,False,False,False,False,True,False
1,0.3161116552399608,0.5222222222222223,0.2225836431226766,0,0.6428571428571428,0.9999999999999999,0.0,0.0,False,False,True,False,False,False,False,True
0,0.43119490695396673,0.5555555555555556,0.262546468401487,1,0.4375,0.5812928275291167,0.0,0.0,False,False,True,False,True,False,False,False
1,0.5222820763956905,0.5166666666666666,0.5901486988847584,1,0.48392857142857143,0.9999999999999999,0.0,0.986,False,False,True,False,False,False,False,True
1,0.056317335945151814,0.5722222222222222,0.23698884758364308,0,0.21607142857142855,0.9999999999999999,0.0,0.0,False,True,False,False,True,False,False,False
0,0.5,0.5,0.5,0,0.17857142857142855,0.9999999999999999,0.0,0.0,False,False,True,False,True,False,False,False
1,0.056317335945151814,0.5722222222222222,0.23698884758364308,0,0.6964285714285714,0.9999999999999999,0.0,0.0,False,False,False,True,True,False,False,False
1,0.20323212536728696,0.3611111111111111,0.2644052044609665,0,0.625,0.9999999999999999,0.0,0.0,False,False,False,True,True,False,False,False
0,0.4262977473065622,0.3555555555555556,0.4934944237918215,0,0.17964285714285713,0.9999999999999999,0.31,0.0,False,False,False,True,False,True,False,False
1,0.5244857982370226,0.45555555555555555,0.5288104089219331,0,0.4196428571428571,0.9999999999999999,0.01,0.323,False,False,False,True,False,True,False,False
1,0.5734573947110676,0.7,0.2736988847583643,1,0.5160714285714285,0.5965641797210459,0.0,0.999,False,True,False,False,False,False,False,True
0,0.42140058765915767,0.6277777777777778,0.5102230483271375,0,0.0001964285714285714,0.9999999999999999,0.06,0.003,True,False,False,False,False,False,True,False
1,0.1398139079333986,0.6944444444444444,0.3503717472118959,1,0.0,0.9999999999999999,0.0,0.0,False,False,True,False,False,False,False,True
0,0.47037218413320275,0.21111111111111114,0.4804832713754647,0,0.005375,0.3382959235732952,0.12,0.009,False,False,False,True,False,True,False,False
0,0.5,0.5,0.5,0,0.03894642857142857,0.3845905099825384,0.0,0.0,False,True,False,False,False,False,False,True
0,0.4265426052889324,0.30000000000000004,0.7263011152416357,1,0.43571428571428567,0.5628276699884666,0.16,0.582,False,False,False,True,False,True,False,False
1,0.14201762977473065,0.7166666666666667,0.04739776951672858,1,0.4125,0.9999999999999999,0.01,0.687,True,False,False,False,False,False,False,True
0,0.5,0.5,0.5,0,0.34660714285714284,0.9999999999999999,0.0,0.0,False,True,False,False,False,False,False,True
1,0.1398139079333986,0.6944444444444444,0.3503717472118959,1,0.4446428571428571,0.5594341802822506,0.02,0.374,False,False,True,False,False,False,False,True
1,0.056317335945151814,0.5722222222222222,0.23698884758364308,0,0.006696428571428571,0.594719754306542,0.0,0.0,False,False,False,True,True,False,False,False
0,0.5,0.5,0.5,0,0.2544642857142857,0.9999999999999999,0.0,0.0,True,False,False,False,False,True,False,False
1,0.37022526934378064,0.8888888888888888,0.23559479553903345,1,0.5892857142857143,0.9999999999999999,0.01,0.993,False,True,False,False,False,False,False,True
1,0.502203721841332,0.05555555555555558,0.47165427509293684,0,0.5053571428571428,0.54313372420723,0.0,0.992,False,False,False,True,True,False,False,False
1,0.14201762977473065,0.7166666666666667,0.04739776951672858,1,0.875,0.9999999999999999,0.0,0.0,True,False,False,False,False,False,False,True
0,0.5,0.5,0.5,0,0.003464285714285714,0.9999999999999999,0.0,0.0,False,False,False,True,True,False,False,False
1,0.24265426052889322,0.5444444444444444,0.23605947955390333,0,0.6428571428571428,0.9999999999999999,0.0,0.0,False,True,False,False,False,False,True,False
0,0.5,0.5,0.5,0,0.0050714285714285705,0.43109848091293657,0.0,0.0,False,False,False,True,False,True,False,False
0,0.5,0.5,0.5,0,0.23803571428571427,0.41958931846263103,0.0,0.0,False,False,True,False,True,False,False,False
0,0.5,0.5,0.5,0,0.106,0.4953492759888174,0.0,0.0,False,False,False,True,True,False,False,False
0,0.5734573947110676,0.4777777777777778,0.4865241635687732,0,0.4892857142857142,0.9999999999999999,0.0,0.991,False,False,True,False,True,False,False,False
1,0.17874632713026445,0.2888888888888889,0.22211895910780666,0,0.625,0.9999999999999999,0.0,0.0,False,False,False,True,False,False,True,False
1,0.056317335945151814,0.5722222222222222,0.23698884758364308,0,0.6428571428571428,0.9999999999999999,0.0,0.0,False,False,False,True,True,False,False,False
1,0.4975514201762977,0.5,0.6226765799256506,1,0.5714285714285714,0.9999999999999999,0.0,0.933,False,False,True,False,True,False,False,False
1,0.14201762977473065,0.7166666666666667,0.04739776951672858,1,0.6428571428571428,0.9999999999999999,0.0,0.0,True,False,False,False,False,False,False,True
1,0.14201762977473065,0.7166666666666667,0.04739776951672858,1,0.12994642857142857,0.596558803511836,0.04,0.389,True,False,False,False,False,False,False,True
1,0.056317335945151814,0.5722222222222222,0.23698884758364308,0,0.6428571428571428,0.9999999999999999,0.0,0.0,False,False,False,True,True,False,False,False
0,0.5636630754162586,0.6055555555555555,0.4103159851301115,1,0.005821428571428571,0.2912746133455125,0.46,0.065,False,True,False,False,False,False,False,True
0,0.5,0.5,0.5,0,0.25553571428571425,0.2649371375644256,0.0,0.0,False,False,True,False,True,False,False,False
0,0.4167482859941234,0.5555555555555556,0.5232342007434945,0,0.43571428571428567,0.9999999999999999,0.03,0.398,False,False,False,True,False,True,False,False
0,0.6691968658178257,0.29444444444444445,0.7360594795539034,1,0.4053571428571428,0.9999999999999999,0.1,0.281,False,False,False,True,False,False,True,False
1,0.6762977473065622,0.3277777777777778,0.3722118959107807,1,0.4178571428571428,0.585035512476909,0.0,1.0,False,False,True,False,True,False,False,False
0,0.5,0.5,0.5,0,0.0003214285714285714,0.4681686314112114,0.0,0.0,False,False,False,True,True,False,False,False
1,0.056317335945151814,0.5722222222222222,0.23698884758364308,0,0.0,0.9999999999999999,0.0,0.0,False,True,False,False,False,False,True,False
0,0.5,0.5,0.5,0,0.08187499999999999,0.9999999999999999,0.0,0.0,True,False,False,False,False,True,False,False
1,0.5342801175318316,0.6222222222222222,0.5013940520446096,0,0.3982142857142857,0.9999999999999999,0.13,0.967,False,False,True,False,False,True,False,False
0,0.5,0.5,0.5,0,0.5089285714285714,0.9999999999999999,0.0,0.936,False,False,False,True,False,True,False,False
0,0.5,0.5,0.5,0,0.2330357142857143,0.33070915167313814,0.0,0.0,False,True,False,False,True,False,False,False
0,0.5,0.5,0.5,0,0.2646428571428571,0.35311210462372206,0.0,0.0,False,True,False,False,False,False,False,True
0,0.5,0.5,0.5,0,0.25053571428571425,0.9999999999999999,0.04,0.009,True,False,False,False,False,False,True,False
0,0.566356513222331,0.3222222222222222,0.6923791821561338,1,7.142857142857142e-05,0.9999999999999999,0.52,0.001,False,True,False,False,True,False,False,False
0,0.5,0.5,0.5,0,0.3821428571428571,0.9999999999999999,0.12,0.553,False,False,True,False,True,False,False,False
0,0.5,0.5,0.5,0,0.013732142857142856,0.5959787433107763,0.0,0.0,False,False,False,True,False,False,True,False
0,0.5,0.5,0.5,0,0.22749999999999998,0.9999999999999999,0.0,0.0,False,True,False,False,False,False,False,True
1,0.1398139079333986,0.6944444444444444,0.3503717472118959,1,0.4517857142857143,0.5964695719141376,0.0,0.101,False,False,True,False,False,False,False,True
1,0.3947110675808031,0.9611111111111111,0.27788104089219334,1,0.5714285714285714,0.596615650317977,0.0,0.833,False,False,True,False,False,False,False,True
1,0.1398139079333986,0.6944444444444444,0.3503717472118959,1,0.0,0.9999999999999999,0.0,0.0,False,False,True,False,False,False,False,True
0,0.5342801175318316,0.5,0.520910780669145,0,0.17853571428571427,0.3319393282350184,0.58,0.075,False,True,False,False,False,False,True,False
1,0.6177766895200784,0.6222222222222222,0.6342936802973977,1,0.5535714285714285,0.9999999999999999,0.0,0.972,False,False,True,False,False,False,False,True
1,0.43119490695396673,0.5555555555555556,0.262546468401487,1,0.6071428571428571,0.5847167331722696,0.0,0.999,False,False,True,False,True,False,False,False
1,0.6787463271302645,0.23888888888888887,0.49581784386617095,0,0.4732142857142857,0.9999999999999999,0.0,0.999,False,False,False,True,False,False,True,False
1,0.14226248775710088,0.6944444444444444,0.23745353159851296,0,0.6607142857142857,0.9999999999999999,0.0,0.0,False,True,False,False,False,False,False,True
1,0.5737022526934378,0.6444444444444444,0.5065055762081785,0,0.5535714285714285,0.5966284958885656,0.05,0.994,False,True,False,False,False,False,False,True
1,0.5734573947110676,0.7,0.2736988847583643,1,0.625,0.9999999999999999,0.0,0.947,False,True,False,False,False,False,False,True
1,0.5734573947110676,0.7,0.2736988847583643,1,0.40178571428571425,0.9999999999999999,0.0,0.0,False,True,False,False,False,False,False,True
1,0.14226248775710088,0.6944444444444444,0.23745353159851296,0,0.11549999999999999,0.9999999999999999,0.94,0.01,False,True,False,False,False,False,False,True
0,0.5,0.5,0.5,0,0.0004821428571428571,0.9999999999999999,0.0,0.0,False,False,True,False,False,False,False,True
1,0.37022526934378064,0.8888888888888888,0.23559479553903345,1,0.625,0.9999999999999999,0.0,0.941,False,True,False,False,False,False,False,True
1,0.0,0.55,0.22630111524163565,0,0.8214285714285714,0.9999999999999999,0.0,0.0,False,False,True,False,True,False,False,False
0,0.5,0.5,0.5,0,5.357142857142857e-05,0.9999999999999999,0.0,0.0,False,False,False,True,False,False,True,False
0,0.5,0.5,0.5,0,0.013267857142857142,0.562514662385955,0.0,0.0,False,False,True,False,False,True,False,False
1,0.4755142017629775,0.5444444444444444,0.4711895910780669,0,0.4803571428571428,0.9999999999999999,0.04,0.96,False,True,False,False,False,False,False,True
1,0.056317335945151814,0.5722222222222222,0.23698884758364308,0,0.43392857142857144,0.5959813994918571,0.0,0.0,False,True,False,False,False,False,True,False
1,0.1398139079333986,0.6944444444444444,0.3503717472118959,1,0.2119642857142857,0.9999999999999999,0.16,0.0,False,False,True,False,False,False,False,True
1,0.6469147894221352,0.2888888888888889,0.5274163568773235,0,0.5267857142857143,0.9999999999999999,0.0,0.981,False,False,True,False,True,False,False,False
1,0.0,0.55,0.22630111524163565,0,0.0,0.9999999999999999,0.0,0.0,False,False,True,False,True,False,False,False
1,0.6762977473065622,0.3277777777777778,0.3722118959107807,1,0.4321428571428571,0.5966152833514905,0.09,0.844,False,False,True,False,True,False,False,False
0,0.5,0.5,0.5,0,0.016625,0.49882340600235586,0.0,0.0,False,False,True,False,False,True,False,False
1,0.17874632713026445,0.2888888888888889,0.22211895910780666,0,0.6964285714285714,0.9999999999999999,0.0,0.0,False,False,False,True,True,False,False,False
1,0.566356513222331,0.3222222222222222,0.6923791821561338,1,0.5892857142857143,0.5961993373197719,0.0,0.997,False,True,False,False,True,False,False,False
1,0.056317335945151814,0.5722222222222222,0.23698884758364308,0,0.6785714285714285,0.9999999999999999,0.0,0.0,False,True,False,False,True,False,False,False
0,0.5,0.5,0.5,0,0.1363035714285714,0.9999999999999999,0.0,0.0,False,True,False,False,False,False,False,True
1,0.5612144955925563,0.14444444444444443,0.733271375464684,1,0.43392857142857144,0.9999999999999999,0.0,0.974,False,False,False,True,False,False,True,False
0,0.49779627815866795,0.4777777777777778,0.8029739776951673,1,0.3821428571428571,0.21490016260978637,0.37,0.004,False,False,True,False,True,False,False,False
0,0.5734573947110676,0.3611111111111111,0.48141263940520446,0,0.13176785714285713,0.9999999999999999,0.38,0.0,False,False,True,False,True,False,False,False
0,0.4534769833496572,0.5722222222222222,0.35269516728624534,0,0.4267857142857142,0.09784735101380863,0.0,0.941,False,False,True,False,True,False,False,False
0,0.5,0.5,0.5,0,0.003214285714285714,0.9999999999999999,0.0,0.0,False,False,False,True,False,True,False,False
0,0.5,0.5,0.5,0,0.22035714285714283,0.4841982451841154,0.0,0.0,False,False,True,False,True,False,False,False
1,0.5,0.5,0.5,0,0.5714285714285714,0.9999999999999999,0.0,1.0,False,True,False,False,False,False,False,True
0,0.5345249755142018,0.5166666666666666,0.5027881040892194,0,0.04724999999999999,0.06910304940351057,0.62,0.016,False,False,True,False,True,False,False,False
1,0.5,0.5388888888888889,0.5018587360594795,0,0.45535714285714285,0.9999999999999999,0.0,0.995,False,True,False,False,True,False,False,False
1,0.5785994123408423,0.37222222222222223,0.48977695167286245,0,0.4464285714285714,0.9999999999999999,0.02,0.907,False,False,True,False,True,False,False,False
0,0.5,0.5,0.5,0,0.0005892857142857143,0.471325806946859,0.0,0.0,False,False,False,True,False,True,False,False
0,0.5,0.5,0.5,0,0.3039285714285714,0.9999999999999999,0.0,0.0,False,False,True,False,False,True,False,False
0,0.5,0.4611111111111111,0.4981412639405205,0,0.27999999999999997,0.9999999999999999,0.02,0.395,True,False,False,False,False,True,False,False
0,0.49779627815866795,0.4777777777777778,0.8029739776951673,1,0.7142857142857142,0.9999999999999999,0.0,0.0,False,False,True,False,True,False,False,False
1,0.2573457394711067,0.7277777777777777,0.2774163568773234,1,0.6071428571428571,0.5966269053006699,0.0,1.0,False,True,False,False,False,False,True,False
1,0.9265426052889324,0.25,1.0,1,0.11653571428571427,0.9999999999999999,0.0,0.0,False,False,False,True,False,True,False,False
1,0.5296278158667973,0.7888888888888889,0.5195167286245354,0,0.4589285714285714,0.5291088794071885,0.0,0.996,False,True,False,False,False,False,False,True
1,0.1398139079333986,0.6944444444444444,0.3503717472118959,1,0.0,0.9999999999999999,0.0,0.0,False,False,True,False,False,False,False,True
1,0.46057786483839375,0.2,0.5148698884758364,0,0.5892857142857143,0.9999999999999999,0.0,0.956,False,False,False,True,False,True,False,False
1,0.14226248775710088,0.6944444444444444,0.23745353159851296,0,0.4303571428571429,0.9999999999999999,0.02,0.966,False,True,False,False,False,False,False,True
0,0.5345249755142018,0.5166666666666666,0.5027881040892194,0,0.15932142857142859,0.9999999999999999,0.14,0.421,False,False,True,False,True,False,False,False
0,0.568560235063663,0.4666666666666667,0.5473977695167286,0,0.2907142857142857,0.9999999999999999,0.01,0.152,True,False,False,False,False,False,True,False
0,0.5,0.5,0.5,0,0.014607142857142855,0.9999999999999999,0.0,0.0,True,False,False,False,False,True,False,False
0,0.5,0.5,0.5,0,0.2157142857142857,0.5965397471906453,0.0,0.0,False,True,False,False,True,False,False,False
1,0.502203721841332,0.5222222222222223,0.19702602230483268,1,0.41607142857142854,0.9999999999999999,0.43,1.0,True,False,False,False,False,False,True,False
1,0.5345249755142018,0.5166666666666666,0.5027881040892194,0,0.42857142857142855,0.9999999999999999,0.12,0.996,False,False,True,False,True,False,False,False
0,0.43119490695396673,0.5555555555555556,0.262546468401487,1,0.19160714285714286,0.3906353718055261,0.53,0.0,False,False,True,False,True,False,False,False
0,0.5,0.5,0.5,0,0.0007857142857142856,0.9999999999999999,0.0,0.0,True,False,False,False,False,False,True,False
1,0.37022526934378064,0.8888888888888888,0.23559479553903345,1,0.6071428571428571,0.9999999999999999,0.01,0.988,False,True,False,False,False,False,False,True
1,0.14201762977473065,0.7166666666666667,0.04739776951672858,1,0.06810714285714285,0.9999999999999999,0.22,0.098,True,False,False,False,False,False,False,True
0,0.5,0.5,0.5,0,0.0,0.9999999999999999,0.0,0.0,False,False,False,True,False,False,True,False
0,0.5465230166503428,0.4277777777777778,0.6473048327137547,0,0.13951785714285714,0.4265303719297894,0.09,0.042,True,False,False,False,False,False,True,False
1,0.17874632713026445,0.2888888888888889,0.22211895910780666,0,0.625,0.9999999999999999,0.0,0.0,False,False,False,True,True,False,False,False
1,0.14226248775710088,0.6944444444444444,0.23745353159851296,0,0.33035714285714285,0.9999999999999999,0.42,0.103,False,True,False,False,False,False,False,True
1,0.0734573947110676,0.75,0.0,1,0.40892857142857136,0.9999999999999999,0.0,0.0,False,True,False,False,False,False,False,True
0,0.5688050930460333,0.4444444444444444,0.737453531598513,1,0.05273214285714285,0.9999999999999999,0.21,0.002,True,False,False,False,False,False,True,False
1,0.14226248775710088,0.6944444444444444,0.23745353159851296,0,0.8571428571428571,0.9999999999999999,0.0,0.0,False,True,False,False,False,False,False,True
0,0.5,0.5,0.5,0,0.30785714285714283,0.9999999999999999,0.1,0.994,True,False,False,False,False,False,True,False
0,0.5,0.5,0.5,0,0.017982142857142853,0.5092388389698439,0.0,0.0,False,True,False,False,False,False,False,True
0,0.5440744368266406,0.35555555555555557,0.48698884758364314,0,0.34607142857142853,0.4171149120418624,0.01,0.006,True,False,False,False,False,False,True,False
0,0.5,0.5,0.5,0,0.2092857142857143,0.9999999999999999,0.0,0.0,False,True,False,False,False,False,True,False
1,0.6297747306562194,0.11111111111111116,0.7644052044609666,1,0.46964285714285714,0.9999999999999999,0.03,0.987,False,False,False,True,False,True,False,False
1,0.5734573947110676,0.3611111111111111,0.48141263940520446,0,0.45535714285714285,0.5429941146791486,0.01,0.04,False,False,True,False,True,False,False,False
0,0.5,0.5,0.5,0,0.005910714285714286,0.9999999999999999,0.0,0.0,True,False,False,False,False,False,True,False
0,0.539177277179236,0.35555555555555557,0.4851301115241636,0,0.1723392857142857,0.9999999999999999,0.59,0.004,False,False,True,False,False,False,False,True
1,0.5244857982370226,0.45555555555555555,0.5288104089219331,0,0.4446428571428571,0.9999999999999999,0.08,0.479,False,False,False,True,False,True,False,False
1,0.5734573947110676,0.7,0.2736988847583643,1,0.625,0.4845553327133148,0.0,0.999,False,True,False,False,False,False,False,True
0,0.5,0.5,0.5,0,0.22660714285714284,0.9999999999999999,0.0,0.0,False,True,False,False,True,False,False,False
1,0.1398139079333986,0.6944444444444444,0.3503717472118959,1,0.4607142857142857,0.9999999999999999,0.0,0.999,False,False,True,False,False,False,False,True
1,0.4363369245837414,0.39444444444444443,0.5896840148698885,1,0.4589285714285714,0.9999999999999999,0.0,1.0,False,False,False,True,False,True,False,False
0,0.4657198824681685,0.5,0.479089219330855,0,0.36607142857142855,0.5431691991367688,0.52,0.439,True,False,False,False,False,False,False,True
0,0.5,0.5,0.5,0,0.00010714285714285714,0.9999999999999999,0.0,0.0,True,False,False,False,False,False,True,False
0,0.5,0.5,0.5,0,0.16841071428571427,0.9999999999999999,0.0,0.0,True,False,False,False,False,True,False,False
1,0.24265426052889322,0.5444444444444444,0.23605947955390333,0,0.6428571428571428,0.9999999999999999,0.0,0.0,False,True,False,False,False,False,True,False
0,0.5,0.5,0.5,0,0.02069642857142857,0.9999999999999999,0.0,0.0,False,False,False,True,False,False,True,False
1,0.17874632713026445,0.2888888888888889,0.22211895910780666,0,0.6785714285714285,0.9999999999999999,0.0,0.0,False,False,False,True,False,False,True,False
1,0.42140058765915767,0.6277777777777778,0.5102230483271375,0,0.39464285714285713,0.9999999999999999,0.05,0.103,True,False,False,False,False,False,True,False
1,0.5734573947110676,0.7,0.2736988847583643,1,0.13569642857142858,0.9999999999999999,0.0,0.0,False,True,False,False,False,False,False,True
1,0.796767874632713,0.6388888888888888,0.7355947955390335,0,0.0,0.9999999999999999,0.0,0.0,True,False,False,False,False,False,False,True
1,0.46057786483839375,0.2,0.5148698884758364,0,0.5053571428571428,0.9999999999999999,0.02,0.998,False,False,False,True,False,True,False,False
0,0.5,0.5,0.5,0,0.07960714285714286,0.9999999999999999,0.27,0.051,False,False,False,True,False,True,False,False
1,0.29676787463271304,0.6888888888888889,0.46189591078066916,0,0.5714285714285714,0.9999999999999999,0.0,0.996,False,False,True,False,False,True,False,False
0,0.5,0.5,0.5,0,0.12776785714285713,0.9999999999999999,0.0,0.0,True,False,False,False,False,False,True,False
1,0.14226248775710088,0.6944444444444444,0.23745353159851296,0,0.1832142857142857,0.9999999999999999,0.07,0.373,False,True,False,False,False,False,False,True
0,0.5,0.5,0.5,0,0.0001964285714285714,0.9999999999999999,0.0,0.0,False,False,False,True,False,True,False,False
1,0.3650832517140059,0.711111111111111,0.2602230483271375,1,0.0,0.9999999999999999,0.0,0.0,False,False,True,False,False,True,False,False
0,0.5,0.5,0.5,0,0.0,0.9999999999999999,0.0,0.0,False,True,False,False,False,False,False,True
1,0.5612144955925563,0.14444444444444443,0.733271375464684,1,0.5535714285714285,0.9999999999999999,0.0,0.994,False,False,False,True,False,False,True,False
1,0.5636630754162586,0.6055555555555555,0.4103159851301115,1,0.4589285714285714,0.4362443616211554,0.0,1.0,False,True,False,False,False,False,False,True
1,0.24265426052889322,0.5444444444444444,0.23605947955390333,0,0.3007142857142857,0.5290020526097521,0.03,0.149,False,True,False,False,True,False,False,False
1,0.5024485798237023,0.5,0.37732342007434944,1,0.43392857142857144,0.9999999999999999,0.19,1.0,True,False,False,False,False,False,True,False
0,0.5,0.5,0.5,0,1.7857142857142855e-05,0.9999999999999999,0.0,0.0,False,False,False,True,False,True,False,False
1,0.5636630754162586,0.3111111111111111,0.5139405204460966,0,0.41607142857142854,0.5279617047213508,0.0,0.403,False,False,True,False,False,True,False,False
1,0.46057786483839375,0.2,0.5148698884758364,0,0.46249999999999997,0.9999999999999999,0.0,0.998,False,False,False,True,False,True,False,False
1,0.46057786483839375,0.2,0.5148698884758364,0,0.5214285714285714,0.9999999999999999,0.0,1.0,False,False,False,True,False,True,False,False
1,0.568560235063663,0.6333333333333333,0.49814126394052044,0,0.4464285714285714,0.9999999999999999,0.11,0.992,False,True,False,False,False,False,False,True
0,0.4755142017629775,0.5444444444444444,0.4711895910780669,0,0.44285714285714284,0.4060075733856503,0.22,0.71,False,True,False,False,False,False,False,True
0,0.6028403525954946,0.7555555555555555,0.4995353159851301,0,0.38749999999999996,0.4047464865307705,0.02,0.066,False,False,True,False,False,False,False,True
1,0.4338883447600392,0.65,0.512546468401487,0,0.4589285714285714,0.9999999999999999,0.0,0.993,True,False,False,False,False,False,True,False
0,0.5,0.5,0.5,0,0.2542857142857143,0.9999999999999999,0.03,0.027,True,False,False,False,False,False,True,False
0,0.5,0.5,0.5,0,0.1590892857142857,0.9999999999999999,0.0,0.0,False,True,False,False,False,False,False,True
0,0.5,0.5,0.5,0,0.1807142857142857,0.4647110061062803,0.0,0.0,False,True,False,False,False,False,False,True
0,0.5,0.5,0.5,0,0.130125,0.9999999999999999,0.0,0.0,False,True,False,False,False,False,False,True
1,0.1398139079333986,0.6944444444444444,0.3503717472118959,1,0.6428571428571428,0.9999999999999999,0.0,0.0,False,False,True,False,False,False,False,True
1,0.14226248775710088,0.6944444444444444,0.23745353159851296,0,0.7857142857142857,0.9999999999999999,0.0,0.0,False,True,False,False,False,False,False,True
1,0.24265426052889322,0.5444444444444444,0.23605947955390333,0,0.6785714285714285,0.9999999999999999,0.0,0.0,False,True,False,False,False,False,True,False
1,0.14201762977473065,0.7166666666666667,0.04739776951672858,1,0.6071428571428571,0.9999999999999999,0.0,0.0,True,False,False,False,False,False,False,True
1,0.20323212536728696,0.3611111111111111,0.2644052044609665,0,0.5892857142857143,0.9999999999999999,0.0,0.0,False,True,False,False,True,False,False,False
0,0.5,0.5,0.5,0,0.012089285714285714,0.5628548026973147,0.0,0.0,True,False,False,False,False,False,False,True
1,0.37022526934378064,0.8888888888888888,0.23559479553903345,1,0.625,0.4196038073102724,0.0,0.946,False,True,False,False,False,False,False,True
1,0.3947110675808031,0.9611111111111111,0.27788104089219334,1,0.625,0.9999999999999999,0.0,0.998,False,False,True,False,False,False,False,True
1,0.4755142017629775,0.5444444444444444,0.4711895910780669,0,0.4803571428571428,0.9999999999999999,0.0,1.0,False,True,False,False,False,False,False,True
1,0.5636630754162586,0.6055555555555555,0.4103159851301115,1,0.5714285714285714,0.9999999999999999,0.0,1.0,False,True,False,False,False,False,False,True
0,0.5,0.5,0.5,0,0.42321428571428565,0.9999999999999999,0.0,1.0,False,True,False,False,False,False,False,True
0,0.5,0.5,0.5,0,0.19857142857142854,0.9999999999999999,0.0,0.0,False,True,False,False,False,False,False,True
1,0.24265426052889322,0.5444444444444444,0.23605947955390333,0,0.44999999999999996,0.9999999999999999,0.01,0.456,False,True,False,False,False,False,True,False
1,0.0734573947110676,0.75,0.0,1,0.5,0.9999999999999999,0.03,0.994,False,True,False,False,False,False,False,True
0,0.5,0.5,0.5,0,0.21035714285714283,0.5150245550140395,0.0,0.0,False,False,True,False,False,True,False,False
0,0.5,0.5,0.5,0,0.15571428571428572,0.9999999999999999,0.0,0.0,True,False,False,False,False,False,True,False
1,0.0,0.55,0.22630111524163565,0,0.7678571428571428,0.9999999999999999,0.0,0.0,False,False,True,False,True,False,False,False
0,0.5,0.5,0.5,0,0.004660714285714285,0.9999999999999999,0.0,0.0,True,False,False,False,False,False,True,False
0,0.5,0.5,0.5,0,0.0,0.9999999999999999,0.0,0.0,True,False,False,False,False,False,False,True
1,0.24265426052889322,0.5444444444444444,0.23605947955390333,0,0.5714285714285714,0.5426995250325923,0.0,0.996,False,True,False,False,True,False,False,False
0,0.5394221351616063,0.6833333333333333,0.47165427509293684,0,0.49642857142857144,0.2784237054445534,0.0,0.995,False,True,False,False,False,False,True,False
1,0.502203721841332,0.05555555555555558,0.47165427509293684,0,0.49821428571428567,0.9999999999999999,0.0,1.0,False,False,False,True,True,False,False,False
0,0.5,0.5,0.5,0,0.20642857142857143,0.59656381314246,0.0,0.0,False,False,True,False,True,False,False,False
1,0.0734573947110676,0.75,0.0,1,0.5892857142857143,0.9999999999999999,0.0,0.991,False,True,False,False,False,False,False,True
1,0.49779627815866795,0.4777777777777778,0.8029739776951673,1,0.6071428571428571,0.9999999999999999,0.01,0.966,False,False,True,False,True,False,False,False
1,0.4262977473065622,0.3555555555555556,0.4934944237918215,0,0.37857142857142856,0.9999999999999999,0.0,0.0,False,False,False,True,False,True,False,False
0,0.5,0.5,0.5,0,0.31625,0.9999999999999999,0.0,0.0,False,True,False,False,True,False,False,False
0,0.5734573947110676,0.3611111111111111,0.48141263940520446,0,0.33821428571428575,0.38336536564645385,0.59,0.058,False,False,True,False,True,False,False,False
1,0.17874632713026445,0.2888888888888889,0.22211895910780666,0,0.625,0.9999999999999999,0.0,0.0,False,False,False,True,True,False,False,False
0,0.4975514201762977,0.5,0.6129182156133829,1,0.41607142857142854,0.46159846275495786,0.15,0.055,False,False,True,False,False,True,False,False
0,0.5,0.5,0.5,0,0.07144642857142858,0.5582414968257283,0.0,0.0,False,True,False,False,False,False,False,True
1,0.2573457394711067,0.5055555555555555,0.4902416356877323,0,0.5714285714285714,0.9999999999999999,0.0,0.997,False,False,True,False,False,True,False,False
1,0.2573457394711067,0.7277777777777777,0.2774163568773234,1,0.42142857142857143,0.9999999999999999,0.25,0.933,False,True,False,False,False,False,True,False
0,0.5,0.5,0.5,0,0.1994642857142857,0.9999999999999999,0.0,0.0,False,False,True,False,True,False,False,False
1,0.7426542605288933,0.27222222222222225,0.7225836431226766,1,0.4125,0.5965750561419955,0.23,0.748,False,False,True,False,True,False,False,False
1,0.14201762977473065,0.7166666666666667,0.04739776951672858,1,0.6428571428571428,0.9999999999999999,0.0,0.0,True,False,False,False,False,False,False,True
0,0.5,0.5,0.5,0,0.015375,0.9999999999999999,0.0,0.0,False,False,False,True,False,False,True,False
0,0.46547502448579825,0.48333333333333334,0.4972118959107807,0,0.07301785714285715,0.5966145494268186,0.57,0.0,True,False,False,False,False,False,True,False
0,0.4755142017629775,0.5444444444444444,0.4711895910780669,0,0.20589285714285713,0.42194493994106896,0.77,0.0,False,True,False,False,False,False,False,True
1,0.37022526934378064,0.8888888888888888,0.23559479553903345,1,0.6071428571428571,0.5087131462749742,0.0,0.781,False,True,False,False,False,False,False,True
0,0.2573457394711067,0.7277777777777777,0.2774163568773234,1,0.10935714285714285,0.9999999999999999,0.0,0.0,False,True,False,False,False,False,True,False
0,0.5,0.5,0.5,0,0.16126785714285716,0.9999999999999999,0.0,0.0,True,False,False,False,False,False,True,False
0,0.6420176297747306,0.3277777777777778,0.35130111524163565,1,0.44999999999999996,0.9999999999999999,0.0,0.991,False,False,True,False,True,False,False,False
1,0.46547502448579825,0.48333333333333334,0.4972118959107807,0,0.46964285714285714,0.5628938783690214,0.02,0.934,True,False,False,False,False,False,True,False
0,0.5,0.5,0.5,0,0.30607142857142855,0.5018328311054874,0.0,0.0,False,True,False,False,False,False,False,True
1,0.0,0.55,0.22630111524163565,0,0.5714285714285714,0.9999999999999999,0.0,1.0,False,False,True,False,True,False,False,False
0,0.43119490695396673,0.5555555555555556,0.262546468401487,1,0.17578571428571427,0.4361705301825805,1.0,0.0,False,False,True,False,True,False,False,False
1,0.24265426052889322,0.5444444444444444,0.23605947955390333,0,0.625,0.9999999999999999,0.0,0.0,False,True,False,False,False,False,True,False
0,0.5,0.5,0.5,0,0.18232142857142858,0.9999999999999999,0.0,0.0,False,False,True,False,True,False,False,False
1,0.1398139079333986,0.6944444444444444,0.3503717472118959,1,0.0,0.9999999999999999,0.0,0.0,False,False,True,False,False,False,False,True
0,0.5024485798237023,0.5,0.37732342007434944,1,0.16185714285714284,0.9999999999999999,0.02,0.121,True,False,False,False,False,False,True,False
0,0.35308521057786485,0.711111111111111,0.4725836431226766,0,0.45535714285714285,0.9999999999999999,0.0,0.684,True,False,False,False,False,False,True,False
0,0.4534769833496572,0.5722222222222222,0.35269516728624534,0,0.41428571428571426,0.9999999999999999,0.15,0.078,False,False,True,False,True,False,False,False
1,0.1398139079333986,0.6944444444444444,0.3503717472118959,1,0.19839285714285712,0.5966110022802573,0.22,0.006,False,False,True,False,False,False,False,True
1,0.20323212536728696,0.3611111111111111,0.2644052044609665,0,0.43571428571428567,0.9999999999999999,0.0,0.0,False,True,False,False,True,False,False,False
0,0.5,0.5,0.5,0,0.0001607142857142857,0.9999999999999999,0.0,0.0,True,False,False,False,False,False,True,False
0,0.4534769833496572,0.5722222222222222,0.35269516728624534,0,0.4464285714285714,0.9999999999999999,0.14,0.717,False,False,True,False,True,False,False,False
0,0.4338883447600392,0.65,0.512546468401487,0,0.12080357142857141,0.38651392381144,1.0,0.012,True,False,False,False,False,False,True,False
0,0.5,0.5,0.5,0,0.032124999999999994,0.9999999999999999,0.1,0.037,False,True,False,False,False,False,False,True
1,0.568560235063663,0.4666666666666667,0.5473977695167286,0,0.44107142857142856,0.9999999999999999,0.07,0.995,True,False,False,False,False,False,True,False
1,0.43119490695396673,0.5555555555555556,0.262546468401487,1,0.5071428571428571,0.9999999999999999,0.03,0.984,False,False,True,False,True,False,False,False
0,0.5,0.5,0.5,0,0.0032678571428571427,0.596578111753764,0.0,0.0,True,False,False,False,False,False,True,False
1,0.14226248775710088,0.6944444444444444,0.23745353159851296,0,0.5535714285714285,0.9999999999999999,0.01,0.996,False,True,False,False,False,False,False,True
1,0.46057786483839375,0.2,0.5148698884758364,0,0.4321428571428571,0.9999999999999999,0.0,1.0,False,False,False,True,False,True,False,False
1,0.4167482859941234,0.5555555555555556,0.5232342007434945,0,0.4267857142857142,0.9999999999999999,0.03,0.23,False,False,False,True,False,True,False,False
0,0.5,0.5,0.5,0,0.2294642857142857,0.9999999999999999,0.0,0.0,False,True,False,False,False,False,False,True
1,0.35798237022526935,0.6722222222222223,0.6486988847583643,1,0.5089285714285714,0.9999999999999999,0.0,0.997,True,False,False,False,False,False,True,False
1,0.0734573947110676,0.75,0.0,1,0.174625,0.5964854287785307,0.0,0.0,False,True,False,False,False,False,False,True
0,0.5,0.5,0.5,0,0.15357142857142855,0.9999999999999999,0.33,0.305,True,False,False,False,False,False,True,False
0,0.43119490695396673,0.5555555555555556,0.262546468401487,1,0.3910714285714285,0.5019367424683274,0.4,0.037,False,False,True,False,True,False,False,False
1,0.5465230166503428,0.4277777777777778,0.6473048327137547,0,0.3366071428571429,0.9999999999999999,0.11,0.348,True,False,False,False,False,False,True,False
0,0.4167482859941234,0.5555555555555556,0.5232342007434945,0,0.4607142857142857,0.46820585730527786,0.03,0.98,False,False,False,True,False,False,True,False
0,0.5024485798237023,0.5,0.3870817843866171,1,0.23035714285714284,0.9999999999999999,0.9,0.002,False,True,False,False,False,False,True,False
0,0.5,0.5,0.5,0,0.055214285714285716,0.9999999999999999,0.0,0.0,False,False,True,False,False,False,False,True
1,0.4926542605288932,0.1777777777777778,0.6858736059479554,1,0.5535714285714285,0.5290981861691604,0.01,0.792,False,False,False,True,True,False,False,False
0,0.5,0.5,0.5,0,0.43392857142857144,0.9999999999999999,0.01,0.66,False,False,False,True,False,True,False,False
0,0.46547502448579825,0.48333333333333334,0.4972118959107807,0,8.928571428571429e-05,0.9999999999999999,0.93,0.004,True,False,False,False,False,False,True,False
0,0.5,0.5,0.5,0,0.058821428571428566,0.9999999999999999,0.12,0.187,False,False,False,True,False,True,False,False
1,0.6028403525954946,0.7555555555555555,0.4995353159851301,0,0.5535714285714285,0.9999999999999999,0.0,1.0,False,False,True,False,False,False,False,True
0,0.5342801175318316,0.5,0.520910780669145,0,0.42321428571428565,0.23905716250852949,0.03,0.939,False,True,False,False,True,False,False,False
0,0.5734573947110676,0.3611111111111111,0.48141263940520446,0,0.11844642857142856,0.9999999999999999,0.98,0.041,False,False,True,False,True,False,False,False
0,0.5,0.5,0.5,0,0.15051785714285715,0.9999999999999999,0.17,0.028,True,False,False,False,False,True,False,False
0,0.5734573947110676,0.4777777777777778,0.4865241635687732,0,0.5339285714285714,0.35934492375174554,0.04,0.937,False,False,True,False,True,False,False,False
0,0.5,0.5,0.5,0,0.00010714285714285714,0.9999999999999999,0.13,0.075,False,False,False,True,False,True,False,False
1,0.46057786483839375,0.2,0.5148698884758364,0,0.4946428571428571,0.9999999999999999,0.0,0.905,False,False,False,True,False,True,False,False
1,0.14226248775710088,0.6944444444444444,0.23745353159851296,0,0.037214285714285714,0.9999999999999999,0.31,0.026,False,True,False,False,False,False,False,True
0,0.45592556317335947,0.6444444444444444,0.5130111524163569,0,0.39999999999999997,0.9999999999999999,0.37,0.007,False,False,True,False,True,False,False,False
1,0.5541136141038198,0.5166666666666666,0.7239776951672863,1,0.475,0.9999999999999999,0.0,0.972,False,False,True,False,False,True,False,False
1,0.14201762977473065,0.7166666666666667,0.04739776951672858,1,0.30892857142857144,0.9999999999999999,0.25,0.0,True,False,False,False,False,False,False,True
1,0.14226248775710088,0.6944444444444444,0.23745353159851296,0,0.625,0.9999999999999999,0.0,0.0,False,True,False,False,False,False,False,True
1,0.14201762977473065,0.7166666666666667,0.04739776951672858,1,0.8571428571428571,0.9999999999999999,0.0,0.0,True,False,False,False,False,False,False,True
0,0.5,0.5,0.5,0,0.425,0.9999999999999999,0.09,0.842,False,True,False,False,False,False,False,True
0,0.4755142017629775,0.5444444444444444,0.4711895910780669,0,0.10357142857142856,0.5257799400212341,0.93,0.0,False,True,False,False,False,False,False,True
1,0.7426542605288933,0.27222222222222225,0.7225836431226766,1,0.6071428571428571,0.9999999999999999,0.0,1.0,False,False,True,False,False,True,False,False
1,0.5394221351616063,0.8,0.4851301115241636,0,0.5892857142857143,0.5622588740043138,0.0,1.0,False,True,False,False,False,False,False,True
1,0.7426542605288933,0.27222222222222225,0.7225836431226766,1,0.6071428571428571,0.9999999999999999,0.0,1.0,False,False,True,False,True,False,False,False
1,0.7426542605288933,0.49444444444444446,0.5097583643122676,0,0.6428571428571428,0.9999999999999999,0.0,0.0,False,True,False,False,False,False,True,False
0,0.5,0.5,0.5,0,0.2007142857142857,0.9999999999999999,0.0,0.0,True,False,False,False,False,True,False,False
1,0.6052889324191969,0.03888888888888886,0.7221189591078067,1,0.0,0.9999999999999999,0.0,0.0,False,False,False,True,False,False,True,False
1,0.3650832517140059,0.711111111111111,0.2602230483271375,1,0.0,0.9999999999999999,0.0,0.0,False,False,True,False,False,True,False,False
1,0.1398139079333986,0.6944444444444444,0.3503717472118959,1,0.4035714285714286,0.9999999999999999,0.18,0.277,False,False,True,False,False,False,False,True
1,0.14226248775710088,0.6944444444444444,0.23745353159851296,0,0.9821428571428571,0.5966218891716455,0.0,0.0,False,True,False,False,False,False,False,True
0,0.5,0.5,0.5,0,0.08739285714285715,0.9999999999999999,0.0,0.0,False,False,False,True,False,True,False,False
1,0.4314397649363369,0.36666666666666664,0.5018587360594795,0,0.4375,0.9999999999999999,0.0,0.094,False,False,False,True,False,True,False,False
0,0.5,0.5,0.5,0,0.4053571428571428,0.9999999999999999,0.0,0.591,False,False,False,True,False,True,False,False
1,0.6469147894221352,0.2888888888888889,0.5274163568773235,0,0.4607142857142857,0.9999999999999999,0.0,0.998,False,False,True,False,True,False,False,False
1,0.46547502448579825,0.5222222222222223,0.4990706319702602,0,0.42142857142857143,0.9999999999999999,0.02,0.354,False,True,False,False,False,False,True,False
0,0.35308521057786485,0.711111111111111,0.4725836431226766,0,0.4535714285714285,0.4072267387723734,0.01,0.962,True,False,False,False,False,False,True,False
1,0.3136630754162586,0.5277777777777778,0.5009293680297398,0,0.4178571428571428,0.9999999999999999,0.02,0.382,True,False,False,False,False,True,False,False
1,0.37022526934378064,0.8888888888888888,0.23559479553903345,1,0.6071428571428571,0.5093533352875897,0.04,0.8,False,True,False,False,False,False,False,True
0,0.5,0.5,0.5,0,0.11964285714285713,0.9999999999999999,0.34,0.061,False,True,False,False,False,False,False,True
0,0.4534769833496572,0.5722222222222222,0.35269516728624534,0,0.22732142857142856,0.9999999999999999,0.17,0.179,False,False,True,False,True,False,False,False
0,0.568560235063663,0.6333333333333333,0.49814126394052044,0,0.4303571428571429,0.9999999999999999,0.08,0.675,False,True,False,False,False,False,False,True
1,0.5024485798237023,0.5,0.37732342007434944,1,0.0,0.9999999999999999,0.0,0.0,True,False,False,False,False,False,True,False
1,0.7426542605288933,0.27222222222222225,0.7225836431226766,1,0.5892857142857143,0.9999999999999999,0.0,1.0,False,False,True,False,False,True,False,False
1,0.47037218413320275,0.21111111111111114,0.4804832713754647,0,0.4178571428571428,0.9999999999999999,0.02,0.001,False,False,False,True,False,True,False,False
0,0.5981880509304603,0.4111111111111111,0.5599442379182156,1,0.5107142857142857,0.9999999999999999,0.0,0.999,False,True,False,False,True,False,False,False
1,0.20323212536728696,0.3611111111111111,0.2644052044609665,0,0.2826785714285714,0.9999999999999999,0.03,0.187,False,True,False,False,True,False,False,False
1,0.17874632713026445,0.2888888888888889,0.22211895910780666,0,0.4821428571428571,0.9999999999999999,0.0,1.0,False,False,False,True,True,False,False,False
1,0.29676787463271304,0.6888888888888889,0.46189591078066916,0,0.0,0.9999999999999999,0.0,0.0,False,False,True,False,False,False,False,True
1,0.45592556317335947,0.6055555555555555,0.5111524163568774,0,0.4107142857142857,0.9999999999999999,0.0,0.813,True,False,False,False,False,False,False,True
0,0.5,0.5,0.5,0,0.23357142857142857,0.9999999999999999,0.05,0.059,False,True,False,False,False,False,False,True
0,0.5661116552399609,0.35,0.487453531598513,0,0.3625,0.5964834768856182,0.17,0.002,False,False,True,False,True,False,False,False
0,0.5,0.5,0.5,0,0.0004642857142857142,0.5628470402200935,0.0,0.0,True,False,False,False,False,True,False,False
1,0.43364348677766895,0.6777777777777778,0.30762081784386613,1,0.4267857142857142,0.9999999999999999,0.13,0.999,True,False,False,False,False,True,False,False
1,0.2573457394711067,0.7277777777777777,0.2774163568773234,1,0.5125,0.9999999999999999,0.0,0.912,True,False,False,False,False,False,True,False
0,0.5,0.5,0.5,0,0.3194642857142857,0.9999999999999999,0.0,0.23,False,False,True,False,True,False,False,False
1,0.0,0.55,0.22630111524163565,0,0.49642857142857144,0.9999999999999999,0.0,1.0,False,False,True,False,True,False,False,False
1,0.056317335945151814,0.5722222222222222,0.23698884758364308,0,0.13619642857142855,0.9999999999999999,0.0,0.0,False,True,False,False,False,False,True,False
1,0.17874632713026445,0.2888888888888889,0.22211895910780666,0,0.0055535714285714285,0.9999999999999999,0.19,0.182,False,False,False,True,True,False,False,False
0,0.5,0.5,0.5,0,0.0011964285714285714,0.41528753406435304,0.0,0.0,False,True,False,False,False,False,False,True
0,0.556562193927522,0.5166666666666666,0.6013011152416357,1,0.3219642857142857,0.9999999999999999,0.01,0.493,True,False,False,False,False,True,False,False
1,0.6691968658178257,0.29444444444444445,0.7360594795539034,1,0.5107142857142857,0.9999999999999999,0.0,0.999,False,False,False,True,True,False,False,False
1,0.6762977473065622,0.3277777777777778,0.3722118959107807,1,0.0,0.9999999999999999,0.0,0.0,False,False,True,False,True,False,False,False
0,0.5394221351616063,0.8,0.4851301115241636,0,0.3239285714285714,0.33870526454878186,1.0,0.872,False,True,False,False,False,False,False,True
1,0.5734573947110676,0.7,0.2736988847583643,1,0.6071428571428571,0.9999999999999999,0.0,0.933,False,True,False,False,False,False,False,True
1,0.14226248775710088,0.6944444444444444,0.23745353159851296,0,0.6607142857142857,0.9999999999999999,0.0,0.0,False,True,False,False,False,False,False,True
0,0.5,0.5,0.5,0,0.15151785714285712,0.9999999999999999,0.0,0.0,False,True,False,False,False,False,False,True
0,0.5,0.5,0.5,0,0.16676785714285713,0.9999999999999999,0.0,0.0,False,False,True,False,True,False,False,False
1,0.4534769833496572,0.5722222222222222,0.35269516728624534,0,0.5714285714285714,0.9999999999999999,0.0,0.997,False,False,True,False,True,False,False,False
1,0.6177766895200784,0.4222222222222222,0.4776951672862454,0,0.5714285714285714,0.9999999999999999,0.0,0.793,False,False,True,False,False,False,False,True
1,0.49779627815866795,0.4777777777777778,0.8029739776951673,1,0.4517857142857143,0.9999999999999999,0.0,0.005,False,False,True,False,True,False,False,False
0,0.5,0.5,0.5,0,0.00035714285714285714,0.4361185078238509,0.0,0.0,False,False,False,True,False,False,True,False
1,0.4975514201762977,0.5,0.6226765799256506,1,0.5071428571428571,0.5431708307899648,0.0,0.996,False,False,True,False,True,False,False,False
0,0.5,0.5,0.5,0,0.3196428571428571,0.9999999999999999,0.0,0.0,False,True,False,False,False,False,True,False
1,0.6077375122428991,0.5166666666666666,0.5190520446096655,0,0.5892857142857143,0.329164173389815,0.0,1.0,False,False,True,False,False,False,False,True
0,0.37022526934378064,0.8888888888888888,0.23559479553903345,1,0.33285714285714285,0.41357349879088606,0.18,0.0,False,True,False,False,False,False,False,True
0,0.5345249755142018,0.4777777777777778,0.7012081784386617,1,0.44999999999999996,0.9999999999999999,0.01,0.576,False,False,False,True,False,False,True,False
1,0.5734573947110676,0.4777777777777778,0.4865241635687732,0,0.625,0.5966161396109301,0.0,1.0,False,False,True,False,True,False,False,False
1,0.14226248775710088,0.6944444444444444,0.23745353159851296,0,0.0,0.9999999999999999,0.0,0.0,False,True,False,False,False,False,False,True
0,0.37022526934378064,0.8888888888888888,0.23559479553903345,1,0.5232142857142857,0.5431724624978669,0.01,0.861,False,True,False,False,False,False,False,True
1,0.49779627815866795,0.4777777777777778,0.8029739776951673,1,0.27375,0.9999999999999999,0.24,0.21,False,False,True,False,True,False,False,False
1,0.46057786483839375,0.2,0.5148698884758364,0,0.4875,0.9999999999999999,0.0,0.939,False,False,False,True,False,True,False,False
1,0.14226248775710088,0.6944444444444444,0.23745353159851296,0,0.011714285714285714,0.9999999999999999,0.48,0.002,False,True,False,False,False,False,False,True
0,0.4265426052889324,0.6388888888888888,0.5185873605947956,0,0.20285714285714285,0.5029418184728892,0.26,0.001,True,False,False,False,False,False,True,False
0,0.5,0.5,0.5,0,0.16789285714285712,0.5628958360353493,0.0,0.0,True,False,False,False,False,False,True,False
1,0.5832517140058766,0.4444444444444444,0.4767657992565056,0,0.425,0.9999999999999999,0.0,0.982,False,True,False,False,False,False,False,True
0,0.5,0.5,0.5,0,0.18035714285714283,0.596571878509258,0.0,0.0,False,False,False,True,False,True,False,False
0,0.5,0.5,0.5,0,0.25499999999999995,0.9999999999999999,0.46,0.964,False,False,False,True,False,True,False,False
0,0.5,0.5,0.5,0,0.01132142857142857,0.46484201014519466,0.0,0.0,False,True,False,False,False,False,False,True
1,0.14201762977473065,0.7166666666666667,0.04739776951672858,1,0.875,0.9999999999999999,0.0,0.0,True,False,False,False,False,False,False,True
1,0.558765915768854,0.11111111111111116,0.574814126394052,1,0.5214285714285714,0.9999999999999999,0.0,1.0,False,False,False,True,True,False,False,False
1,0.24265426052889322,0.5444444444444444,0.23605947955390333,0,0.6071428571428571,0.9999999999999999,0.0,0.0,False,True,False,False,False,False,True,False
1,0.0734573947110676,0.75,0.0,1,0.6607142857142857,0.5787694692851,0.0,0.0,False,True,False,False,False,False,False,True
1,0.43609206660137123,0.24444444444444446,0.48605947955390333,0,0.7678571428571428,0.9999999999999999,0.0,0.0,False,False,False,True,False,True,False,False
1,0.2573457394711067,0.7277777777777777,0.2774163568773234,1,0.21357142857142858,0.9999999999999999,0.0,0.0,False,True,False,False,False,False,True,False
1,0.5342801175318316,0.6222222222222222,0.5013940520446096,0,0.4464285714285714,0.5431720545657625,0.0,0.961,False,False,True,False,False,True,False,False
1,0.5734573947110676,0.7,0.2736988847583643,1,0.4035714285714286,0.9999999999999999,0.0,0.0,False,True,False,False,False,False,False,True
0,0.5,0.5,0.5,0,0.2546428571428571,0.9999999999999999,0.03,0.281,False,False,False,True,False,True,False,False
0,0.6028403525954946,0.7555555555555555,0.4995353159851301,0,0.4125,0.9999999999999999,0.04,0.702,False,False,True,False,False,False,False,True
1,0.5342801175318316,0.5,0.520910780669145,0,0.0,0.9999999999999999,0.0,0.0,False,True,False,False,True,False,False,False
1,0.14226248775710088,0.6944444444444444,0.23745353159851296,0,0.8035714285714285,0.9999999999999999,0.0,0.0,False,True,False,False,False,False,False,True
1,0.5639079333986288,0.7555555555555555,0.5139405204460967,0,0.0,0.9999999999999999,0.0,0.0,False,True,False,False,False,False,False,True
0,0.5,0.5,0.5,0,0.27249999999999996,0.5965952267259672,0.0,0.0,False,True,False,False,False,False,False,True
0,0.5737022526934378,0.6444444444444444,0.5065055762081785,0,0.22160714285714284,0.9999999999999999,0.09,0.498,False,True,False,False,False,False,False,True
0,0.4262977473065622,0.3555555555555556,0.4934944237918215,0,0.1473392857142857,0.9999999999999999,0.0,0.042,False,False,False,True,False,True,False,False
0,0.502203721841332,0.5222222222222223,0.19702602230483268,1,0.3380357142857143,0.31854816801626173,0.35,0.013,True,False,False,False,False,False,True,False
0,0.5,0.5,0.5,0,0.12267857142857143,0.5966095345710946,0.0,0.0,True,False,False,False,False,False,True,False
1,0.6349167482859941,0.2888888888888889,0.7397769516728625,1,0.5142857142857142,0.9999999999999999,0.01,0.863,False,True,False,False,False,False,True,False
0,0.5,0.5,0.5,0,0.023714285714285716,0.9999999999999999,0.0,0.0,False,False,True,False,True,False,False,False
0,0.5,0.5,0.5,0,0.14214285714285713,0.9999999999999999,0.0,0.0,False,True,False,False,True,False,False,False
0,0.5,0.5,0.5,0,0.0008214285714285714,0.9999999999999999,0.0,0.0,False,False,False,True,False,True,False,False
1,0.14226248775710088,0.6944444444444444,0.23745353159851296,0,0.41428571428571426,0.9999999999999999,0.12,0.686,False,True,False,False,False,False,False,True
0,0.5,0.5,0.5,0,0.0874642857142857,0.9999999999999999,0.0,0.0,False,False,True,False,True,False,False,False
1,0.1398139079333986,0.6944444444444444,0.3503717472118959,1,0.35428571428571426,0.9999999999999999,0.1,0.628,False,False,True,False,False,False,False,True
0,0.4755142017629775,0.5444444444444444,0.4711895910780669,0,1.7857142857142855e-05,0.9999999999999999,0.82,0.0,False,True,False,False,False,False,False,True
0,0.5,0.5,0.5,0,5.357142857142857e-05,0.9999999999999999,0.21,0.01,False,False,False,True,False,True,False,False
1,0.5734573947110676,0.3611111111111111,0.48141263940520446,0,0.5714285714285714,0.9999999999999999,0.01,0.965,False,False,True,False,True,False,False,False
1,0.42140058765915767,0.6277777777777778,0.5102230483271375,0,0.2792857142857143,0.9999999999999999,0.0,0.159,True,False,False,False,False,False,True,False
1,0.14201762977473065,0.7166666666666667,0.04739776951672858,1,0.008053571428571429,0.5419478805264273,0.46,0.046,True,False,False,False,False,False,False,True
0,0.5394221351616063,0.8,0.4851301115241636,0,0.4107142857142857,0.15995690513399288,0.2,0.017,False,True,False,False,False,False,False,True
1,0.1398139079333986,0.6944444444444444,0.3503717472118959,1,0.6428571428571428,0.9999999999999999,0.0,0.0,False,False,True,False,False,False,False,True
0,0.5,0.5,0.5,0,0.13460714285714284,0.9999999999999999,0.0,0.0,False,True,False,False,False,False,False,True
0,0.5222820763956905,0.5166666666666666,0.5901486988847584,1,0.15737500000000001,0.9999999999999999,0.0,0.0,False,False,True,False,False,False,False,True
1,0.43609206660137123,0.2055555555555556,0.48420074349442377,0,0.475,0.9999999999999999,0.0,0.964,False,False,False,True,False,False,True,False
0,0.568560235063663,0.4666666666666667,0.5473977695167286,0,0.0,0.9999999999999999,0.0,0.0,True,False,False,False,False,False,True,False
1,0.5636630754162586,0.3111111111111111,0.5139405204460966,0,0.5535714285714285,0.9999999999999999,0.0,1.0,False,False,True,False,False,True,False,False
1,0.5832517140058766,0.40555555555555556,0.4749070631970261,0,0.4178571428571428,0.5959766909065025,0.18,0.964,True,False,False,False,False,False,False,True
0,0.5,0.5,0.5,0,0.20571428571428568,0.5627679580012611,0.0,0.0,False,False,True,False,True,False,False,False
1,0.5734573947110676,0.7,0.2736988847583643,1,0.5892857142857143,0.5965979167689138,0.0,1.0,False,True,False,False,False,False,False,True
1,0.502203721841332,0.5222222222222223,0.19702602230483268,1,0.3910714285714285,0.9999999999999999,0.16,0.14,True,False,False,False,False,False,True,False
0,0.5342801175318316,0.6222222222222222,0.5013940520446096,0,0.5267857142857143,0.9999999999999999,0.0,0.978,False,False,True,False,False,True,False,False
1,0.0,0.55,0.22630111524163565,0,0.4517857142857143,0.9999999999999999,0.03,0.03,False,False,True,False,True,False,False,False
0,0.4534769833496572,0.5722222222222222,0.35269516728624534,0,0.3964285714285714,0.9999999999999999,0.26,0.452,False,False,True,False,True,False,False,False
0,0.5,0.5,0.5,0,0.4517857142857143,0.9999999999999999,0.0,0.995,True,False,False,False,False,False,True,False
0,0.5,0.5,0.5,0,0.19857142857142854,0.9999999999999999,0.08,0.096,False,False,False,True,False,True,False,False
1,0.5465230166503428,0.4277777777777778,0.6473048327137547,0,0.4660714285714286,0.9999999999999999,0.0,0.989,True,False,False,False,False,False,True,False
1,0.14226248775710088,0.6944444444444444,0.23745353159851296,0,1.7857142857142855e-05,0.9999999999999999,1.0,0.0,False,True,False,False,False,False,False,True
1,0.4240940254652302,0.6055555555555555,0.5302044609665427,0,0.5053571428571428,0.9999999999999999,0.01,0.898,True,False,False,False,False,True,False,False
0,0.5,0.5,0.5,0,0.1778392857142857,0.9999999999999999,0.0,0.0,False,True,False,False,False,False,True,False
0,0.5734573947110676,0.4777777777777778,0.4865241635687732,0,0.5249999999999999,0.9999999999999999,0.0,0.999,False,False,True,False,True,False,False,False
1,0.6297747306562194,0.11111111111111116,0.7644052044609666,1,0.5125,0.9999999999999999,0.0,0.999,False,False,False,True,False,True,False,False
1,0.1398139079333986,0.6944444444444444,0.3503717472118959,1,0.36071428571428565,0.9999999999999999,0.11,0.287,False,False,True,False,False,False,False,True
1,0.35798237022526935,0.6722222222222223,0.6486988847583643,1,0.5249999999999999,0.9999999999999999,0.0,1.0,True,False,False,False,False,False,True,False
0,0.6420176297747306,0.3277777777777778,0.35130111524163565,1,0.5035714285714286,0.5628810942972171,0.0,0.999,False,False,True,False,True,False,False,False
0,0.5734573947110676,0.3611111111111111,0.48141263940520446,0,0.3082142857142857,0.4428774133462572,0.54,0.431,False,False,True,False,True,False,False,False
0,0.5394221351616063,0.8,0.4851301115241636,0,0.4535714285714285,0.4940034239228681,0.01,0.837,False,True,False,False,False,False,False,True
0,0.5,0.5,0.5,0,0.37857142857142856,0.9999999999999999,0.07,0.446,False,False,False,True,False,True,False,False
0,0.5,0.5,0.5,0,0.25375,0.9999999999999999,0.0,0.0,True,False,False,False,False,False,True,False
0,0.5,0.5,0.5,0,0.7678571428571428,0.9999999999999999,0.0,0.0,False,False,False,True,False,True,False,False
1,0.43119490695396673,0.5555555555555556,0.262546468401487,1,0.5035714285714286,0.9999999999999999,0.05,0.986,False,False,True,False,True,False,False,False
0,0.6177766895200784,0.6222222222222222,0.6342936802973977,1,0.3267857142857143,0.45576234525990195,0.09,0.015,False,False,True,False,False,False,False,True
0,0.5,0.5,0.5,0,0.3071428571428571,0.9999999999999999,0.0,0.0,False,False,True,False,True,False,False,False
0,0.5,0.5,0.5,0,1.7857142857142855e-05,0.9999999999999999,0.36,0.017,False,False,True,False,True,False,False,False
0,0.2573457394711067,0.7277777777777777,0.2774163568773234,1,0.30499999999999994,0.9999999999999999,0.03,0.0,False,True,False,False,False,False,True,False
0,0.5,0.5,0.5,0,0.12919642857142857,0.9999999999999999,0.0,0.0,False,True,False,False,False,False,False,True
0,0.46547502448579825,0.5222222222222223,0.4990706319702602,0,0.4107142857142857,0.5812660499980007,0.02,0.005,False,True,False,False,False,False,True,False
1,0.46547502448579825,0.5222222222222223,0.4990706319702602,0,0.0,0.9999999999999999,0.0,0.0,False,True,False,False,False,False,True,False
0,0.5,0.5,0.5,0,0.12760714285714284,0.9999999999999999,0.0,0.0,False,False,False,True,False,True,False,False
0,0.46547502448579825,0.48333333333333334,0.4972118959107807,0,0.02333928571428571,0.9999999999999999,0.29,0.03,True,False,False,False,False,False,True,False
0,0.5002448579823702,0.4777777777777778,0.6900557620817844,1,0.00021428571428571427,0.3760014694105996,1.0,0.002,False,True,False,False,True,False,False,False
1,0.24265426052889322,0.5444444444444444,0.23605947955390333,0,0.6607142857142857,0.9999999999999999,0.0,0.0,False,True,False,False,False,False,True,False
1,0.3947110675808031,0.9611111111111111,0.27788104089219334,1,0.625,0.9999999999999999,0.01,0.572,False,False,True,False,False,False,False,True
0,0.3947110675808031,0.9611111111111111,0.27788104089219334,1,0.42321428571428565,0.9999999999999999,0.17,0.246,False,False,True,False,False,False,False,True
1,0.14201762977473065,0.7166666666666667,0.04739776951672858,1,0.007821428571428571,0.9999999999999999,0.11,0.01,True,False,False,False,False,False,False,True
1,0.37022526934378064,0.8888888888888888,0.23559479553903345,1,0.5339285714285714,0.5607190938603026,0.0,1.0,False,True,False,False,False,False,False,True
0,0.5,0.5,0.5,0,7.142857142857142e-05,0.5965320534833191,0.0,0.0,False,False,False,True,False,True,False,False
1,0.5394221351616063,0.8,0.4851301115241636,0,0.6071428571428571,0.9999999999999999,0.0,1.0,False,True,False,False,False,False,False,True
1,0.43119490695396673,0.5555555555555556,0.262546468401487,1,0.6071428571428571,0.9999999999999999,0.0,0.882,False,False,True,False,True,False,False,False
0,0.5,0.5,0.5,0,0.4821428571428571,0.9999999999999999,0.0,0.0,False,False,False,True,False,True,False,False
1,0.056317335945151814,0.5722222222222222,0.23698884758364308,0,0.17407142857142854,0.9999999999999999,0.0,0.0,False,True,False,False,True,False,False,False
0,0.43119490695396673,0.5555555555555556,0.262546468401487,1,0.3982142857142857,0.5628075135810888,0.23,0.034,False,False,True,False,True,False,False,False
0,0.539177277179236,0.07222222222222224,0.35176579925650553,1,0.024785714285714282,0.9999999999999999,0.55,0.0,False,False,False,True,True,False,False,False
0,0.5,0.5,0.5,0,0.01319642857142857,0.9999999999999999,0.0,0.0,True,False,False,False,False,False,False,True
1,0.5639079333986288,0.7555555555555555,0.5139405204460967,0,0.4821428571428571,0.9999999999999999,0.16,0.82,False,True,False,False,False,False,False,True
0,0.5,0.5,0.5,0,0.15535714285714283,0.5965959603592975,0.0,0.0,False,False,False,True,True,False,False,False
0,0.5345249755142018,0.5166666666666666,0.5027881040892194,0,0.010553571428571428,0.3906652132243917,0.46,0.013,False,False,True,False,True,False,False,False
1,0.4975514201762977,0.5,0.6226765799256506,1,0.42321428571428565,0.9999999999999999,0.0,0.228,False,False,True,False,True,False,False,False
1,0.5244857982370226,0.45555555555555555,0.5288104089219331,0,0.49107142857142855,0.9999999999999999,0.0,0.798,False,False,False,True,False,True,False,False
0,0.539177277179236,0.35555555555555557,0.4851301115241636,0,0.39999999999999997,0.9999999999999999,0.14,0.0,False,False,True,False,False,False,False,True
0,0.5,0.5,0.5,0,0.09542857142857143,0.9999999999999999,0.0,0.0,False,False,False,True,False,True,False,False
1,0.43119490695396673,0.5555555555555556,0.262546468401487,1,0.5089285714285714,0.9999999999999999,0.0,0.33,False,False,True,False,True,False,False,False
0,0.5,0.5,0.5,0,0.00014285714285714284,0.5966083115139372,0.24,0.029,False,True,False,False,False,False,False,True
0,0.5,0.5,0.5,0,0.32535714285714284,0.9999999999999999,0.0,0.0,False,False,True,False,False,True,False,False
1,0.1398139079333986,0.6944444444444444,0.3503717472118959,1,0.7678571428571428,0.9999999999999999,0.0,0.0,False,False,True,False,False,False,False,True
1,0.6077375122428991,0.5166666666666666,0.5190520446096655,0,0.4892857142857142,0.9999999999999999,0.0,1.0,False,False,True,False,False,False,False,True
0,0.5,0.5,0.5,0,0.08401785714285714,0.9999999999999999,0.13,0.209,False,True,False,False,False,False,False,True
0,0.5,0.5,0.5,0,0.49107142857142855,0.9999999999999999,0.0,0.963,False,True,False,False,False,False,False,True
1,0.5734573947110676,0.4777777777777778,0.4865241635687732,0,0.5285714285714286,0.9999999999999999,0.0,1.0,False,False,True,False,True,False,False,False
0,0.5,0.5,0.5,0,0.22303571428571428,0.9999999999999999,0.9,0.35,False,True,False,False,False,False,False,True
1,0.14201762977473065,0.7166666666666667,0.04739776951672858,1,0.9642857142857142,0.5290209591318383,0.0,0.0,True,False,False,False,False,False,False,True
1,0.5734573947110676,0.07222222222222224,0.37267657992565056,1,0.5,0.9999999999999999,0.0,0.953,False,False,False,True,True,False,False,False
0,0.5,0.5,0.5,0,0.0033928571428571428,0.9999999999999999,0.05,0.099,False,False,True,False,True,False,False,False
0,0.5,0.5,0.5,0,0.0,0.9999999999999999,0.0,0.0,True,False,False,False,False,False,True,False
1,0.0,0.55,0.22630111524163565,0,0.6607142857142857,0.5965033654592554,0.0,0.0,False,False,True,False,True,False,False,False
1,0.6297747306562194,0.11111111111111116,0.7644052044609666,1,0.0,0.9999999999999999,0.0,0.0,False,False,False,True,False,True,False,False
1,0.0734573947110676,0.75,0.0,1,0.5892857142857143,0.9999999999999999,0.0,0.991,False,True,False,False,False,False,False,True
1,0.14226248775710088,0.6944444444444444,0.23745353159851296,0,0.4446428571428571,0.9999999999999999,0.55,0.85,False,True,False,False,False,False,False,True
1,0.4262977473065622,0.3555555555555556,0.4934944237918215,0,0.46249999999999997,0.9999999999999999,0.0,0.799,False,False,False,True,False,True,False,False
1,0.4363369245837414,0.39444444444444443,0.5896840148698885,1,0.47678571428571426,0.9999999999999999,0.0,1.0,False,False,False,True,False,True,False,False
1,0.43609206660137123,0.24444444444444446,0.48605947955390333,0,0.6607142857142857,0.9999999999999999,0.0,0.0,False,False,False,True,False,True,False,False
0,0.5,0.5,0.5,0,0.010642857142857141,0.9999999999999999,0.0,0.0,False,True,False,False,False,False,False,True
1,0.14226248775710088,0.6944444444444444,0.23745353159851296,0,0.0,0.9999999999999999,0.0,0.0,False,True,False,False,False,False,False,True
1,0.1398139079333986,0.6944444444444444,0.3503717472118959,1,0.10841071428571428,0.9999999999999999,0.39,0.046,False,False,True,False,False,False,False,True
0,0.6052889324191969,0.03888888888888886,0.7221189591078067,1,0.47857142857142854,0.5181855358743629,0.0,0.986,False,False,False,True,False,False,True,False
0,0.5,0.5,0.5,0,0.130125,0.9999999999999999,0.0,0.0,False,True,False,False,True,False,False,False
0,0.5,0.5,0.5,0,0.15148214285714287,0.5628009187514048,0.0,0.0,False,False,False,True,False,True,False,False
1,0.1398139079333986,0.6944444444444444,0.3503717472118959,1,0.625,0.5923992232004445,0.0,0.0,False,False,True,False,False,False,False,True
0,0.5,0.5,0.5,0,0.33375,0.9999999999999999,0.01,0.209,False,True,False,False,False,False,False,True
1,0.4534769833496572,0.5722222222222222,0.35269516728624534,0,0.5267857142857143,0.5965657682601593,0.13,0.913,False,False,True,False,True,False,False,False
1,0.6297747306562194,0.11111111111111116,0.7644052044609666,1,0.4803571428571428,0.9999999999999999,0.0,0.986,False,False,False,True,False,True,False,False
1,0.5244857982370226,0.45555555555555555,0.5288104089219331,0,0.5535714285714285,0.5964462838888507,0.01,0.908,False,False,False,True,False,True,False,False
0,0.5,0.5,0.5,0,0.29875,0.42223741777998425,0.0,0.0,False,True,False,False,False,False,False,True
1,0.5734573947110676,0.7,0.2736988847583643,1,0.625,0.9999999999999999,0.0,1.0,False,True,False,False,False,False,False,True
1,0.6420176297747306,0.3277777777777778,0.35130111524163565,1,0.44821428571428573,0.5431573712868171,0.0,0.823,False,False,True,False,True,False,False,False
1,0.44588638589618024,0.48333333333333334,0.2760223048327137,1,0.4875,0.9999999999999999,0.0,0.999,False,True,False,False,False,False,True,False
0,0.49779627815866795,0.4777777777777778,0.8029739776951673,1,0.4464285714285714,0.2636888263425428,0.07,0.983,False,False,True,False,True,False,False,False
1,0.24265426052889322,0.5444444444444444,0.23605947955390333,0,0.6071428571428571,0.9999999999999999,0.0,1.0,False,True,False,False,True,False,False,False
1,0.4975514201762977,0.5,0.6226765799256506,1,0.49821428571428567,0.5627302636265712,0.0,1.0,False,False,True,False,True,False,False,False
0,0.5394221351616063,0.6833333333333333,0.47165427509293684,0,0.44821428571428573,0.9999999999999999,0.0,0.903,False,True,False,False,False,False,True,False
0,0.5,0.5,0.5,0,0.19035714285714284,0.9999999999999999,0.0,0.0,False,True,False,False,False,False,False,True
0,0.4534769833496572,0.5722222222222222,0.35269516728624534,0,0.4660714285714286,0.484369515211603,0.06,0.456,False,False,True,False,True,False,False,False
1,0.7426542605288933,0.27222222222222225,0.7225836431226766,1,0.48392857142857143,0.5960465212549348,0.0,1.0,False,False,True,False,True,False,False,False
1,0.0,0.55,0.22630111524163565,0,0.75,0.9999999999999999,0.0,0.0,False,False,True,False,True,False,False,False
0,0.5,0.5,0.5,0,0.2244642857142857,0.9999999999999999,0.49,0.516,True,False,False,False,False,False,True,False
1,0.5612144955925563,0.14444444444444443,0.733271375464684,1,0.4589285714285714,0.9999999999999999,0.0,0.889,False,False,False,True,False,False,True,False
1,0.46057786483839375,0.2,0.5148698884758364,0,0.5160714285714285,0.9999999999999999,0.0,0.977,False,False,False,True,False,True,False,False
1,0.4240940254652302,0.6055555555555555,0.5302044609665427,0,0.5535714285714285,0.9999999999999999,0.0,0.991,True,False,False,False,False,True,False,False
0,0.5,0.5,0.5,0,0.0034821428571428573,0.5964008372855509,0.0,0.0,False,False,False,True,False,True,False,False
1,0.5,0.5,0.5,0,0.18482142857142855,0.5598949697668543,0.0,0.0,False,False,True,False,False,False,False,True
1,0.17874632713026445,0.2888888888888889,0.22211895910780666,0,0.30874999999999997,0.5965486636428291,0.0,0.308,False,False,False,True,True,False,False,False
0,0.45592556317335947,0.6444444444444444,0.5130111524163569,0,0.4107142857142857,0.5946606128199097,0.06,0.004,False,False,True,False,False,False,False,True
0,0.5,0.5,0.5,0,0.2805357142857143,0.21488624756556937,0.0,0.0,False,True,False,False,False,False,False,True
1,0.5318315377081293,0.34444444444444444,0.49117100371747213,0,0.4607142857142857,0.9999999999999999,0.0,0.449,False,True,False,False,True,False,False,False
0,0.43364348677766895,0.6777777777777778,0.30762081784386613,1,0.005089285714285714,0.42646432955958136,0.27,0.034,True,False,False,False,False,True,False,False
1,0.24265426052889322,0.5444444444444444,0.23605947955390333,0,0.2317857142857143,0.5948957219771995,0.09,0.149,False,True,False,False,False,False,True,False
1,0.6420176297747306,0.3277777777777778,0.35130111524163565,1,0.4535714285714285,0.9999999999999999,0.03,1.0,False,False,True,False,True,False,False,False
1,0.46547502448579825,0.5222222222222223,0.29879182156133827,1,0.35446428571428573,0.4327285968028246,0.42,0.284,False,False,True,False,False,False,False,True
1,0.3528403525954946,0.30000000000000004,0.5092936802973977,0,0.5089285714285714,0.5966319219467631,0.0,0.969,False,False,False,True,False,True,False,False
0,0.5,0.5,0.5,0,0.22875,0.16451725393598854,0.0,0.0,False,True,False,False,False,False,False,True
0,0.5,0.5,0.5,0,0.08682142857142856,0.5026233911138088,0.0,0.0,False,False,True,False,True,False,False,False
0,0.5,0.5,0.5,0,0.41428571428571426,0.9999999999999999,0.01,0.837,False,False,False,True,False,True,False,False
1,0.566356513222331,0.3222222222222222,0.6923791821561338,1,0.43392857142857144,0.9999999999999999,0.17,0.594,False,True,False,False,True,False,False,False
0,0.5,0.5,0.5,0,0.2783928571428571,0.9999999999999999,0.0,0.0,False,True,False,False,False,False,False,True
0,0.5,0.5,0.5,0,0.0,0.9999999999999999,0.0,0.0,False,False,True,False,True,False,False,False
1,0.5541136141038198,0.5166666666666666,0.7239776951672863,1,0.0,0.9999999999999999,0.0,0.0,False,False,True,False,False,True,False,False
0,0.5,0.5,0.5,0,0.05889285714285714,0.5627306904220739,0.0,0.0,True,False,False,False,False,True,False,False
1,0.9265426052889324,0.25,1.0,1,0.0,0.9999999999999999,0.0,0.0,False,False,False,True,False,True,False,False
1,0.35798237022526935,0.6722222222222223,0.6486988847583643,1,0.44107142857142856,0.9999999999999999,0.01,1.0,True,False,False,False,False,False,True,False
0,0.5,0.5,0.5,0,0.007839285714285714,0.9999999999999999,0.3,0.029,False,False,False,True,False,True,False,False
1,0.056317335945151814,0.5722222222222222,0.23698884758364308,0,0.1732857142857143,0.9999999999999999,0.0,0.0,False,True,False,False,True,False,False,False
0,0.5,0.5,0.5,0,0.2726785714285714,0.9999999999999999,0.13,0.931,False,True,False,False,False,False,False,True
1,0.6762977473065622,0.3277777777777778,0.3722118959107807,1,0.5714285714285714,0.5628296249932655,0.0,1.0,False,False,True,False,True,False,False,False
1,0.4755142017629775,0.5444444444444444,0.4711895910780669,0,0.4660714285714286,0.5966299641696886,0.02,1.0,False,True,False,False,False,False,False,True
1,0.42140058765915767,0.6277777777777778,0.5102230483271375,0,0.2926785714285714,0.9999999999999999,0.19,0.375,True,False,False,False,False,False,True,False
0,0.5785994123408423,0.37222222222222223,0.48977695167286245,0,5.357142857142857e-05,0.9999999999999999,0.73,0.008,False,False,True,False,True,False,False,False
0,0.5,0.5,0.5,0,0.25839285714285715,0.9999999999999999,0.0,0.0,False,True,False,False,False,False,False,True
1,0.5661116552399609,0.35,0.487453531598513,0,0.40892857142857136,0.9999999999999999,0.01,0.0,False,False,True,False,True,False,False,False
1,0.1398139079333986,0.6944444444444444,0.3503717472118959,1,0.6071428571428571,0.9999999999999999,0.0,0.998,False,False,True,False,False,False,False,True
0,0.5,0.5,0.5,0,0.12860714285714284,0.9999999999999999,0.0,0.0,False,True,False,False,False,False,False,True
1,0.5734573947110676,0.4777777777777778,0.4865241635687732,0,0.41428571428571426,0.9999999999999999,0.03,0.399,False,False,True,False,True,False,False,False
1,0.4657198824681685,0.5,0.479089219330855,0,0.20446428571428568,0.9999999999999999,0.0,0.0,False,False,True,False,False,False,False,True
0,0.5,0.5,0.5,0,0.009660714285714286,0.9999999999999999,0.0,0.0,False,False,True,False,True,False,False,False
0,0.5,0.5,0.5,0,0.0006071428571428572,0.5627931648633485,0.0,0.0,False,False,False,True,False,True,False,False
1,0.4363369245837414,0.39444444444444443,0.5896840148698885,1,0.4321428571428571,0.9999999999999999,0.0,0.999,False,False,False,True,False,True,False,False
1,0.14226248775710088,0.6944444444444444,0.23745353159851296,0,0.34875,0.9999999999999999,0.0,0.229,False,True,False,False,False,False,False,True
0,0.5734573947110676,0.7,0.2736988847583643,1,0.6071428571428571,0.3774637350354571,0.0,0.997,False,True,False,False,False,False,False,True
1,0.7426542605288933,0.27222222222222225,0.7225836431226766,1,0.5232142857142857,0.9999999999999999,0.0,1.0,False,False,True,False,True,False,False,False
0,0.5,0.5388888888888889,0.5018587360594795,0,0.015053571428571427,0.5425410158577694,0.05,0.021,False,True,False,False,True,False,False,False
0,0.4975514201762977,0.5,0.6226765799256506,1,0.47678571428571426,0.3393924566611995,0.3,0.986,False,False,True,False,True,False,False,False
0,0.5296278158667973,0.7888888888888889,0.5195167286245354,0,0.3839285714285714,0.9999999999999999,0.06,0.499,False,True,False,False,False,False,False,True
0,0.49779627815866795,0.4777777777777778,0.8029739776951673,1,7.142857142857142e-05,0.9999999999999999,0.55,0.019,False,False,True,False,True,False,False,False
1,0.6420176297747306,0.2055555555555556,0.370817843866171,1,0.4303571428571429,0.9999999999999999,0.08,0.675,False,True,False,False,True,False,False,False
0,0.5,0.5,0.5,0,0.16539285714285715,0.9999999999999999,0.0,0.0,False,False,True,False,False,True,False,False
1,0.4755142017629775,0.5444444444444444,0.4711895910780669,0,0.45535714285714285,0.9999999999999999,0.03,0.992,False,True,False,False,False,False,False,True
1,0.4167482859941234,0.5944444444444444,0.525092936802974,0,0.4660714285714286,0.458723696631751,0.02,1.0,False,False,False,True,True,False,False,False
1,0.14226248775710088,0.6944444444444444,0.23745353159851296,0,0.1214642857142857,0.9999999999999999,0.2,0.003,False,True,False,False,False,False,False,True
1,0.5734573947110676,0.7,0.2736988847583643,1,0.625,0.4616856983581723,0.0,0.958,False,True,False,False,False,False,False,True
0,0.5,0.5,0.5,0,0.18892857142857142,0.3691645321101288,0.0,0.0,False,False,True,False,True,False,False,False
1,0.49779627815866795,0.4777777777777778,0.8029739776951673,1,0.5892857142857143,0.9999999999999999,0.0,0.968,False,False,True,False,True,False,False,False
0,0.5,0.5,0.5,0,0.0015357142857142854,0.9999999999999999,0.0,0.0,False,False,False,True,True,False,False,False
1,0.5734573947110676,0.7,0.2736988847583643,1,0.5321428571428571,0.4757057968780692,0.0,1.0,False,True,False,False,False,False,False,True
0,0.5636630754162586,0.6055555555555555,0.4103159851301115,1,0.41607142857142854,0.28968829415871,1.0,0.836,False,True,False,False,False,False,False,True
1,0.49779627815866795,0.4777777777777778,0.8029739776951673,1,0.6071428571428571,0.9999999999999999,0.0,0.998,False,False,True,False,True,False,False,False
0,0.5,0.5,0.5,0,0.0003928571428571428,0.9999999999999999,0.0,0.0,True,False,False,False,False,True,False,False
1,0.4265426052889324,0.6388888888888888,0.5185873605947956,0,0.4107142857142857,0.3706070487696326,0.09,0.561,True,False,False,False,False,False,True,False
1,0.5541136141038198,0.5166666666666666,0.7239776951672863,1,0.41428571428571426,0.9999999999999999,0.08,0.749,False,False,True,False,False,True,False,False
1,0.5394221351616063,0.8,0.4851301115241636,0,0.4660714285714286,0.9999999999999999,0.0,0.936,False,True,False,False,False,False,False,True
0,0.5394221351616063,0.8,0.4851301115241636,0,0.42142857142857143,0.9999999999999999,0.05,0.0,False,True,False,False,False,False,False,True
1,0.5,0.5,0.5,0,0.49821428571428567,0.9999999999999999,0.0,0.984,False,False,True,False,True,False,False,False
0,0.6349167482859941,0.2888888888888889,0.7397769516728625,1,0.4125,0.9999999999999999,0.05,0.331,False,True,False,False,False,False,True,False
1,0.42140058765915767,0.6277777777777778,0.5102230483271375,0,0.0,0.9999999999999999,0.0,0.0,True,False,False,False,False,False,True,False
0,0.5,0.5,0.5,0,0.0006785714285714286,0.9999999999999999,0.57,0.009,False,False,False,True,False,True,False,False
1,0.5737022526934378,0.6444444444444444,0.5065055762081785,0,0.5892857142857143,0.5961993373197719,0.0,0.997,False,True,False,False,False,False,False,True
1,0.20323212536728696,0.3611111111111111,0.2644052044609665,0,0.5892857142857143,0.9999999999999999,0.0,0.0,False,False,False,True,True,False,False,False
1,0.6762977473065622,0.3277777777777778,0.3722118959107807,1,0.5142857142857142,0.9999999999999999,0.0,0.663,False,False,True,False,True,False,False,False
1,0.0,0.55,0.22630111524163565,0,0.9107142857142857,0.9999999999999999,0.0,0.0,False,False,True,False,True,False,False,False
0,0.35308521057786485,0.711111111111111,0.4725836431226766,0,0.3142857142857143,0.4954348603303569,0.12,0.014,True,False,False,False,False,False,True,False
0,0.5,0.5,0.5,0,0.19767857142857143,0.5966292300235898,0.0,0.0,False,True,False,False,False,False,False,True
0,0.5,0.5,0.5,0,0.0005357142857142856,0.9999999999999999,0.3,0.3,False,False,False,True,False,True,False,False
1,0.5734573947110676,0.3611111111111111,0.48141263940520446,0,0.6071428571428571,0.5291247708434659,0.0,0.998,False,False,True,False,True,False,False,False
1,0.0,0.55,0.22630111524163565,0,0.7321428571428571,0.9999999999999999,0.0,0.0,False,False,True,False,True,False,False,False
0,0.5541136141038198,0.5166666666666666,0.7239776951672863,1,0.4446428571428571,0.3805237463300153,0.0,0.864,False,False,True,False,False,True,False,False
1,0.7426542605288933,0.27222222222222225,0.7225836431226766,1,0.4464285714285714,0.9999999999999999,0.04,0.705,False,False,True,False,True,False,False,False
0,0.4534769833496572,0.5722222222222222,0.35269516728624534,0,0.38749999999999996,0.43798824688625937,0.17,0.005,False,False,True,False,True,False,False,False
1,0.14226248775710088,0.6944444444444444,0.23745353159851296,0,0.18410714285714286,0.9999999999999999,0.19,0.001,False,True,False,False,False,False,False,True
0,0.5,0.5,0.5,0,0.004107142857142857,0.9999999999999999,0.0,0.0,True,False,False,False,False,False,True,False
1,0.4265426052889324,0.30000000000000004,0.7263011152416357,1,0.48571428571428565,0.9999999999999999,0.0,0.998,False,False,False,True,False,True,False,False
0,0.5,0.5,0.5,0,0.16710714285714287,0.5965137400265592,0.0,0.0,False,True,False,False,False,False,False,True
0,0.5,0.5,0.5,0,0.09294642857142857,0.3431472668968567,0.0,0.0,False,False,False,True,False,True,False,False
0,0.5024485798237023,0.5,0.3870817843866171,1,0.22732142857142856,0.9999999999999999,0.03,0.005,False,True,False,False,False,False,True,False
1,0.38222331047992164,0.5777777777777778,0.5223048327137546,0,0.4303571428571429,0.9999999999999999,0.01,0.1,False,False,False,True,False,False,True,False
1,0.5296278158667973,0.7888888888888889,0.5195167286245354,0,0.4303571428571429,0.9999999999999999,0.0,0.065,False,True,False,False,False,False,False,True
1,0.1398139079333986,0.6944444444444444,0.3503717472118959,1,0.2564285714285714,0.5966145494268186,0.52,0.005,False,False,True,False,False,False,False,True
1,0.47037218413320275,0.21111111111111114,0.4804832713754647,0,0.5089285714285714,0.9999999999999999,0.0,0.998,False,False,False,True,False,True,False,False
0,0.5,0.5,0.5,0,0.08616071428571428,0.9999999999999999,1.0,0.004,False,True,False,False,False,False,False,True
0,0.5,0.5,0.5,0,0.4464285714285714,0.9999999999999999,0.01,0.966,True,False,False,False,False,False,True,False
0,0.3971596474045054,0.2444444444444444,0.5004646840148699,0,0.0013928571428571427,0.42738810936202215,1.0,0.005,False,False,False,True,False,False,True,False
1,0.47771792360430954,0.48333333333333334,0.40985130111524165,1,0.01894642857142857,0.4681152017460787,0.0,0.0,False,False,False,True,False,False,True,False
0,0.5,0.5,0.5,0,0.010053571428571427,0.20323431883683826,0.0,0.0,False,True,False,False,False,False,False,True
0,0.5345249755142018,0.5166666666666666,0.5027881040892194,0,0.30749999999999994,0.5116997935597181,0.5,0.012,False,False,True,False,True,False,False,False
1,0.1398139079333986,0.6944444444444444,0.3503717472118959,1,0.4321428571428571,0.9999999999999999,0.05,0.918,False,False,True,False,False,False,False,True
0,0.4975514201762977,0.5,0.6226765799256506,1,0.6071428571428571,0.9999999999999999,0.03,0.999,False,False,True,False,True,False,False,False
0,0.5,0.5,0.5,0,0.030696428571428572,0.9999999999999999,0.0,0.0,False,True,False,False,False,False,False,True
1,0.0734573947110676,0.75,0.0,1,0.18982142857142859,0.5965238726209989,0.04,0.311,True,False,False,False,False,False,False,True
1,0.2573457394711067,0.7277777777777777,0.2774163568773234,1,0.5535714285714285,0.9999999999999999,0.0,1.0,True,False,False,False,False,False,True,False
0,0.5,0.5,0.5,0,0.2760714285714286,0.9999999999999999,0.0,0.0,False,False,True,False,True,False,False,False
1,0.6077375122428992,0.2055555555555556,0.349907063197026,1,0.5892857142857143,0.9999999999999999,0.01,0.998,False,True,False,False,True,False,False,False
1,0.38222331047992164,0.37777777777777777,0.3657063197026022,1,0.4892857142857142,0.562880727339954,0.0,1.0,False,False,False,True,False,False,True,False
1,0.38222331047992164,0.5777777777777778,0.5223048327137546,0,0.5535714285714285,0.9999999999999999,0.0,0.999,False,False,False,True,False,False,True,False
1,0.17874632713026445,0.2888888888888889,0.22211895910780666,0,0.5125,0.9999999999999999,0.0,0.964,False,False,False,True,True,False,False,False
1,0.24265426052889322,0.5444444444444444,0.23605947955390333,0,0.6607142857142857,0.9999999999999999,0.0,0.0,False,True,False,False,True,False,False,False
0,0.4975514201762977,0.5,0.6226765799256506,1,0.3233928571428571,0.9999999999999999,0.01,0.057,False,False,True,False,True,False,False,False
1,0.1398139079333986,0.6944444444444444,0.3503717472118959,1,0.6428571428571428,0.9999999999999999,0.0,0.0,False,False,True,False,False,False,False,True
1,0.29676787463271304,0.6888888888888889,0.46189591078066916,0,0.4517857142857143,0.9999999999999999,0.0,0.971,False,False,True,False,False,False,False,True
1,0.24265426052889322,0.5444444444444444,0.23605947955390333,0,0.625,0.5966288629546934,0.0,0.0,False,True,False,False,False,False,True,False
1,0.056317335945151814,0.5722222222222222,0.23698884758364308,0,0.16335714285714284,0.9999999999999999,0.0,0.0,False,True,False,False,True,False,False,False
1,0.7426542605288933,0.27222222222222225,0.7225836431226766,1,0.49642857142857144,0.529171252509231,0.0,0.997,False,False,True,False,True,False,False,False
1,0.0734573947110676,0.75,0.0,1,0.7142857142857142,0.9999999999999999,0.0,0.0,False,True,False,False,False,False,False,True
0,0.37022526934378064,0.8888888888888888,0.23559479553903345,1,0.375,0.3394901378908497,0.15,0.005,False,True,False,False,False,False,False,True
0,0.5,0.5,0.5,0,0.003196428571428571,0.9999999999999999,0.0,0.0,True,False,False,False,False,False,False,True
0,0.33080313418217433,0.7055555555555555,0.2639405204460966,1,0.42142857142857143,0.9999999999999999,0.01,0.771,True,False,False,False,False,False,False,True
1,0.056317335945151814,0.5722222222222222,0.23698884758364308,0,0.6071428571428571,0.9999999999999999,0.0,0.0,False,False,False,True,False,False,True,False
1,0.24265426052889322,0.5444444444444444,0.23605947955390333,0,0.7142857142857142,0.9999999999999999,0.0,0.0,False,True,False,False,True,False,False,False
1,0.056317335945151814,0.5722222222222222,0.23698884758364308,0,0.6785714285714285,0.9999999999999999,0.0,0.0,False,True,False,False,False,False,True,False
1,0.6447110675808031,0.3388888888888889,0.7072490706319703,1,0.44821428571428573,0.9999999999999999,0.0,0.999,False,True,False,False,False,False,True,False
1,0.46057786483839375,0.2,0.5148698884758364,0,0.4446428571428571,0.9999999999999999,0.0,0.988,False,False,False,True,False,True,False,False
1,0.5737022526934378,0.6444444444444444,0.5065055762081785,0,0.4732142857142857,0.9999999999999999,0.0,0.997,False,True,False,False,False,False,False,True
1,0.502203721841332,0.5222222222222223,0.19702602230483268,1,0.4321428571428571,0.9999999999999999,0.0,0.999,True,False,False,False,False,False,True,False
0,0.5,0.5,0.5,0,0.006053571428571429,0.9999999999999999,0.11,0.373,False,False,False,True,False,True,False,False
0,0.47037218413320275,0.21111111111111114,0.4804832713754647,0,0.25285714285714284,0.9999999999999999,0.14,0.386,False,False,False,True,False,True,False,False
1,0.4262977473065622,0.3555555555555556,0.4934944237918215,0,0.4464285714285714,0.5966122254050396,0.0,0.997,False,False,False,True,False,True,False,False
1,0.056317335945151814,0.5722222222222222,0.23698884758364308,0,0.0,0.9999999999999999,0.0,0.0,False,True,False,False,True,False,False,False
1,0.3552889324191969,0.6611111111111111,0.2927509293680297,1,0.4446428571428571,0.9999999999999999,0.11,0.898,False,False,True,False,False,True,False,False
1,0.17874632713026445,0.2888888888888889,0.22211895910780666,0,0.6785714285714285,0.9999999999999999,0.0,0.0,False,False,False,True,False,False,True,False
1,0.14226248775710088,0.6944444444444444,0.23745353159851296,0,0.28428571428571425,0.9999999999999999,0.04,0.267,False,True,False,False,False,False,False,True
1,0.40181194906953965,0.5888888888888889,0.4400557620817844,1,0.475,0.9999999999999999,0.0,1.0,True,False,False,False,False,True,False,False
0,0.5465230166503428,0.4277777777777778,0.6473048327137547,0,1.7857142857142855e-05,0.9999999999999999,0.21,0.008,True,False,False,False,False,False,True,False
1,1.0,0.45,0.7736988847583643,0,0.0,0.9999999999999999,0.0,0.0,True,False,False,False,False,False,True,False
1,0.4387855044074437,0.8555555555555556,0.266728624535316,1,0.5892857142857143,0.5964862827562973,0.0,1.0,False,False,True,False,False,False,False,True
0,0.5,0.5,0.5,0,0.3025,0.9999999999999999,0.0,0.0,False,False,True,False,False,True,False,False
0,0.5,0.5,0.5,0,0.18428571428571427,0.529133024213267,0.0,0.0,False,False,False,True,False,True,False,False
1,0.5024485798237023,0.5,0.37732342007434944,1,0.3982142857142857,0.9999999999999999,0.03,0.183,True,False,False,False,False,False,True,False
1,0.5639079333986288,0.7555555555555555,0.5139405204460967,0,0.625,0.9999999999999999,0.0,0.972,False,True,False,False,False,False,False,True
0,0.5345249755142018,0.5166666666666666,0.5027881040892194,0,0.3767857142857143,0.5094385177910936,0.13,0.306,False,False,True,False,True,False,False,False
1,0.4314397649363369,0.36666666666666664,0.5018587360594795,0,0.5107142857142857,0.9999999999999999,0.0,0.716,False,False,False,True,False,True,False,False
0,0.5,0.5,0.5,0,0.089875,0.9999999999999999,0.0,0.0,False,False,True,False,False,False,False,True
1,0.6297747306562194,0.11111111111111116,0.7644052044609666,1,0.0,0.9999999999999999,0.0,0.0,False,False,False,True,False,True,False,False
0,0.5,0.5,0.5,0,0.17578571428571427,0.9999999999999999,0.12,0.026,False,False,False,True,False,True,False,False
1,0.46057786483839375,0.2,0.5148698884758364,0,0.5196428571428572,0.9999999999999999,0.0,1.0,False,False,False,True,False,True,False,False
1,0.20323212536728696,0.3611111111111111,0.2644052044609665,0,0.41607142857142854,0.9999999999999999,0.0,0.991,False,False,False,True,True,False,False,False
0,0.5,0.5,0.5,0,0.016803571428571428,0.59659754993612,0.0,0.0,True,False,False,False,False,False,True,False
0,0.5,0.5,0.5,0,0.31625,0.9999999999999999,0.01,0.849,True,False,False,False,False,False,True,False
0,0.6420176297747306,0.3277777777777778,0.35130111524163565,1,0.4267857142857142,0.22169387522349296,0.18,0.963,False,False,True,False,True,False,False,False
0,0.6077375122428992,0.2055555555555556,0.349907063197026,1,0.3189285714285714,0.47269765936412905,0.02,0.184,False,True,False,False,True,False,False,False
0,0.5,0.5,0.5,0,0.27035714285714285,0.31001241355300796,0.0,0.0,False,True,False,False,False,False,False,True
1,0.1398139079333986,0.6944444444444444,0.3503717472118959,1,0.4535714285714285,0.9999999999999999,0.0,0.998,False,False,True,False,False,False,False,True
1,0.14226248775710088,0.6944444444444444,0.23745353159851296,0,0.42857142857142855,0.9999999999999999,0.01,0.214,False,True,False,False,False,False,False,True
0,0.5,0.5,0.5,0,0.18571428571428572,0.39658014989886003,0.0,0.0,False,True,False,False,False,False,False,True
0,0.43119490695396673,0.5555555555555556,0.262546468401487,1,0.0047321428571428575,0.9999999999999999,0.06,0.006,False,False,True,False,True,False,False,False
0,0.44123408423114596,0.8888888888888888,0.42518587360594795,1,0.22732142857142856,0.5475198692046409,0.09,0.359,True,False,False,False,False,False,False,True
0,0.5,0.5,0.5,0,0.1421785714285714,0.3919842712483809,0.0,0.0,False,True,False,False,False,False,False,True
1,0.6177766895200784,0.4222222222222222,0.4776951672862454,0,0.4178571428571428,0.9999999999999999,0.15,0.235,False,False,True,False,False,False,False,True
1,0.43119490695396673,0.5555555555555556,0.262546468401487,1,0.625,0.9999999999999999,0.02,1.0,False,False,True,False,True,False,False,False
0,0.5,0.5,0.5,0,0.09187499999999998,0.9999999999999999,0.0,0.0,False,True,False,False,False,False,False,True
1,0.056317335945151814,0.5722222222222222,0.23698884758364308,0,0.0,0.9999999999999999,0.0,0.0,False,False,False,True,False,False,True,False
0,0.42140058765915767,0.6277777777777778,0.5102230483271375,0,0.126625,0.18305641016095,0.7,0.021,True,False,False,False,False,False,True,False
0,0.5,0.5,0.5,0,0.16823214285714283,0.4135575697517439,0.0,0.0,False,True,False,False,False,False,False,True
0,0.4338883447600392,0.65,0.512546468401487,0,0.39464285714285713,0.427749185415398,0.02,0.269,True,False,False,False,False,False,True,False
0,0.5,0.5,0.5,0,0.20714285714285713,0.9999999999999999,0.0,0.0,False,True,False,False,False,False,True,False
1,0.49779627815866795,0.4777777777777778,0.8029739776951673,1,0.8214285714285714,0.9999999999999999,0.0,0.0,False,False,True,False,True,False,False,False
0,0.5,0.5,0.5,0,0.2101785714285714,0.35086039232846883,0.0,0.0,False,True,False,False,False,False,False,True
0,0.5734573947110676,0.7,0.2736988847583643,1,0.2457142857142857,0.9999999999999999,0.0,0.0,False,True,False,False,False,False,False,True
0,0.5,0.5,0.5,0,0.108375,0.5811541901238477,0.0,0.0,False,True,False,False,False,False,False,True
1,0.5244857982370226,0.45555555555555555,0.5288104089219331,0,0.4464285714285714,0.5431671596471989,0.05,0.998,False,False,False,True,False,True,False,False
0,0.5,0.5,0.5,0,0.049178571428571426,0.9999999999999999,0.0,0.0,False,False,False,True,False,True,False,False
0,0.43609206660137123,0.2055555555555556,0.48420074349442377,0,0.29642857142857143,0.037302053616671715,0.2,0.0,False,False,False,True,False,False,True,False
1,0.6420176297747306,0.3277777777777778,0.35130111524163565,1,0.5892857142857143,0.9999999999999999,0.0,1.0,False,False,True,False,True,False,False,False
1,0.0,0.55,0.22630111524163565,0,0.9107142857142857,0.9999999999999999,0.0,0.0,False,False,True,False,True,False,False,False
0,0.5,0.5,0.5,0,0.5,0.9999999999999999,0.0,0.962,False,False,True,False,True,False,False,False
0,0.47037218413320275,0.21111111111111114,0.4804832713754647,0,0.004160714285714286,0.9999999999999999,0.48,0.001,False,False,False,True,False,True,False,False
0,0.5,0.5,0.5,0,0.10226785714285715,0.41122837095253906,0.0,0.0,True,False,False,False,False,False,True,False
0,0.5541136141038198,0.5166666666666666,0.7239776951672863,1,0.3233928571428571,0.9999999999999999,0.01,0.057,False,False,True,False,False,True,False,False
1,0.5734573947110676,0.3611111111111111,0.48141263940520446,0,0.5892857142857143,0.9999999999999999,0.0,1.0,False,False,True,False,True,False,False,False
0,0.5,0.5,0.5,0,0.003339285714285714,0.31092683800899623,0.0,0.0,True,False,False,False,False,False,True,False
0,0.5,0.5,0.5,0,0.4107142857142857,0.9999999999999999,0.01,0.97,True,False,False,False,False,True,False,False
1,0.5734573947110676,0.07222222222222224,0.37267657992565056,1,0.44999999999999996,0.9999999999999999,0.0,0.996,False,False,False,True,True,False,False,False
1,0.0734573947110676,0.75,0.0,1,0.3821428571428571,0.5954634193872185,0.01,0.287,False,True,False,False,False,False,False,True
1,0.6691968658178257,0.29444444444444445,0.7360594795539034,1,0.4732142857142857,0.9999999999999999,0.01,0.589,True,False,False,False,False,True,False,False
1,0.4534769833496572,0.5722222222222222,0.35269516728624534,0,0.5892857142857143,0.9999999999999999,0.0,0.955,False,False,True,False,True,False,False,False
0,0.5,0.5,0.5,0,0.10494642857142857,0.47998567363277184,0.0,0.0,True,False,False,False,False,False,True,False
0,0.4265426052889324,0.30000000000000004,0.7263011152416357,1,1.7857142857142855e-05,0.13925899494862143,0.92,0.0,False,False,False,True,False,True,False,False
1,0.42140058765915767,0.6277777777777778,0.5102230483271375,0,0.17673214285714287,0.5628966313597897,0.08,0.014,True,False,False,False,False,False,True,False
0,0.460822722820764,0.6444444444444444,0.5148698884758365,0,0.28946428571428573,0.5964967757062953,0.3,0.011,False,False,False,True,False,False,True,False
0,0.4755142017629775,0.5444444444444444,0.4711895910780669,0,8.928571428571429e-05,0.9999999999999999,0.7,0.001,False,True,False,False,False,False,False,True
0,0.4265426052889324,0.5222222222222223,0.5134758364312267,0,0.2544642857142857,0.3328345382143591,0.23,0.001,True,False,False,False,False,False,True,False
1,0.4975514201762977,0.5,0.6226765799256506,1,0.0,0.9999999999999999,0.0,0.0,False,False,True,False,True,False,False,False
1,0.056317335945151814,0.5722222222222222,0.23698884758364308,0,0.7321428571428571,0.9999999999999999,0.0,0.0,False,True,False,False,True,False,False,False
1,0.6177766895200784,0.6222222222222222,0.6342936802973977,1,0.5714285714285714,0.9999999999999999,0.03,1.0,False,False,True,False,False,False,False,True
0,0.5,0.5,0.5,0,0.10332142857142856,0.9999999999999999,0.0,0.0,False,False,False,True,False,True,False,False
1,0.4265426052889324,0.5222222222222223,0.5134758364312267,0,0.47678571428571426,0.5431720545657625,0.0,0.921,True,False,False,False,False,False,True,False
0,0.6762977473065622,0.3277777777777778,0.3722118959107807,1,0.41607142857142854,0.43244980618045736,0.05,0.427,False,False,True,False,True,False,False,False
0,0.5,0.5,0.5,0,0.0004821428571428571,0.45854754124476677,0.0,0.0,False,False,False,True,False,True,False,False
0,0.5222820763956905,0.5166666666666666,0.5901486988847584,1,0.021660714285714287,0.9999999999999999,0.0,0.0,False,False,True,False,False,False,False,True
0,0.5,0.5,0.5,0,0.02232142857142857,0.12064640086647156,0.0,0.0,False,True,False,False,False,False,False,True
1,0.14226248775710088,0.6944444444444444,0.23745353159851296,0,0.625,0.9999999999999999,0.0,0.0,False,True,False,False,False,False,False,True
1,0.4755142017629775,0.5444444444444444,0.4711895910780669,0,0.4107142857142857,0.9999999999999999,0.1,0.935,False,True,False,False,False,False,False,True
0,0.568560235063663,0.6333333333333333,0.49814126394052044,0,0.05408928571428571,0.5272942243849836,0.35,0.001,False,True,False,False,False,False,False,True
0,0.4755142017629775,0.5444444444444444,0.4711895910780669,0,0.001589285714285714,0.03756489132527846,0.54,0.003,False,True,False,False,False,False,False,True
1,0.18388834476003918,0.5277777777777778,0.5037174721189591,0,0.4535714285714285,0.9999999999999999,0.0,1.0,False,False,False,True,False,False,True,False
0,0.5,0.5,0.5,0,0.10664285714285715,0.5291470887344494,0.0,0.0,False,False,False,True,False,True,False,False
1,0.3650832517140059,0.711111111111111,0.2602230483271375,1,0.4125,0.9999999999999999,0.1,0.003,False,False,True,False,False,True,False,False
1,0.37022526934378064,0.8888888888888888,0.23559479553903345,1,0.625,0.9999999999999999,0.0,1.0,False,True,False,False,False,False,False,True
1,0.14226248775710088,0.6944444444444444,0.23745353159851296,0,0.5035714285714286,0.9999999999999999,0.0,0.94,False,True,False,False,False,False,False,True
0,0.5,0.5,0.5,0,0.16630357142857144,0.9999999999999999,0.0,0.0,False,False,False,True,False,True,False,False
1,0.7426542605288933,0.27222222222222225,0.7225836431226766,1,0.6071428571428571,0.527987974209333,0.0,1.0,False,False,True,False,True,False,False,False
1,0.20323212536728696,0.3611111111111111,0.2644052044609665,0,0.7857142857142857,0.9999999999999999,0.0,0.0,False,True,False,False,True,False,False,False
0,0.5,0.5,0.5,0,0.0004642857142857142,0.5628470402200935,0.0,0.0,True,False,False,False,False,False,True,False
0,0.5,0.5,0.5,0,0.22303571428571428,0.9999999999999999,0.0,0.0,False,False,True,False,False,False,False,True
1,0.14226248775710088,0.6944444444444444,0.23745353159851296,0,0.3314285714285714,0.9999999999999999,0.05,0.047,False,True,False,False,False,False,False,True
1,0.5636630754162586,0.6055555555555555,0.4103159851301115,1,0.5714285714285714,0.9999999999999999,0.01,0.672,False,True,False,False,False,False,False,True
0,0.5,0.5,0.5,0,0.26589285714285715,0.3170948783300179,0.0,0.0,False,True,False,False,False,False,False,True
1,0.1398139079333986,0.6944444444444444,0.3503717472118959,1,0.32625,0.9999999999999999,0.6,0.888,False,False,True,False,False,False,False,True
1,0.42140058765915767,0.6277777777777778,0.5102230483271375,0,0.47142857142857136,0.5966311877711308,0.0,0.923,True,False,False,False,False,False,True,False
1,0.14226248775710088,0.6944444444444444,0.23745353159851296,0,0.0,0.9999999999999999,0.0,0.0,False,True,False,False,False,False,False,True
1,0.556562193927522,0.5166666666666666,0.6013011152416357,1,0.5357142857142857,0.9999999999999999,0.0,0.998,True,False,False,False,False,True,False,False
0,0.46547502448579825,0.5222222222222223,0.29879182156133827,1,0.475,0.9999999999999999,0.01,1.0,False,False,True,False,False,False,False,True
0,0.5,0.5,0.5,0,0.01694642857142857,0.5420522151620258,0.0,0.0,False,False,True,False,True,False,False,False
1,0.24265426052889322,0.5444444444444444,0.23605947955390333,0,0.45714285714285713,0.9999999999999999,0.02,0.928,False,True,False,False,True,False,False,False
1,0.5734573947110676,0.7,0.2736988847583643,1,0.235,0.5629016483212211,0.0,0.0,False,True,False,False,False,False,False,True
1,0.4605778648383937,0.31666666666666665,0.5283457249070632,0,0.49107142857142855,0.9999999999999999,0.0,1.0,False,False,True,False,False,True,False,False
1,0.24265426052889322,0.5444444444444444,0.23605947955390333,0,0.0,0.9999999999999999,0.0,0.0,False,True,False,False,False,False,True,False
0,0.5,0.5,0.5,0,0.12026785714285715,0.5429384640089926,0.0,0.0,False,True,False,False,False,False,False,True
1,0.5394221351616063,0.8,0.4851301115241636,0,0.5,0.9999999999999999,0.01,0.993,False,True,False,False,False,False,False,True
1,0.056317335945151814,0.5722222222222222,0.23698884758364308,0,0.9107142857142857,0.5431072368164035,0.0,0.0,False,True,False,False,True,False,False,False
1,0.7426542605288933,0.27222222222222225,0.7225836431226766,1,0.5714285714285714,0.9999999999999999,0.0,1.0,False,False,True,False,False,True,False,False
1,0.5394221351616063,0.8,0.4851301115241636,0,0.5142857142857142,0.5291357756476035,0.0,0.887,False,True,False,False,False,False,False,True
1,0.5296278158667973,0.7888888888888889,0.5195167286245354,0,0.44999999999999996,0.5014985058257615,0.0,0.387,False,True,False,False,False,False,False,True
1,0.24265426052889322,0.5444444444444444,0.23605947955390333,0,0.625,0.9999999999999999,0.0,0.0,False,True,False,False,False,False,True,False
1,0.3136630754162586,0.5277777777777778,0.5009293680297398,0,0.5053571428571428,0.9999999999999999,0.0,0.999,True,False,False,False,False,True,False,False
0,0.5394221351616063,0.8,0.4851301115241636,0,0.0009285714285714285,0.5249835098288335,0.91,0.0,False,True,False,False,False,False,False,True
1,0.6052889324191969,0.03888888888888886,0.7221189591078067,1,0.4892857142857142,0.9999999999999999,0.0,0.998,False,False,False,True,False,False,True,False
0,0.5,0.5,0.5,0,0.019107142857142857,0.9999999999999999,0.0,0.0,False,False,False,True,False,True,False,False
1,0.1398139079333986,0.6944444444444444,0.3503717472118959,1,0.2760714285714286,0.9999999999999999,0.08,0.721,False,False,True,False,False,False,False,True
1,0.703232125367287,0.3111111111111111,0.5381040892193308,0,0.00035714285714285714,0.9999999999999999,0.0,0.0,False,True,False,False,False,False,True,False
1,0.5734573947110676,0.3611111111111111,0.48141263940520446,0,0.6071428571428571,0.9999999999999999,0.0,0.999,False,False,True,False,True,False,False,False
0,0.3971596474045054,0.2444444444444444,0.5004646840148699,0,0.12617857142857142,0.30565116294715783,1.0,0.0,False,False,False,True,False,False,True,False
0,0.5,0.5,0.5,0,0.20410714285714285,0.31154136335194665,0.0,0.0,False,False,True,False,True,False,False,False
0,0.5,0.5,0.5,0,0.0265,0.9999999999999999,0.0,0.0,True,False,False,False,False,False,True,False
1,0.056317335945151814,0.5722222222222222,0.23698884758364308,0,0.0,0.9999999999999999,0.0,0.0,False,True,False,False,True,False,False,False
0,0.46547502448579825,0.5222222222222223,0.29879182156133827,1,0.33767857142857144,0.9999999999999999,0.34,0.0,False,False,True,False,False,False,False,True
0,0.5,0.5,0.5,0,0.000125,0.9999999999999999,0.39,0.003,False,False,True,False,True,False,False,False
0,0.4755142017629775,0.5444444444444444,0.4711895910780669,0,0.23124999999999998,0.3986289191960121,0.27,0.002,False,True,False,False,False,False,False,True
0,0.5,0.5,0.5,0,0.28803571428571423,0.9999999999999999,0.07,0.668,False,False,False,True,False,True,False,False
0,0.5,0.5,0.5,0,0.08748214285714286,0.5966114915264814,0.0,0.0,False,False,False,True,True,False,False,False
0,0.5,0.5,0.5,0,0.024464285714285716,0.9999999999999999,0.0,0.0,False,False,True,False,True,False,False,False
1,0.4605778648383937,0.31666666666666665,0.5283457249070632,0,0.0,0.9999999999999999,0.0,0.0,False,False,False,True,True,False,False,False
0,0.5734573947110676,0.3611111111111111,0.48141263940520446,0,0.23607142857142857,0.9999999999999999,0.45,0.007,False,False,True,False,True,False,False,False
0,0.5,0.5,0.5,0,0.47857142857142854,0.9999999999999999,0.0,0.973,True,False,False,False,False,False,True,False
1,0.4262977473065622,0.3555555555555556,0.4934944237918215,0,0.24660714285714286,0.5961868470108611,0.0,0.222,False,False,False,True,False,True,False,False
1,0.5785994123408423,0.37222222222222223,0.48977695167286245,0,0.5892857142857143,0.9999999999999999,0.0,1.0,False,False,True,False,True,False,False,False
0,0.5,0.5,0.5,0,0.0002321428571428571,0.49535278809776817,0.0,0.0,True,False,False,False,False,False,True,False
0,0.46547502448579825,0.5222222222222223,0.29879182156133827,1,0.0005535714285714286,0.9999999999999999,0.0,0.0,True,False,False,False,False,True,False,False
1,0.7426542605288933,0.27222222222222225,0.7225836431226766,1,0.6071428571428571,0.5075849468881193,0.0,1.0,False,False,True,False,True,False,False,False
1,0.5345249755142018,0.4777777777777778,0.7012081784386617,1,0.5535714285714285,0.5966249477253911,0.0,1.0,False,True,False,False,True,False,False,False
1,0.33080313418217433,0.7055555555555555,0.2639405204460966,1,0.49107142857142855,0.47567908454552915,0.03,0.977,True,False,False,False,False,False,False,True
0,0.4681684622918707,0.6555555555555556,0.5088289962825279,0,0.15571428571428572,0.31285198055781,0.44,0.137,True,False,False,False,False,True,False,False
0,0.5,0.5,0.5,0,0.1511607142857143,0.9999999999999999,0.0,0.0,False,True,False,False,False,False,False,True
1,0.46547502448579825,0.5222222222222223,0.4990706319702602,0,0.4607142857142857,0.9999999999999999,0.0,0.987,False,True,False,False,False,False,True,False
1,0.35308521057786485,0.711111111111111,0.4725836431226766,0,0.4589285714285714,0.9999999999999999,0.0,0.999,True,False,False,False,False,False,True,False
1,0.35798237022526935,0.6722222222222223,0.6486988847583643,1,0.5107142857142857,0.596625314764758,0.0,1.0,True,False,False,False,False,False,True,False
0,0.4265426052889324,0.6388888888888888,0.5185873605947956,0,0.0907142857142857,0.2287816663550617,0.12,0.001,True,False,False,False,False,False,True,False
0,0.5,0.5,0.5,0,0.0003928571428571428,0.9999999999999999,0.0,0.0,False,False,True,False,False,False,False,True
0,0.5,0.5,0.5,0,0.475,0.9999999999999999,0.01,0.972,False,True,False,False,False,False,False,True
0,0.5222820763956905,0.5166666666666666,0.5901486988847584,1,0.17337499999999997,0.596162724324838,0.0,0.0,False,False,True,False,False,False,False,True
1,0.14226248775710088,0.6944444444444444,0.23745353159851296,0,0.7142857142857142,0.9999999999999999,0.0,0.0,False,True,False,False,False,False,False,True
1,0.35308521057786485,0.711111111111111,0.4725836431226766,0,0.4928571428571429,0.9999999999999999,0.0,0.989,True,False,False,False,False,False,True,False
0,0.5,0.5,0.5,0,0.14978571428571427,0.5680535772279937,0.0,0.0,False,False,True,False,False,True,False,False
1,0.1398139079333986,0.6944444444444444,0.3503717472118959,1,0.5892857142857143,0.9999999999999999,0.01,0.931,False,False,True,False,False,False,False,True
1,0.46547502448579825,0.5222222222222223,0.29879182156133827,1,0.0,0.9999999999999999,0.0,0.0,False,False,True,False,False,True,False,False
1,0.5394221351616063,0.8,0.4851301115241636,0,0.5714285714285714,0.33734547927762515,0.0,0.999,False,True,False,False,False,False,False,True
0,0.5,0.5,0.5,0,0.3121428571428571,0.9999999999999999,0.14,0.881,False,False,True,False,True,False,False,False
0,0.4314397649363369,0.5333333333333333,0.4526022304832714,0,0.40714285714285714,0.9999999999999999,0.06,0.345,False,False,True,False,True,False,False,False
0,0.5,0.5,0.5,0,0.19642857142857142,0.9999999999999999,0.0,0.0,False,False,False,True,False,True,False,False
0,0.5,0.5,0.5,0,0.5089285714285714,0.9999999999999999,0.0,0.999,False,False,False,True,False,True,False,False
1,0.14226248775710088,0.6944444444444444,0.23745353159851296,0,0.7321428571428571,0.9999999999999999,0.0,0.0,False,True,False,False,False,False,False,True
0,0.5,0.5,0.5,0,0.36607142857142855,0.9999999999999999,0.04,0.39,False,False,False,True,False,True,False,False
0,0.5,0.5,0.5,0,0.18482142857142855,0.9999999999999999,0.01,0.022,False,False,True,False,True,False,False,False
1,0.3552889324191969,0.6611111111111111,0.2927509293680297,1,0.42857142857142855,0.543069364523531,0.27,0.517,False,False,True,False,False,True,False,False
0,0.5,0.5,0.5,0,0.39285714285714285,0.9999999999999999,0.02,0.814,True,False,False,False,False,False,True,False
0,0.33080313418217433,0.7055555555555555,0.2639405204460966,1,0.026178571428571426,0.2951018772229271,0.38,0.0,False,False,True,False,False,False,False,True
1,0.1398139079333986,0.6944444444444444,0.3503717472118959,1,0.32499999999999996,0.9999999999999999,0.1,0.0,False,False,True,False,False,False,False,True
0,0.5,0.5,0.5,0,0.17835714285714285,0.9999999999999999,0.0,0.0,False,False,False,True,False,True,False,False
1,0.17874632713026445,0.2888888888888889,0.22211895910780666,0,0.4303571428571429,0.9999999999999999,0.0,0.098,False,False,False,True,False,False,True,False
1,0.460822722820764,0.9277777777777778,0.6482342007434945,1,0.5142857142857142,0.9999999999999999,0.0,0.999,True,False,False,False,False,False,False,True
0,0.5737022526934378,0.6444444444444444,0.5065055762081785,0,0.08205357142857142,0.9999999999999999,0.19,0.012,False,True,False,False,False,False,False,True
0,0.5,0.5,0.5,0,0.15007142857142855,0.9999999999999999,0.0,0.0,False,True,False,False,False,False,True,False
1,0.056317335945151814,0.5722222222222222,0.23698884758364308,0,0.5,0.9999999999999999,0.0,0.0,False,False,False,True,True,False,False,False
0,0.4314397649363369,0.5333333333333333,0.4526022304832714,0,0.33428571428571424,0.2168111478668145,0.13,0.815,False,False,True,False,True,False,False,False
1,0.5342801175318316,0.5,0.520910780669145,0,0.0,0.9999999999999999,0.0,0.0,False,False,False,True,True,False,False,False
1,0.5342801175318316,0.6222222222222222,0.5013940520446096,0,0.42857142857142855,0.59659754993612,0.0,0.981,False,False,True,False,False,True,False,False
0,0.5,0.5,0.5,0,0.46249999999999997,0.9999999999999999,0.0,0.992,False,True,False,False,False,False,False,True
0,0.5,0.5,0.5,0,0.25339285714285714,0.9999999999999999,0.0,0.0,False,False,True,False,True,False,False,False
1,0.2573457394711067,0.7277777777777777,0.2774163568773234,1,0.43571428571428567,0.9999999999999999,0.0,0.0,True,False,False,False,False,False,True,False
0,0.5,0.5,0.5,0,7.142857142857142e-05,0.9999999999999999,0.0,0.0,True,False,False,False,False,False,True,False
1,0.5737022526934378,0.6444444444444444,0.5065055762081785,0,0.5714285714285714,0.561567712223189,0.05,0.992,False,True,False,False,False,False,False,True
1,0.1398139079333986,0.6944444444444444,0.3503717472118959,1,0.6428571428571428,0.9999999999999999,0.0,0.0,False,False,True,False,False,False,False,True
1,0.14226248775710088,0.6944444444444444,0.23745353159851296,0,0.40178571428571425,0.9999999999999999,0.02,0.003,False,True,False,False,False,False,False,True
0,0.5,0.5,0.5,0,0.3403571428571428,0.9999999999999999,0.0,0.0,False,True,False,False,False,False,False,True
0,0.5,0.5,0.5,0,0.020125,0.9999999999999999,0.0,0.0,True,False,False,False,False,False,False,True
0,0.5,0.5,0.5,0,0.10348214285714286,0.5431198674661906,0.0,0.0,False,True,False,False,False,False,False,True
1,0.6762977473065622,0.3277777777777778,0.3722118959107807,1,0.5714285714285714,0.9999999999999999,0.0,1.0,False,False,True,False,True,False,False,False
0,0.43609206660137123,0.24444444444444446,0.48605947955390333,0,0.47857142857142854,0.9999999999999999,0.0,0.0,False,False,False,True,False,True,False,False
0,0.5,0.5,0.5,0,0.017499999999999998,0.394954302519336,0.0,0.0,False,False,False,True,False,True,False,False
1,0.4534769833496572,0.5722222222222222,0.35269516728624534,0,0.42857142857142855,0.543069364523531,0.27,0.517,False,False,True,False,True,False,False,False
0,0.5,0.5,0.5,0,5.357142857142857e-05,0.9999999999999999,0.0,0.0,True,False,False,False,False,False,True,False
1,0.0734573947110676,0.75,0.0,1,0.5142857142857142,0.9999999999999999,0.0,0.673,False,True,False,False,False,False,False,True
1,0.3650832517140059,0.711111111111111,0.2602230483271375,1,0.42321428571428565,0.9999999999999999,0.02,0.045,False,False,True,False,False,True,False,False
0,0.5,0.5,0.5,0,0.10989285714285714,0.9999999999999999,0.0,0.0,False,False,False,True,False,True,False,False
0,0.4755142017629775,0.5444444444444444,0.4711895910780669,0,0.2101785714285714,0.46883237755019147,0.17,0.0,False,True,False,False,False,False,False,True
1,0.056317335945151814,0.5722222222222222,0.23698884758364308,0,0.7142857142857142,0.9999999999999999,0.0,0.0,False,False,False,True,False,False,True,False
1,0.6297747306562194,0.11111111111111116,0.7644052044609666,1,0.40714285714285714,0.4518127253616473,0.0,1.0,False,False,False,True,False,True,False,False
1,0.6052889324191969,0.03888888888888886,0.7221189591078067,1,0.5892857142857143,0.9999999999999999,0.0,0.999,False,False,False,True,False,False,True,False
0,0.5,0.5,0.5,0,0.1549107142857143,0.18050974904843875,0.0,0.0,False,True,False,False,False,False,False,True
0,0.5440744368266406,0.3944444444444445,0.48884758364312264,0,0.42321428571428565,0.5421947420588531,0.01,0.786,False,False,False,True,True,False,False,False
0,0.5244857982370226,0.45555555555555555,0.5288104089219331,0,0.35642857142857143,0.9999999999999999,0.52,0.915,False,False,False,True,False,True,False,False
0,0.46547502448579825,0.5222222222222223,0.4990706319702602,0,0.137625,0.9999999999999999,0.19,0.126,False,False,False,True,False,False,True,False
1,0.4755142017629775,0.5444444444444444,0.4711895910780669,0,0.475,0.9999999999999999,0.0,0.958,False,True,False,False,False,False,False,True
0,0.5,0.5,0.5,0,0.2666071428571428,0.9999999999999999,0.0,0.0,False,True,False,False,True,False,False,False
1,0.568560235063663,0.6333333333333333,0.49814126394052044,0,0.6071428571428571,0.5965757894713234,0.0,0.998,False,True,False,False,False,False,False,True
0,0.5639079333986288,0.7555555555555555,0.5139405204460967,0,0.6964285714285714,0.5966281288252063,0.0,0.0,False,True,False,False,False,False,False,True
1,0.2573457394711067,0.7277777777777777,0.2774163568773234,1,0.18,0.9999999999999999,0.0,0.0,False,True,False,False,False,False,True,False
0,0.5,0.5,0.5,0,0.28285714285714286,0.9999999999999999,0.0,0.0,False,False,True,False,True,False,False,False
1,0.0,0.55,0.22630111524163565,0,0.8035714285714285,0.5948191514800256,0.0,0.0,False,False,True,False,True,False,False,False
1,0.5345249755142018,0.4777777777777778,0.7012081784386617,1,0.5303571428571429,0.9999999999999999,0.0,0.998,False,True,False,False,True,False,False,False
0,0.5,0.5,0.5,0,0.022035714285714283,0.9999999999999999,0.0,0.0,True,False,False,False,False,False,True,False
0,0.5,0.5,0.5,0,0.20482142857142857,0.4947367180409097,0.0,0.0,False,False,True,False,True,False,False,False
1,0.37022526934378064,0.8888888888888888,0.23559479553903345,1,0.625,0.9999999999999999,0.0,1.0,False,True,False,False,False,False,False,True
1,0.7426542605288933,0.27222222222222225,0.7225836431226766,1,0.0,0.9999999999999999,0.0,0.0,False,False,True,False,False,True,False,False
1,0.4534769833496572,0.5722222222222222,0.35269516728624534,0,0.5714285714285714,0.5094132327821963,0.0,0.985,False,False,True,False,True,False,False,False
1,0.0,0.55,0.22630111524163565,0,0.5535714285714285,0.9999999999999999,0.0,0.944,False,False,True,False,True,False,False,False
1,0.5,0.5,0.5,0,0.23428571428571426,0.543153293384302,0.0,0.0,False,True,False,False,True,False,False,False
0,0.5,0.5,0.5,0,0.000625,0.5965909474186095,0.0,0.0,True,False,False,False,False,False,True,False
1,0.24265426052889322,0.5444444444444444,0.23605947955390333,0,0.625,0.5624186068453386,0.0,0.0,False,True,False,False,True,False,False,False
1,0.14226248775710088,0.6944444444444444,0.23745353159851296,0,0.4464285714285714,0.9999999999999999,0.0,0.688,False,True,False,False,False,False,False,True
0,0.5,0.5,0.5,0,0.26553571428571426,0.5966168735595835,0.0,0.0,False,False,True,False,True,False,False,False
1,0.6471596474045054,0.7,0.49070631970260226,0,0.47142857142857136,0.9999999999999999,0.01,0.926,False,True,False,False,False,False,False,True
0,0.5,0.5,0.5,0,0.14853571428571427,0.9999999999999999,0.0,0.0,True,False,False,False,False,False,True,False
0,0.5,0.5,0.5,0,0.15923214285714285,0.4915565638670729,0.0,0.0,False,False,True,False,True,False,False,False
0,0.5,0.5,0.5,0,0.19035714285714284,0.9999999999999999,0.08,0.018,False,False,True,False,True,False,False,False
1,0.6420176297747306,0.3277777777777778,0.35130111524163565,1,0.5125,0.9999999999999999,0.0,1.0,False,False,True,False,True,False,False,False
0,0.4314397649363369,0.36666666666666664,0.5018587360594795,0,0.2732142857142857,0.4183058104893056,0.26,0.002,False,False,False,True,False,True,False,False
0,0.5,0.5,0.5,0,0.28375,0.5966299641696886,0.0,0.0,False,True,False,False,False,False,False,True
0,0.5,0.5,0.5,0,3.571428571428571e-05,0.9999999999999999,0.0,0.0,True,False,False,False,False,False,True,False
1,0.47037218413320275,0.21111111111111114,0.4804832713754647,0,0.44107142857142856,0.9999999999999999,0.1,0.982,False,False,False,True,False,True,False,False
0,0.5,0.5,0.5,0,0.41607142857142854,0.9999999999999999,0.01,0.73,True,False,False,False,False,False,True,False
0,0.5,0.5,0.5,0,0.013357142857142856,0.082883491637734,0.0,0.0,True,False,False,False,False,True,False,False
0,0.5,0.5,0.5,0,0.20339285714285715,0.5963941396326071,0.0,0.0,False,True,False,False,False,False,False,True
0,0.5342801175318316,0.5055555555555555,0.4962825278810409,0,0.24803571428571428,0.9999999999999999,0.67,0.007,False,False,False,True,True,False,False,False
1,0.7426542605288933,0.27222222222222225,0.7225836431226766,1,0.5714285714285714,0.5952238940991471,0.0,1.0,False,False,True,False,False,True,False,False
0,0.5,0.5,0.5,0,0.02675,0.46908122061219415,0.0,0.0,True,False,False,False,False,False,True,False
1,0.4605778648383937,0.31666666666666665,0.5283457249070632,0,0.0,0.9999999999999999,0.0,0.0,False,False,True,False,False,True,False,False
0,0.5,0.5,0.5,0,0.011125,0.9999999999999999,0.06,0.006,True,False,False,False,False,False,True,False
0,0.5,0.5,0.5,0,0.47142857142857136,0.9999999999999999,0.02,0.853,False,True,False,False,False,False,False,True
0,0.5,0.5,0.5,0,0.00075,0.9999999999999999,0.0,0.0,True,False,False,False,False,False,True,False
0,0.5,0.5,0.5,0,0.07216071428571429,0.44618540486614666,0.0,0.0,True,False,False,False,False,False,True,False
1,0.7426542605288933,0.27222222222222225,0.7225836431226766,1,0.5892857142857143,0.9999999999999999,0.0,1.0,False,False,True,False,True,False,False,False
1,0.14226248775710088,0.6944444444444444,0.23745353159851296,0,0.3242857142857143,0.9999999999999999,0.37,0.009,False,True,False,False,False,False,False,True
0,0.4534769833496572,0.5722222222222222,0.35269516728624534,0,0.00275,0.9999999999999999,0.37,0.048,False,False,True,False,True,False,False,False
0,0.5,0.5,0.5,0,0.06799999999999999,0.9999999999999999,0.0,0.0,False,False,False,True,False,True,False,False
0,0.5345249755142018,0.47777777777777775,0.5009293680297398,0,0.016517857142857143,0.32086660785026244,0.39,0.025,False,False,True,False,False,False,False,True
1,0.5394221351616063,0.8,0.4851301115241636,0,0.6071428571428571,0.9999999999999999,0.0,0.999,False,True,False,False,False,False,False,True
0,0.5,0.5,0.5,0,0.14560714285714285,0.9999999999999999,0.18,0.272,False,True,False,False,False,False,False,True
0,0.5,0.5,0.5,0,0.22303571428571428,0.509333182303233,0.0,0.0,False,True,False,False,False,False,False,True
0,0.49779627815866795,0.4777777777777778,0.8029739776951673,1,0.3271428571428571,0.44454968508262094,0.46,0.298,False,False,True,False,True,False,False,False
1,0.0,0.55,0.22630111524163565,0,0.21910714285714283,0.9999999999999999,0.12,0.213,False,False,True,False,True,False,False,False
1,0.1398139079333986,0.6944444444444444,0.3503717472118959,1,0.4267857142857142,0.9999999999999999,0.0,0.913,False,False,True,False,False,False,False,True
0,0.5,0.5,0.5,0,0.625,0.9999999999999999,0.0,0.0,False,False,False,True,False,True,False,False
1,0.4926542605288932,0.1777777777777778,0.6858736059479554,1,0.45535714285714285,0.5966295970952549,0.0,0.972,False,False,False,True,True,False,False,False
0,0.5,0.5,0.5,0,0.04221428571428571,0.9999999999999999,0.4,0.053,False,True,False,False,False,False,False,True
1,0.4534769833496572,0.5722222222222222,0.35269516728624534,0,0.40892857142857136,0.9999999999999999,0.05,0.028,False,False,True,False,True,False,False,False
1,0.056317335945151814,0.5722222222222222,0.23698884758364308,0,0.04991071428571428,0.5966265382493072,0.0,0.0,False,True,False,False,True,False,False,False
0,0.4755142017629775,0.5444444444444444,0.4711895910780669,0,0.3892857142857143,0.5965854460048527,0.01,0.39,False,True,False,False,False,False,False,True
1,0.14226248775710088,0.6944444444444444,0.23745353159851296,0,0.1674642857142857,0.9999999999999999,0.52,0.031,False,True,False,False,False,False,False,True
0,0.5,0.5,0.5,0,0.1449464285714286,0.9999999999999999,0.0,0.0,False,False,False,True,False,False,True,False
1,0.6863369245837414,0.4722222222222222,0.49907063197026025,0,0.4660714285714286,0.9999999999999999,0.0,0.977,False,True,False,False,True,False,False,False
0,0.5,0.5,0.5,0,0.2642857142857143,0.4092663135329079,0.0,0.0,False,False,True,False,True,False,False,False
1,0.14226248775710088,0.6944444444444444,0.23745353159851296,0,0.7142857142857142,0.9999999999999999,0.0,0.0,False,True,False,False,False,False,False,True
1,0.4534769833496572,0.5722222222222222,0.35269516728624534,0,0.46249999999999997,0.38634925391423225,0.01,0.025,False,False,True,False,True,False,False,False
0,0.45592556317335947,0.6444444444444444,0.5130111524163569,0,0.17089285714285715,0.4840684915751104,1.0,0.001,False,False,True,False,True,False,False,False
0,0.4265426052889324,0.6388888888888888,0.5185873605947956,0,3.571428571428571e-05,0.06579455766356708,0.74,0.003,True,False,False,False,False,False,True,False
0,0.5,0.5,0.5,0,0.39285714285714285,0.9999999999999999,0.12,0.52,False,True,False,False,False,False,False,True
0,0.5,0.5,0.5,0,0.17591071428571428,0.9999999999999999,0.0,0.0,False,False,True,False,True,False,False,False
0,0.5345249755142018,0.47777777777777775,0.5009293680297398,0,0.30178571428571427,0.9999999999999999,0.06,0.002,False,False,True,False,False,True,False,False
1,0.056317335945151814,0.5722222222222222,0.23698884758364308,0,0.2069642857142857,0.4799108983386948,0.0,0.0,False,True,False,False,False,False,True,False
0,0.5,0.5,0.5,0,0.13560714285714284,0.5965188670998383,0.0,0.0,False,False,True,False,True,False,False,False
0,0.5,0.5,0.5,0,0.1367142857142857,0.46805503268312354,0.0,0.0,False,True,False,False,False,False,False,True
1,0.20323212536728696,0.3611111111111111,0.2644052044609665,0,0.09044642857142857,0.9999999999999999,0.0,0.0,False,False,False,True,True,False,False,False
0,0.568560235063663,0.6333333333333333,0.49814126394052044,0,0.42857142857142855,0.4196099261190854,0.08,0.426,False,True,False,False,False,False,False,True
1,0.0734573947110676,0.75,0.0,1,0.44107142857142856,0.9999999999999999,0.0,0.991,True,False,False,False,False,False,False,True
0,0.5,0.5,0.5,0,0.2575,0.44515049073641355,0.0,0.0,False,True,False,False,False,False,False,True
0,0.5,0.5,0.5,0,0.4107142857142857,0.9999999999999999,0.01,0.02,False,False,False,True,False,True,False,False
1,0.1398139079333986,0.6944444444444444,0.3503717472118959,1,0.40892857142857136,0.9999999999999999,0.19,0.345,False,False,True,False,False,False,False,True
1,0.1398139079333986,0.6944444444444444,0.3503717472118959,1,0.2707142857142857,0.9999999999999999,0.14,0.521,False,False,True,False,False,False,False,True
0,0.5,0.5,0.5,0,0.17682142857142855,0.4799255772783321,0.0,0.0,True,False,False,False,False,False,True,False
1,0.5342801175318316,0.6222222222222222,0.5013940520446096,0,0.4267857142857142,0.9999999999999999,0.05,0.271,False,False,True,False,False,True,False,False
0,0.5345249755142018,0.5166666666666666,0.5027881040892194,0,0.0006071428571428572,0.29894575468983514,0.43,0.016,False,False,True,False,True,False,False,False
1,0.45592556317335947,0.6444444444444444,0.5130111524163569,0,0.0,0.9999999999999999,0.0,0.0,False,False,True,False,False,False,False,True
1,0.24265426052889322,0.5444444444444444,0.23605947955390333,0,0.3123214285714285,0.9999999999999999,0.07,0.306,False,True,False,False,True,False,False,False
1,0.5394221351616063,0.6833333333333333,0.47165427509293684,0,0.4107142857142857,0.9999999999999999,0.03,0.0,True,False,False,False,False,False,False,True
0,0.5,0.5,0.5,0,0.29232142857142857,0.9999999999999999,0.06,0.66,False,False,True,False,True,False,False,False
0,0.5,0.5,0.5,0,0.27214285714285713,0.9999999999999999,0.03,0.105,False,False,False,True,False,True,False,False
1,0.43119490695396673,0.5555555555555556,0.262546468401487,1,0.4892857142857142,0.4946190972122162,0.0,0.128,False,False,True,False,True,False,False,False
1,0.0,0.55,0.22630111524163565,0,0.6607142857142857,0.9999999999999999,0.0,0.0,False,False,True,False,True,False,False,False
0,0.49779627815866795,0.4777777777777778,0.8029739776951673,1,0.625,0.9999999999999999,0.0,0.0,False,False,True,False,True,False,False,False
1,0.5832517140058766,0.4444444444444444,0.4767657992565056,0,0.0,0.9999999999999999,0.0,0.0,False,True,False,False,False,False,False,True
1,0.3161116552399608,0.5222222222222223,0.2225836431226766,0,0.32696428571428565,0.9999999999999999,0.14,0.455,False,False,True,False,False,False,False,True
1,0.1398139079333986,0.6944444444444444,0.3503717472118959,1,0.4946428571428571,0.9999999999999999,0.0,0.988,False,False,True,False,False,False,False,True
1,0.6762977473065622,0.3277777777777778,0.3722118959107807,1,0.0,0.9999999999999999,0.0,0.0,False,False,True,False,True,False,False,False
1,0.14201762977473065,0.7166666666666667,0.04739776951672858,1,0.425,0.9999999999999999,0.0,0.0,True,False,False,False,False,False,False,True
0,0.5,0.5,0.5,0,0.18910714285714283,0.9999999999999999,0.0,0.0,False,True,False,False,False,False,False,True
1,0.6787463271302645,0.23888888888888887,0.49581784386617095,0,0.47678571428571426,0.5183121568404133,0.0,1.0,False,False,False,True,False,False,True,False
0,0.37022526934378064,0.8888888888888888,0.23559479553903345,1,0.6071428571428571,0.5474227269592599,0.0,0.998,False,True,False,False,False,False,False,True
1,0.6349167482859941,0.2888888888888889,0.7397769516728625,1,0.0,0.9999999999999999,0.0,0.0,False,True,False,False,False,False,True,False
0,0.5,0.5,0.5,0,0.625,0.9999999999999999,0.0,0.0,False,False,False,True,False,True,False,False
1,0.460822722820764,0.7277777777777777,0.491635687732342,0,0.5267857142857143,0.9999999999999999,0.01,1.0,True,False,False,False,False,False,False,True
1,0.5024485798237023,0.5,0.37732342007434944,1,0.0,0.9999999999999999,0.0,0.0,True,False,False,False,False,False,True,False
1,0.0734573947110676,0.75,0.0,1,0.3964285714285714,0.9999999999999999,0.06,0.31,False,True,False,False,False,False,False,True
1,0.4975514201762977,0.5,0.6226765799256506,1,0.5178571428571428,0.9999999999999999,0.0,1.0,False,False,True,False,True,False,False,False
1,0.5688050930460333,0.4444444444444444,0.737453531598513,1,0.5,0.9999999999999999,0.0,0.995,True,False,False,False,False,False,True,False
0,0.5737022526934378,0.6444444444444444,0.5065055762081785,0,0.41428571428571426,0.4170821845077234,0.1,0.047,False,True,False,False,False,False,False,True
1,0.46547502448579825,0.5222222222222223,0.4990706319702602,0,0.30160714285714285,0.4757065107674798,0.07,0.019,False,True,False,False,False,False,True,False
0,0.5318315377081293,0.34444444444444444,0.49117100371747213,0,0.5303571428571429,0.9999999999999999,0.0,0.824,False,True,False,False,True,False,False,False
1,0.14226248775710088,0.6944444444444444,0.23745353159851296,0,0.3335714285714286,0.9999999999999999,0.05,0.228,False,True,False,False,False,False,False,True
1,0.33080313418217433,0.7055555555555555,0.2639405204460966,1,0.4803571428571428,0.5963949920099743,0.0,0.966,True,False,False,False,False,True,False,False
0,0.5734573947110676,0.3611111111111111,0.48141263940520446,0,0.39285714285714285,0.9999999999999999,0.43,0.004,False,False,True,False,True,False,False,False
1,0.5636630754162586,0.3111111111111111,0.5139405204460966,0,0.39464285714285713,0.5966249477253911,0.33,0.097,False,False,True,False,False,True,False,False
1,0.490205680705191,0.45,0.5325278810408922,0,0.4303571428571429,0.9999999999999999,0.0,0.331,True,False,False,False,False,True,False,False
0,0.37022526934378064,0.8888888888888888,0.23559479553903345,1,0.4660714285714286,0.29312919477640775,0.08,0.938,False,True,False,False,False,False,False,True
1,0.6028403525954946,0.7555555555555555,0.4995353159851301,0,0.44107142857142856,0.9999999999999999,0.0,0.173,False,False,True,False,False,False,False,True
0,0.5,0.5,0.5,0,0.23678571428571427,0.9999999999999999,0.0,0.0,False,True,False,False,False,False,False,True
0,0.46547502448579825,0.5222222222222223,0.29879182156133827,1,0.1992857142857143,0.9999999999999999,0.04,0.02,False,False,True,False,False,True,False,False
0,0.5,0.5,0.5,0,0.24,0.9999999999999999,0.0,0.0,False,False,False,True,True,False,False,False
1,0.14226248775710088,0.6944444444444444,0.23745353159851296,0,0.42857142857142855,0.9999999999999999,0.0,0.0,False,True,False,False,False,False,False,True
1,0.7426542605288933,0.27222222222222225,0.7225836431226766,1,0.6071428571428571,0.9999999999999999,0.0,1.0,False,False,True,False,True,False,False,False
1,0.056317335945151814,0.5722222222222222,0.23698884758364308,0,0.1373035714285714,0.2298861725409138,0.0,0.0,False,True,False,False,True,False,False,False
1,0.5394221351616063,0.8,0.4851301115241636,0,0.5035714285714286,0.9999999999999999,0.0,1.0,False,True,False,False,False,False,False,True
0,0.5,0.5,0.5,0,0.0037857142857142855,0.9999999999999999,0.0,0.0,True,False,False,False,False,False,False,True
1,0.1398139079333986,0.6944444444444444,0.3503717472118959,1,0.26357142857142857,0.9999999999999999,0.62,0.014,False,False,True,False,False,False,False,True
1,0.35308521057786485,0.711111111111111,0.4725836431226766,0,0.49821428571428567,0.9999999999999999,0.0,0.975,True,False,False,False,False,False,True,False
0,0.5,0.5,0.5,0,0.22,0.9999999999999999,0.0,0.0,False,True,False,False,False,False,False,True
1,0.056317335945151814,0.5722222222222222,0.23698884758364308,0,0.1765,0.9999999999999999,0.0,0.0,False,True,False,False,False,False,True,False
0,0.5,0.5,0.5,0,0.28803571428571423,0.4681953682568354,0.0,0.0,False,True,False,False,False,False,False,True
0,0.5,0.5,0.5,0,0.3028571428571429,0.39132621676274093,0.0,0.0,False,False,True,False,True,False,False,False
1,0.1398139079333986,0.6944444444444444,0.3503717472118959,1,0.8035714285714285,0.9999999999999999,0.0,0.0,False,False,True,False,False,False,False,True
1,0.5440744368266406,0.3944444444444445,0.48884758364312264,0,0.0,0.9999999999999999,0.0,0.0,False,False,False,True,True,False,False,False
0,0.5,0.5,0.5,0,0.08989285714285714,0.34584813485544164,0.0,0.0,False,True,False,False,False,False,False,True
1,0.5002448579823702,0.4777777777777778,0.6900557620817844,1,0.7857142857142857,0.596622256187946,0.0,0.0,False,True,False,False,True,False,False,False
0,0.4262977473065622,0.3555555555555556,0.4934944237918215,0,0.43571428571428567,0.5629020154362668,0.15,0.697,False,False,False,True,False,True,False,False
1,0.14226248775710088,0.6944444444444444,0.23745353159851296,0,0.10526785714285714,0.9999999999999999,0.09,0.341,False,True,False,False,False,False,False,True
0,0.5,0.5,0.5,0,0.44999999999999996,0.9999999999999999,0.01,0.839,False,False,True,False,True,False,False,False
1,0.7426542605288933,0.27222222222222225,0.7225836431226766,1,0.6071428571428571,0.9999999999999999,0.0,1.0,False,False,True,False,True,False,False,False
1,0.6469147894221352,0.2888888888888889,0.5274163568773235,0,0.5196428571428572,0.9999999999999999,0.0,1.0,False,False,True,False,True,False,False,False
0,0.46547502448579825,0.5222222222222223,0.4990706319702602,0,0.295,0.9999999999999999,0.0,0.0,False,True,False,False,False,False,True,False
1,0.18388834476003918,0.5277777777777778,0.5037174721189591,0,0.0,0.9999999999999999,0.0,0.0,False,False,False,True,False,False,True,False
1,0.5981880509304603,0.4111111111111111,0.5599442379182156,1,0.5535714285714285,0.9999999999999999,0.0,0.997,False,True,False,False,True,False,False,False
1,0.44588638589618024,0.48333333333333334,0.2760223048327137,1,0.4589285714285714,0.4362443616211554,0.0,1.0,False,True,False,False,False,False,True,False
0,0.5,0.5,0.5,0,0.23803571428571427,0.3033830538846081,0.0,0.0,False,True,False,False,False,False,False,True
1,0.24265426052889322,0.5444444444444444,0.23605947955390333,0,0.7321428571428571,0.9999999999999999,0.0,0.0,False,True,False,False,True,False,False,False
1,0.46057786483839375,0.2,0.5148698884758364,0,0.4321428571428571,0.9999999999999999,0.0,0.96,False,False,False,True,False,True,False,False
0,0.37022526934378064,0.8888888888888888,0.23559479553903345,1,0.4196428571428571,0.5627830927591089,0.04,0.001,False,True,False,False,False,False,False,True
1,0.568560235063663,0.6333333333333333,0.49814126394052044,0,0.6071428571428571,0.5965924145673147,0.0,0.998,False,True,False,False,False,False,False,True
1,0.1398139079333986,0.6944444444444444,0.3503717472118959,1,0.39464285714285713,0.9999999999999999,0.03,0.97,False,False,True,False,False,False,False,True
1,0.568560235063663,0.6333333333333333,0.49814126394052044,0,0.49107142857142855,0.9999999999999999,0.0,0.918,False,True,False,False,False,False,False,True
0,0.5,0.5,0.5,0,0.27482142857142855,0.9999999999999999,0.03,0.267,False,False,False,True,False,True,False,False
0,0.5,0.5,0.5,0,0.2132142857142857,0.9999999999999999,0.0,0.0,False,False,True,False,False,False,False,True
0,0.5342801175318316,0.6222222222222222,0.5013940520446096,0,0.23625,0.9999999999999999,0.08,0.002,False,False,True,False,False,True,False,False
0,0.539177277179236,0.35555555555555557,0.4851301115241636,0,0.022928571428571427,0.047086789901515165,0.1,0.0,False,False,True,False,False,False,False,True
1,0.6297747306562194,0.11111111111111116,0.7644052044609666,1,0.5071428571428571,0.9999999999999999,0.0,0.998,False,False,False,True,False,True,False,False
1,0.17874632713026445,0.2888888888888889,0.22211895910780666,0,0.6428571428571428,0.9999999999999999,0.0,0.0,False,False,False,True,False,False,True,False
1,0.3947110675808031,0.9611111111111111,0.27788104089219334,1,0.3532142857142857,0.43442307095337035,0.06,0.006,False,False,True,False,False,False,False,True
1,0.5734573947110676,0.4777777777777778,0.4865241635687732,0,0.5714285714285714,0.9999999999999999,0.02,0.646,False,False,True,False,True,False,False,False
1,0.5364838393731636,0.0944444444444445,0.4846654275092937,0,0.41428571428571426,0.9999999999999999,0.02,0.024,False,False,False,True,True,False,False,False
0,0.5,0.5,0.5,0,0.3821428571428571,0.5962098898844557,0.22,0.228,False,False,True,False,True,False,False,False
0,0.5734573947110676,0.3611111111111111,0.48141263940520446,0,0.47857142857142854,0.43408107102294335,0.19,0.808,False,False,True,False,True,False,False,False
1,0.5342801175318316,0.5,0.520910780669145,0,0.0,0.9999999999999999,0.0,0.0,False,True,False,False,False,False,True,False
1,0.49779627815866795,0.4777777777777778,0.8029739776951673,1,0.47678571428571426,0.5628954689669143,0.02,0.998,False,False,True,False,True,False,False,False
1,0.4657198824681685,0.5,0.479089219330855,0,0.0,0.9999999999999999,0.0,0.0,False,False,True,False,False,False,False,True
0,0.490205680705191,0.45,0.5325278810408922,0,0.09196428571428572,0.9999999999999999,0.5,0.221,True,False,False,False,False,True,False,False
1,0.46057786483839375,0.2,0.5148698884758364,0,0.5125,0.9999999999999999,0.0,0.999,False,False,False,True,False,True,False,False
0,0.4265426052889324,0.6388888888888888,0.5185873605947956,0,0.375,0.5134996801452862,0.01,0.327,True,False,False,False,False,False,True,False
1,0.4975514201762977,0.5,0.6129182156133829,1,0.5089285714285714,0.9999999999999999,0.0,1.0,False,False,True,False,False,True,False,False
0,0.5,0.5,0.5,0,0.016303571428571428,0.4362352965181307,0.0,0.0,False,False,False,True,False,False,True,False
1,0.4363369245837414,0.39444444444444443,0.5896840148698885,1,0.5714285714285714,0.9999999999999999,0.0,0.998,False,False,False,True,False,True,False,False
0,0.4265426052889324,0.5222222222222223,0.5134758364312267,0,0.4321428571428571,0.5965470756619212,0.0,0.572,True,False,False,False,False,False,True,False
1,0.0,0.55,0.22630111524163565,0,0.8392857142857142,0.9999999999999999,0.0,0.0,False,False,True,False,True,False,False,False
1,0.0,0.55,0.22630111524163565,0,0.6785714285714285,0.5966215221581129,0.0,0.0,False,False,True,False,True,False,False,False
0,0.5,0.5,0.5,0,0.16776785714285714,0.5358959513185879,1.0,0.007,False,False,True,False,True,False,False,False
0,0.5,0.5,0.5,0,0.23,0.9999999999999999,0.0,0.0,False,False,True,False,True,False,False,False
1,0.6863369245837414,0.4722222222222222,0.49907063197026025,0,0.5232142857142857,0.9999999999999999,0.0,1.0,False,True,False,False,True,False,False,False
0,0.46547502448579825,0.48333333333333334,0.4972118959107807,0,1.7857142857142855e-05,0.4242210106054951,0.77,0.177,True,False,False,False,False,False,True,False
1,0.14226248775710088,0.6944444444444444,0.23745353159851296,0,0.75,0.9999999999999999,0.0,0.0,False,True,False,False,False,False,False,True
0,0.5737022526934378,0.6444444444444444,0.5065055762081785,0,0.4732142857142857,0.48660327847326246,0.01,0.966,False,True,False,False,False,False,False,True
0,0.5,0.5,0.5,0,0.27910714285714283,0.36832559846591245,0.0,0.0,False,False,True,False,True,False,False,False
1,0.3871204701273261,0.3388888888888889,0.54182156133829,0,0.46964285714285714,0.9999999999999999,0.0,1.0,False,False,False,True,False,False,True,False
1,0.5296278158667973,0.7888888888888889,0.5195167286245354,0,0.4178571428571428,0.9999999999999999,0.01,0.942,False,True,False,False,False,False,False,True
1,0.056317335945151814,0.5722222222222222,0.23698884758364308,0,0.42142857142857143,0.9999999999999999,0.0,0.0,False,True,False,False,True,False,False,False
1,0.14201762977473065,0.7166666666666667,0.04739776951672858,1,0.8928571428571428,0.9999999999999999,0.0,0.0,True,False,False,False,False,False,False,True
0,0.5,0.5,0.5,0,0.20839285714285713,0.02827326750880166,0.0,0.0,False,True,False,False,True,False,False,False
0,0.5394221351616063,0.8,0.4851301115241636,0,0.41607142857142854,0.34267160564099614,0.03,0.236,False,True,False,False,False,False,False,True
1,0.6469147894221352,0.2888888888888889,0.5274163568773235,0,0.46964285714285714,0.5966129592946645,0.0,0.799,False,False,True,False,True,False,False,False
1,0.5,0.5,0.5,0,0.18482142857142855,0.5598949697668543,0.0,0.0,False,False,True,False,False,True,False,False
1,0.4265426052889324,0.30000000000000004,0.7263011152416357,1,0.44285714285714284,0.9999999999999999,0.0,0.999,False,False,False,True,True,False,False,False
1,0.14226248775710088,0.6944444444444444,0.23745353159851296,0,0.5,0.9999999999999999,0.0,0.0,False,True,False,False,False,False,False,True
1,0.5734573947110676,0.4777777777777778,0.4865241635687732,0,0.5285714285714286,0.5474338572868489,0.03,0.976,False,False,True,False,True,False,False,False
1,0.14226248775710088,0.6944444444444444,0.23745353159851296,0,0.7142857142857142,0.9999999999999999,0.0,0.0,False,True,False,False,False,False,False,True
0,0.5,0.5,0.5,0,0.24339285714285713,0.3498757287725592,0.0,0.0,False,True,False,False,False,False,False,True
0,0.5,0.5,0.5,0,0.006642857142857142,0.40242791974792,0.0,0.0,False,True,False,False,False,False,False,True
1,0.5342801175318316,0.5055555555555555,0.4962825278810409,0,0.4392857142857143,0.9999999999999999,0.01,0.468,False,False,False,True,True,False,False,False
1,0.40181194906953965,0.5888888888888889,0.4400557620817844,1,0.4732142857142857,0.595408737189618,0.0,0.999,True,False,False,False,False,True,False,False
1,0.6028403525954946,0.7555555555555555,0.4995353159851301,0,0.0,0.9999999999999999,0.0,0.0,False,False,True,False,False,False,False,True
0,0.5,0.5,0.5,0,0.3233928571428571,0.9999999999999999,0.0,0.0,False,False,True,False,True,False,False,False
1,0.47037218413320275,0.21111111111111114,0.4804832713754647,0,0.4589285714285714,0.5966002401074878,0.0,0.629,False,False,False,True,False,True,False,False
1,0.539177277179236,0.07222222222222224,0.35176579925650553,1,0.28517857142857145,0.9999999999999999,0.72,0.467,False,False,False,True,True,False,False,False
0,0.5,0.5,0.5,0,0.031410714285714285,0.9999999999999999,0.0,0.0,False,False,False,True,True,False,False,False
0,0.5,0.5,0.5,0,0.022,0.9999999999999999,0.0,0.0,False,False,True,False,True,False,False,False
1,0.33080313418217433,0.7055555555555555,0.2639405204460966,1,0.23339285714285712,0.5628993233235725,0.0,0.0,False,False,True,False,False,False,False,True
1,0.43119490695396673,0.5555555555555556,0.262546468401487,1,0.625,0.596617240538061,0.0,1.0,False,False,True,False,True,False,False,False
1,0.3871204701273261,0.3388888888888889,0.54182156133829,0,0.4678571428571428,0.9999999999999999,0.01,1.0,False,False,False,True,False,False,True,False
1,0.7426542605288933,0.27222222222222225,0.7225836431226766,1,0.6071428571428571,0.5628946736614696,0.0,0.99,False,False,True,False,True,False,False,False
1,0.4975514201762977,0.5,0.6226765799256506,1,0.0,0.9999999999999999,0.0,0.0,False,False,True,False,True,False,False,False
1,0.5734573947110676,0.7,0.2736988847583643,1,0.26160714285714287,0.9999999999999999,0.0,0.0,False,True,False,False,False,False,False,True
0,0.5,0.5,0.5,0,0.4178571428571428,0.9999999999999999,0.02,0.517,True,False,False,False,False,False,True,False
0,0.5,0.5,0.5,0,0.4589285714285714,0.9999999999999999,0.0,0.979,False,False,False,True,False,True,False,False
1,0.14201762977473065,0.7166666666666667,0.04739776951672858,1,0.6607142857142857,0.9999999999999999,0.0,0.0,True,False,False,False,False,False,False,True
0,0.5,0.5,0.5,0,0.17117857142857143,0.9999999999999999,0.11,0.108,False,True,False,False,False,False,False,True
0,0.6471596474045054,0.7,0.49070631970260226,0,0.3982142857142857,0.9999999999999999,0.04,0.508,False,True,False,False,False,False,False,True
1,0.3161116552399608,0.5222222222222223,0.2225836431226766,0,0.22785714285714284,0.9999999999999999,0.2,0.014,False,False,True,False,False,False,False,True
1,0.4605778648383937,0.31666666666666665,0.5283457249070632,0,0.39464285714285713,0.5961993373197719,0.0,0.125,False,False,False,True,True,False,False,False
1,0.1398139079333986,0.6944444444444444,0.3503717472118959,1,0.44999999999999996,0.9999999999999999,0.0,0.308,False,False,True,False,False,False,False,True
1,0.5785994123408423,0.37222222222222223,0.48977695167286245,0,0.4892857142857142,0.9999999999999999,0.03,0.471,False,False,True,False,True,False,False,False
0,0.5,0.5,0.5,0,0.4464285714285714,0.9999999999999999,0.01,0.525,True,False,False,False,False,False,True,False
0,0.568560235063663,0.6333333333333333,0.49814126394052044,0,0.13269642857142858,0.37350601793369936,1.0,0.0,False,True,False,False,False,False,False,True
0,0.4657198824681685,0.5,0.479089219330855,0,0.23107142857142854,0.9999999999999999,0.0,0.0,False,False,True,False,False,True,False,False
1,0.5394221351616063,0.8,0.4851301115241636,0,0.5535714285714285,0.9999999999999999,0.0,1.0,False,True,False,False,False,False,False,True
0,0.5,0.5,0.5,0,0.20303571428571426,0.2870960493046036,0.0,0.0,False,True,False,False,False,False,False,True
1,0.4167482859941234,0.5555555555555556,0.5232342007434945,0,0.4267857142857142,0.9999999999999999,0.03,0.23,False,True,False,False,False,False,True,False
1,0.0734573947110676,0.75,0.0,1,0.2307142857142857,0.9999999999999999,0.0,0.0,False,True,False,False,False,False,False,True
1,0.24265426052889322,0.5444444444444444,0.23605947955390333,0,0.4178571428571428,0.9999999999999999,0.01,0.931,False,True,False,False,True,False,False,False
0,0.509794319294809,0.55,0.4674721189591078,0,0.44999999999999996,0.4220173025843925,0.0,0.81,False,True,False,False,True,False,False,False
0,0.5,0.5,0.5,0,0.2833928571428571,0.5290710053712689,0.0,0.0,False,True,False,False,False,False,False,True
0,0.5394221351616063,0.8,0.4851301115241636,0,0.47142857142857136,0.35684019410139783,0.06,0.978,False,True,False,False,False,False,False,True
1,0.42140058765915767,0.6277777777777778,0.5102230483271375,0,0.0,0.9999999999999999,0.0,0.0,True,False,False,False,False,False,True,False
0,0.5,0.5,0.5,0,0.17276785714285714,0.9999999999999999,0.0,0.0,True,False,False,False,False,False,False,True
0,0.37022526934378064,0.8888888888888888,0.23559479553903345,1,0.42857142857142855,0.9999999999999999,0.01,0.267,False,True,False,False,False,False,False,True
0,0.5,0.5,0.5,0,0.20482142857142857,0.9999999999999999,0.0,0.0,False,False,False,True,False,True,False,False
1,0.46547502448579825,0.48333333333333334,0.4972118959107807,0,0.4267857142857142,0.5628435566761356,0.12,0.929,True,False,False,False,False,False,True,False
1,0.0,0.55,0.22630111524163565,0,0.75,0.5093692192763354,0.0,0.0,False,False,True,False,True,False,False,False
1,0.6052889324191969,0.03888888888888886,0.7221189591078067,1,0.5232142857142857,0.9999999999999999,0.0,0.953,False,False,False,True,False,False,True,False
1,0.0,0.55,0.22630111524163565,0,0.0,0.9999999999999999,0.0,0.0,False,False,True,False,True,False,False,False
1,0.14226248775710088,0.6944444444444444,0.23745353159851296,0,0.33428571428571424,0.5962235995060824,0.06,0.138,False,True,False,False,False,False,False,True
0,0.37022526934378064,0.8888888888888888,0.23559479553903345,1,0.001875,0.5472090736112483,0.74,0.094,False,True,False,False,False,False,False,True
0,0.49779627815866795,0.4777777777777778,0.8029739776951673,1,0.625,0.18957657024117408,0.01,0.847,False,False,True,False,True,False,False,False
0,0.5,0.5,0.5,0,0.0027678571428571427,0.9999999999999999,0.16,0.029,False,False,True,False,True,False,False,False
0,0.5,0.5,0.5,0,0.18571428571428572,0.9999999999999999,0.06,0.099,False,True,False,False,False,False,False,True
0,0.5,0.5,0.5,0,0.2026785714285714,0.9999999999999999,0.0,0.0,False,False,True,False,False,False,False,True
0,0.5,0.5,0.5,0,5.357142857142857e-05,0.5628400733815095,0.0,0.0,False,False,False,True,False,False,True,False
1,0.37022526934378064,0.8888888888888888,0.23559479553903345,1,0.0,0.9999999999999999,0.0,0.0,False,True,False,False,False,False,False,True
0,0.5,0.5,0.5,0,0.3176785714285714,0.9999999999999999,0.0,0.0,False,True,False,False,False,False,True,False
0,0.5,0.5,0.5,0,0.15846428571428572,0.04219102096062156,0.0,0.0,False,True,False,False,False,False,False,True
1,0.4657198824681685,0.5,0.479089219330855,0,0.34660714285714284,0.9999999999999999,0.0,0.0,False,False,True,False,False,False,False,True
1,0.0,0.55,0.22630111524163565,0,0.0,0.9999999999999999,0.0,0.0,False,False,True,False,True,False,False,False
0,0.5,0.5,0.5,0,0.20660714285714285,0.3879526274867176,0.0,0.0,False,True,False,False,False,False,False,True
1,0.14226248775710088,0.6944444444444444,0.23745353159851296,0,0.44285714285714284,0.9999999999999999,0.01,0.814,False,True,False,False,False,False,False,True
1,0.6469147894221352,0.2888888888888889,0.5274163568773235,0,0.4178571428571428,0.9999999999999999,0.14,0.738,False,False,True,False,True,False,False,False
0,0.5,0.5,0.5,0,0.6428571428571428,0.9999999999999999,0.0,0.0,False,True,False,False,False,False,False,True
0,0.5,0.5,0.5,0,0.018785714285714284,0.39570936491830655,0.0,0.0,False,False,True,False,True,False,False,False
0,0.5,0.5,0.5,0,0.04535714285714285,0.9999999999999999,0.0,0.0,True,False,False,False,False,False,True,False
0,0.43119490695396673,0.5555555555555556,0.262546468401487,1,0.48571428571428565,0.9999999999999999,0.02,0.821,False,False,True,False,True,False,False,False
1,0.0734573947110676,0.75,0.0,1,0.3892857142857143,0.9999999999999999,0.32,0.051,False,True,False,False,False,False,False,True
0,0.5,0.5,0.5,0,0.0026964285714285714,0.3824185004481137,0.0,0.0,True,False,False,False,False,True,False,False
0,0.5,0.5,0.5,0,0.16932142857142854,0.9999999999999999,0.0,0.0,False,True,False,False,False,False,False,True
1,0.5737022526934378,0.6444444444444444,0.5065055762081785,0,0.4803571428571428,0.5182967393845876,0.0,1.0,False,True,False,False,False,False,False,True
1,0.6297747306562194,0.11111111111111116,0.7644052044609666,1,0.46428571428571425,0.9999999999999999,0.0,0.997,False,False,False,True,False,True,False,False
1,0.558765915768854,0.11111111111111116,0.574814126394052,1,0.0,0.9999999999999999,0.0,0.0,False,False,False,True,True,False,False,False
0,0.4975514201762977,0.5,0.6226765799256506,1,0.30839285714285714,0.36700467874476805,0.48,0.137,False,False,True,False,True,False,False,False
1,0.43119490695396673,0.5555555555555556,0.262546468401487,1,0.625,0.5812432114829675,0.0,1.0,False,False,True,False,True,False,False,False
1,0.5734573947110676,0.4777777777777778,0.4865241635687732,0,0.0,0.9999999999999999,0.0,0.0,False,False,True,False,True,False,False,False
0,0.5,0.5,0.5,0,0.01644642857142857,0.5965393807960482,0.0,0.0,False,False,False,True,True,False,False,False
0,0.5,0.5,0.5,0,0.005232142857142856,0.9999999999999999,0.0,0.0,False,False,False,True,False,True,False,False
1,0.14226248775710088,0.6944444444444444,0.23745353159851296,0,0.3982142857142857,0.9999999999999999,0.15,0.346,False,True,False,False,False,False,False,True
0,0.49779627815866795,0.4777777777777778,0.8029739776951673,1,0.625,0.9999999999999999,0.0,0.0,False,False,True,False,True,False,False,False
0,0.4534769833496572,0.5722222222222222,0.35269516728624534,0,0.6071428571428571,0.9999999999999999,0.0,1.0,False,False,True,False,True,False,False,False
1,0.0734573947110676,0.75,0.0,1,0.6607142857142857,0.4798639998944024,0.0,0.0,False,True,False,False,False,False,False,True
1,0.7426542605288933,0.27222222222222225,0.7225836431226766,1,0.5125,0.9999999999999999,0.0,1.0,False,False,True,False,True,False,False,False
1,0.5,0.4611111111111111,0.4981412639405205,0,0.4303571428571429,0.9999999999999999,0.01,0.0,True,False,False,False,False,True,False,False
1,0.7426542605288933,0.27222222222222225,0.7225836431226766,1,0.5714285714285714,0.9999999999999999,0.0,1.0,False,False,True,False,False,True,False,False
1,0.1398139079333986,0.6944444444444444,0.3503717472118959,1,0.2691071428571428,0.9999999999999999,0.27,0.27,False,False,True,False,False,False,False,True
1,0.6471596474045054,0.7,0.49070631970260226,0,0.4660714285714286,0.9999999999999999,0.0,0.999,False,True,False,False,False,False,False,True
0,0.5734573947110676,0.7,0.2736988847583643,1,0.4107142857142857,0.5812920239887731,0.03,0.029,False,True,False,False,False,False,False,True
0,0.5,0.5,0.5,0,0.015982142857142858,0.9999999999999999,0.06,0.105,False,False,False,True,False,True,False,False
0,0.5,0.5,0.5,0,0.2039285714285714,0.9999999999999999,0.0,0.0,False,False,False,True,False,True,False,False
0,0.5,0.5,0.5,0,0.058374999999999996,0.9999999999999999,0.0,0.0,True,False,False,False,False,False,True,False
0,0.5,0.5,0.5,0,0.00025,0.5964664011611511,0.0,0.0,True,False,False,False,False,False,True,False
1,0.17874632713026445,0.2888888888888889,0.22211895910780666,0,0.5107142857142857,0.9999999999999999,0.0,0.938,False,False,False,True,True,False,False,False
0,0.5,0.5,0.5,0,0.022678571428571426,0.2910951425996474,0.0,0.0,False,False,False,True,False,True,False,False
0,0.460822722820764,0.6444444444444444,0.5148698884758365,0,0.25553571428571425,0.9999999999999999,0.34,0.093,False,False,False,True,False,False,True,False
1,0.568560235063663,0.4666666666666667,0.5473977695167286,0,0.0,0.9999999999999999,0.0,0.0,True,False,False,False,False,False,True,False
1,0.20323212536728696,0.3611111111111111,0.2644052044609665,0,0.33732142857142855,0.9999999999999999,0.02,0.773,False,False,False,True,True,False,False,False
1,0.568560235063663,0.6333333333333333,0.49814126394052044,0,0.0,0.9999999999999999,0.0,0.0,False,True,False,False,False,False,False,True
1,0.460822722820764,0.9277777777777778,0.6482342007434945,1,0.5714285714285714,0.9999999999999999,0.0,1.0,True,False,False,False,False,False,False,True
1,0.24265426052889322,0.5444444444444444,0.23605947955390333,0,0.6071428571428571,0.9999999999999999,0.0,0.925,False,True,False,False,True,False,False,False
0,0.5002448579823702,0.4777777777777778,0.6900557620817844,1,0.32499999999999996,0.9999999999999999,0.31,0.019,False,True,False,False,True,False,False,False
1,0.5541136141038198,0.5166666666666666,0.7239776951672863,1,0.48392857142857143,0.9999999999999999,0.0,1.0,False,False,True,False,False,True,False,False
1,0.44588638589618024,0.48333333333333334,0.2760223048327137,1,0.0005535714285714286,0.9999999999999999,1.0,0.354,False,True,False,False,False,False,True,False
1,0.43119490695396673,0.5555555555555556,0.262546468401487,1,0.4375,0.5811552584838018,0.01,0.296,False,False,True,False,True,False,False,False
1,0.1398139079333986,0.6944444444444444,0.3503717472118959,1,0.40178571428571425,0.9999999999999999,0.0,0.972,False,False,True,False,False,False,False,True
0,0.5636630754162586,0.6055555555555555,0.4103159851301115,1,0.10353571428571429,0.5460268764662691,0.77,0.0,False,True,False,False,False,False,False,True
1,0.4387855044074437,0.8555555555555556,0.266728624535316,1,0.5107142857142857,0.5965180125501145,0.0,0.999,False,False,True,False,False,False,False,True
1,0.1398139079333986,0.6944444444444444,0.3503717472118959,1,0.7857142857142857,0.9999999999999999,0.0,0.0,False,False,True,False,False,False,False,True
1,0.6052889324191969,0.03888888888888886,0.7221189591078067,1,0.5714285714285714,0.9999999999999999,0.0,0.895,False,False,False,True,False,False,True,False
0,0.5,0.5,0.5,0,0.07505357142857143,0.9999999999999999,0.0,0.0,False,True,False,False,False,False,True,False
0,0.5,0.5,0.5,0,0.019357142857142857,0.9999999999999999,0.0,0.0,False,False,False,True,False,True,False,False
0,0.5,0.5,0.5,0,0.6785714285714285,0.9999999999999999,0.0,0.0,False,False,False,True,False,True,False,False
0,0.5,0.5,0.5,0,0.12889285714285714,0.9999999999999999,0.0,0.0,True,False,False,False,False,False,True,False
1,0.24265426052889322,0.5444444444444444,0.23605947955390333,0,0.6071428571428571,0.9999999999999999,0.0,0.0,False,True,False,False,False,False,True,False
0,0.5394221351616063,0.8,0.4851301115241636,0,0.13775,0.5182933139464756,0.1,0.104,False,True,False,False,False,False,False,True
1,0.14226248775710088,0.6944444444444444,0.23745353159851296,0,0.75,0.9999999999999999,0.0,0.0,False,True,False,False,False,False,False,True
1,0.4926542605288932,0.1777777777777778,0.6858736059479554,1,0.5071428571428571,0.9999999999999999,0.0,0.918,False,False,False,True,True,False,False,False
0,0.5,0.5,0.5,0,0.23285714285714282,0.37603316109028223,0.0,0.0,False,True,False,False,False,False,False,True
1,0.14226248775710088,0.6944444444444444,0.23745353159851296,0,0.21678571428571428,0.9999999999999999,0.48,0.063,False,True,False,False,False,False,False,True
1,0.5342801175318316,0.6222222222222222,0.5013940520446096,0,0.4464285714285714,0.48970952256290107,0.0,1.0,False,False,True,False,False,True,False,False
0,0.5,0.5,0.5,0,0.0023214285714285715,0.9999999999999999,0.0,0.0,False,False,False,True,False,True,False,False
0,0.5,0.5,0.5,0,0.009696428571428571,0.9999999999999999,0.1,0.132,True,False,False,False,False,False,True,False
0,0.4657198824681685,0.5,0.479089219330855,0,0.4517857142857143,0.9999999999999999,0.01,0.937,False,False,True,False,False,True,False,False
1,0.0,0.55,0.22630111524163565,0,0.5892857142857143,0.9999999999999999,0.0,0.986,False,False,True,False,True,False,False,False
1,0.14201762977473065,0.7166666666666667,0.04739776951672858,1,0.4660714285714286,0.9999999999999999,0.0,0.0,True,False,False,False,False,False,False,True
0,0.5,0.5,0.5,0,0.4660714285714286,0.9999999999999999,0.0,0.782,False,True,False,False,False,False,False,True
0,0.460822722820764,0.7277777777777777,0.491635687732342,0,0.43571428571428567,0.26008149251411217,0.16,0.717,True,False,False,False,False,False,False,True
0,0.5,0.5,0.5,0,0.018875,0.9999999999999999,0.0,0.0,True,False,False,False,False,False,True,False
1,0.4534769833496572,0.5722222222222222,0.35269516728624534,0,0.49821428571428567,0.59610797747993,0.06,0.999,False,False,True,False,True,False,False,False
0,0.5,0.5,0.5,0,0.18107142857142858,0.27118238378981824,0.0,0.0,False,False,True,False,False,False,False,True
1,0.6297747306562194,0.11111111111111116,0.7644052044609666,1,0.4875,0.9999999999999999,0.0,0.831,False,False,False,True,False,True,False,False
0,0.5,0.5,0.5,0,0.44999999999999996,0.9999999999999999,0.0,0.894,False,True,False,False,False,False,False,True
1,0.5688050930460333,0.4444444444444444,0.737453531598513,1,0.4928571428571429,0.9999999999999999,0.0,1.0,True,False,False,False,False,False,True,False
1,0.6349167482859941,0.2888888888888889,0.7397769516728625,1,0.5535714285714285,0.48960451822245254,0.0,0.993,False,True,False,False,False,False,True,False
1,0.17874632713026445,0.2888888888888889,0.22211895910780666,0,0.6785714285714285,0.9999999999999999,0.0,0.0,False,False,False,True,False,False,True,False
0,0.5,0.5,0.5,0,0.2982142857142857,0.5628559641192841,0.0,0.0,True,False,False,False,False,False,False,True
0,0.5,0.5,0.5,0,0.5,0.9999999999999999,0.0,0.999,False,False,True,False,True,False,False,False
1,0.4635161606268364,0.9055555555555554,0.5153345724907064,0,0.42321428571428565,0.9999999999999999,0.09,0.916,True,False,False,False,False,False,False,True
1,0.5832517140058766,0.40555555555555556,0.4749070631970261,0,0.3305357142857143,0.9999999999999999,0.05,0.364,True,False,False,False,False,False,False,True
1,0.14226248775710088,0.6944444444444444,0.23745353159851296,0,0.30553571428571424,0.9999999999999999,0.17,0.231,False,True,False,False,False,False,False,True
0,0.5,0.5,0.5,0,3.571428571428571e-05,0.9999999999999999,0.0,0.0,True,False,False,False,False,True,False,False
1,0.6420176297747306,0.2055555555555556,0.370817843866171,1,0.4892857142857142,0.9999999999999999,0.0,0.999,False,True,False,False,True,False,False,False
1,0.17874632713026445,0.2888888888888889,0.22211895910780666,0,0.42142857142857143,0.9999999999999999,0.0,0.992,False,False,False,True,True,False,False,False
1,0.6128795298726739,0.6611111111111111,0.45817843866171004,0,0.5714285714285714,0.9999999999999999,0.0,1.0,False,False,True,False,False,False,False,True
1,0.14226248775710088,0.6944444444444444,0.23745353159851296,0,1.0,0.5609520801139698,0.0,0.0,False,True,False,False,False,False,False,True
1,0.24265426052889322,0.5444444444444444,0.23605947955390333,0,0.5017857142857143,0.9999999999999999,0.0,0.833,False,True,False,False,False,False,True,False
0,0.6177766895200784,0.6222222222222222,0.6342936802973977,1,0.5285714285714286,0.9999999999999999,0.06,0.998,False,False,True,False,False,False,False,True
1,0.5734573947110676,0.7,0.2736988847583643,1,0.43571428571428567,0.9999999999999999,0.0,0.762,False,True,False,False,False,False,False,True
1,0.43119490695396673,0.5555555555555556,0.262546468401487,1,0.4660714285714286,0.9999999999999999,0.02,0.172,False,False,True,False,True,False,False,False
1,0.14226248775710088,0.6944444444444444,0.23745353159851296,0,0.2344642857142857,0.9999999999999999,0.01,0.228,False,True,False,False,False,False,False,True
1,0.5734573947110676,0.4777777777777778,0.4865241635687732,0,0.5535714285714285,0.9999999999999999,0.0,1.0,False,False,True,False,True,False,False,False
1,0.7426542605288933,0.27222222222222225,0.7225836431226766,1,0.4392857142857143,0.9999999999999999,0.0,1.0,False,False,True,False,False,True,False,False
0,0.5,0.5,0.5,0,0.01833928571428571,0.5963272137504405,0.0,0.0,False,False,False,True,False,False,True,False
1,0.24265426052889322,0.5444444444444444,0.23605947955390333,0,0.5232142857142857,0.9999999999999999,0.01,0.997,False,True,False,False,False,False,True,False
1,0.5734573947110676,0.3611111111111111,0.48141263940520446,0,0.5714285714285714,0.9999999999999999,0.0,1.0,False,False,True,False,True,False,False,False
0,0.5,0.5,0.5,0,0.0004464285714285714,0.5965595365963029,0.0,0.0,False,False,False,True,False,False,True,False
1,0.5364838393731636,0.0944444444444445,0.4846654275092937,0,0.44821428571428573,0.9999999999999999,0.0,0.993,False,False,False,True,True,False,False,False
0,0.5,0.5,0.5,0,0.15923214285714285,0.9999999999999999,0.0,0.0,False,False,True,False,False,True,False,False
0,0.4975514201762977,0.5,0.6129182156133829,1,0.46964285714285714,0.9999999999999999,0.22,0.956,False,False,True,False,False,True,False,False
0,0.5,0.5,0.5,0,0.475,0.9999999999999999,0.0,0.999,False,True,False,False,False,False,False,True
0,0.5,0.5,0.5,0,0.18928571428571428,0.9999999999999999,0.0,0.0,False,False,False,True,False,False,True,False
1,0.056317335945151814,0.5722222222222222,0.23698884758364308,0,0.49107142857142855,0.9999999999999999,0.0,0.0,False,True,False,False,True,False,False,False
1,0.24265426052889322,0.5444444444444444,0.23605947955390333,0,0.2935714285714286,0.9999999999999999,0.02,0.21,False,True,False,False,False,False,True,False
1,0.5612144955925563,0.14444444444444443,0.733271375464684,1,0.0,0.9999999999999999,0.0,0.0,False,False,False,True,False,False,True,False
1,0.1398139079333986,0.6944444444444444,0.3503717472118959,1,0.4321428571428571,0.9999999999999999,0.44,0.313,False,False,True,False,False,False,False,True
0,0.5465230166503428,0.4277777777777778,0.6473048327137547,0,0.45535714285714285,0.9999999999999999,0.01,0.853,True,False,False,False,False,False,True,False
1,0.056317335945151814,0.5722222222222222,0.23698884758364308,0,0.6428571428571428,0.9999999999999999,0.0,0.0,False,False,False,True,False,False,True,False
1,0.1398139079333986,0.6944444444444444,0.3503717472118959,1,0.5339285714285714,0.9999999999999999,0.01,0.908,False,False,True,False,False,False,False,True
1,0.14226248775710088,0.6944444444444444,0.23745353159851296,0,0.49642857142857144,0.9999999999999999,0.0,0.0,False,True,False,False,False,False,False,True
1,0.5394221351616063,0.8,0.4851301115241636,0,0.5178571428571428,0.9999999999999999,0.01,0.659,False,True,False,False,False,False,False,True
1,0.6177766895200784,0.6222222222222222,0.6342936802973977,1,0.6071428571428571,0.5629028108616995,0.0,0.999,False,False,True,False,False,False,False,True
0,0.5,0.5,0.5,0,0.1667142857142857,0.9999999999999999,0.0,0.0,False,False,True,False,True,False,False,False
0,0.568560235063663,0.6333333333333333,0.49814126394052044,0,0.4607142857142857,0.9999999999999999,0.08,0.912,False,True,False,False,False,False,False,True
1,0.45592556317335947,0.6444444444444444,0.5130111524163569,0,0.5196428571428572,0.9999999999999999,0.01,0.997,False,False,True,False,True,False,False,False
0,0.7426542605288933,0.27222222222222225,0.7225836431226766,1,0.48392857142857143,0.5926791076502579,0.07,0.664,False,False,True,False,False,True,False,False
0,0.5,0.5,0.5,0,0.00017857142857142857,0.596587035238283,0.0,0.0,True,False,False,False,False,True,False,False
0,0.4265426052889324,0.6388888888888888,0.5185873605947956,0,0.1712857142857143,0.9999999999999999,0.17,0.0,True,False,False,False,False,False,True,False
1,0.056317335945151814,0.5722222222222222,0.23698884758364308,0,0.7321428571428571,0.9999999999999999,0.0,0.0,False,True,False,False,True,False,False,False
1,0.1398139079333986,0.6944444444444444,0.3503717472118959,1,0.4732142857142857,0.9999999999999999,0.05,0.896,False,False,True,False,False,False,False,True
1,0.5345249755142018,0.47777777777777775,0.5009293680297398,0,0.4446428571428571,0.9999999999999999,0.0,0.0,False,False,True,False,False,False,False,True
1,0.49779627815866795,0.4777777777777778,0.8029739776951673,1,0.6071428571428571,0.5965882577608526,0.02,0.987,False,False,True,False,True,False,False,False
0,0.6420176297747306,0.3277777777777778,0.35130111524163565,1,0.32589285714285715,0.35592226467362015,0.58,0.015,False,False,True,False,True,False,False,False
1,0.0734573947110676,0.75,0.0,1,0.16524999999999998,0.9999999999999999,0.0,0.0,False,True,False,False,False,False,False,True
1,0.5734573947110676,0.7,0.2736988847583643,1,0.30178571428571427,0.5182448942643352,0.0,0.0,False,True,False,False,False,False,False,True
0,0.5,0.5,0.5,0,0.25339285714285714,0.3375861913343476,0.0,0.0,False,True,False,False,False,False,True,False
0,0.4755142017629775,0.5444444444444444,0.4711895910780669,0,0.0011607142857142858,0.39424423182560553,0.83,0.004,False,True,False,False,False,False,False,True
1,0.14201762977473065,0.7166666666666667,0.04739776951672858,1,0.6428571428571428,0.9999999999999999,0.0,0.0,True,False,False,False,False,False,False,True
1,0.5394221351616063,0.8,0.4851301115241636,0,0.47142857142857136,0.9999999999999999,0.07,0.82,False,True,False,False,False,False,False,True
0,0.43119490695396673,0.5555555555555556,0.262546468401487,1,0.4178571428571428,0.5475457470795371,0.06,0.238,False,False,True,False,True,False,False,False
0,0.5,0.5,0.5,0,5.357142857142857e-05,0.9999999999999999,0.0,0.0,True,False,False,False,False,False,False,True
1,0.0,0.55,0.22630111524163565,0,0.5892857142857143,0.9999999999999999,0.0,1.0,False,False,True,False,True,False,False,False
1,0.5734573947110676,0.3611111111111111,0.48141263940520446,0,0.0,0.9999999999999999,0.0,0.0,False,False,True,False,True,False,False,False
0,0.4265426052889324,0.9277777777777778,0.6273234200743494,1,0.44285714285714284,0.9999999999999999,0.31,0.747,True,False,False,False,False,False,False,True
0,0.5,0.5,0.5,0,0.2501785714285714,0.9999999999999999,0.0,0.0,False,False,True,False,False,False,False,True
1,0.5345249755142018,0.4777777777777778,0.7012081784386617,1,0.44285714285714284,0.9999999999999999,0.0,0.519,False,True,False,False,True,False,False,False
1,0.14226248775710088,0.6944444444444444,0.23745353159851296,0,0.43392857142857144,0.9999999999999999,0.01,0.748,False,True,False,False,False,False,False,True
0,0.5734573947110676,0.4777777777777778,0.4865241635687732,0,0.15437499999999998,0.9999999999999999,0.06,0.21,False,False,True,False,True,False,False,False
1,0.5737022526934378,0.6444444444444444,0.5065055762081785,0,0.5053571428571428,0.9999999999999999,0.0,0.984,False,True,False,False,False,False,False,True
1,0.6469147894221352,0.2888888888888889,0.5274163568773235,0,0.5535714285714285,0.9999999999999999,0.0,0.994,False,False,True,False,True,False,False,False
0,0.4534769833496572,0.5722222222222222,0.35269516728624534,0,0.5714285714285714,0.9999999999999999,0.0,0.998,False,False,True,False,True,False,False,False
0,0.5,0.5,0.5,0,0.49642857142857144,0.9999999999999999,0.0,0.853,False,False,True,False,True,False,False,False
0,0.568560235063663,0.6333333333333333,0.49814126394052044,0,0.5125,0.9999999999999999,0.01,1.0,False,True,False,False,False,False,False,True
0,0.4534769833496572,0.5722222222222222,0.35269516728624534,0,0.5892857142857143,0.9999999999999999,0.0,0.775,False,False,True,False,True,False,False,False
1,0.7426542605288933,0.27222222222222225,0.7225836431226766,1,0.6071428571428571,0.9999999999999999,0.0,1.0,False,False,True,False,True,False,False,False
1,0.46057786483839375,0.2,0.5148698884758364,0,0.5714285714285714,0.9999999999999999,0.01,0.874,False,False,False,True,False,True,False,False
0,0.5,0.5,0.5,0,0.0034107142857142856,0.9999999999999999,0.0,0.0,False,False,False,True,True,False,False,False
1,0.46057786483839375,0.2,0.5148698884758364,0,0.5892857142857143,0.9999999999999999,0.0,1.0,False,False,False,True,False,True,False,False
0,0.5,0.5,0.5,0,0.13594642857142858,0.9999999999999999,0.0,0.0,True,False,False,False,False,False,True,False
1,0.14201762977473065,0.7166666666666667,0.04739776951672858,1,0.0,0.9999999999999999,0.0,0.0,True,False,False,False,False,False,False,True
1,0.6349167482859941,0.2888888888888889,0.7397769516728625,1,0.5714285714285714,0.9999999999999999,0.0,0.993,False,True,False,False,False,False,True,False
1,0.4265426052889324,0.5222222222222223,0.5134758364312267,0,0.45714285714285713,0.5178643539664495,0.0,0.994,True,False,False,False,False,False,True,False
0,0.5,0.5,0.5,0,0.4821428571428571,0.9999999999999999,0.0,0.0,False,True,False,False,False,False,False,True
1,0.14226248775710088,0.6944444444444444,0.23745353159851296,0,0.4392857142857143,0.9999999999999999,0.01,0.338,False,True,False,False,False,False,False,True
0,0.5296278158667973,0.7888888888888889,0.5195167286245354,0,0.2564285714285714,0.9999999999999999,0.31,0.726,False,True,False,False,False,False,False,True
0,0.46547502448579825,0.5222222222222223,0.29879182156133827,1,0.3451785714285714,0.9999999999999999,0.13,0.366,True,False,False,False,False,True,False,False
0,0.5,0.5,0.5,0,0.43392857142857144,0.9999999999999999,0.06,0.871,False,False,False,True,False,True,False,False
1,0.5734573947110676,0.7,0.2736988847583643,1,0.49821428571428567,0.46815509384033105,0.0,0.802,False,True,False,False,False,False,False,True
0,0.5734573947110676,0.7,0.2736988847583643,1,0.3964285714285714,0.9999999999999999,0.0,0.015,False,True,False,False,False,False,False,True
0,0.5,0.5,0.5,0,0.15248214285714284,0.9999999999999999,0.31,0.133,True,False,False,False,False,False,True,False
1,0.5734573947110676,0.7,0.2736988847583643,1,0.625,0.9999999999999999,0.0,1.0,False,True,False,False,False,False,False,True
1,0.46057786483839375,0.2,0.5148698884758364,0,0.5535714285714285,0.9999999999999999,0.0,0.998,False,False,False,True,False,True,False,False
0,0.40181194906953965,0.5888888888888889,0.4400557620817844,1,0.3910714285714285,0.9999999999999999,0.01,0.0,True,False,False,False,False,True,False,False
0,0.5440744368266406,0.35555555555555557,0.48698884758364314,0,0.0,0.9999999999999999,0.0,0.0,False,True,False,False,False,False,True,False
1,0.14201762977473065,0.7166666666666667,0.04739776951672858,1,0.7142857142857142,0.9999999999999999,0.0,0.0,True,False,False,False,False,False,False,True
0,0.5636630754162586,0.6055555555555555,0.4103159851301115,1,0.2319642857142857,0.9999999999999999,1.0,0.0,False,True,False,False,False,False,False,True
1,0.14201762977473065,0.7166666666666667,0.04739776951672858,1,0.625,0.5957995448384914,0.0,0.0,True,False,False,False,False,False,False,True
0,0.4363369245837414,0.39444444444444443,0.5896840148698885,1,0.5214285714285714,0.3620493047972834,0.0,1.0,False,False,False,True,False,True,False,False
1,0.539177277179236,0.07222222222222224,0.35176579925650553,1,0.4589285714285714,0.9999999999999999,0.0,0.618,False,False,False,True,True,False,False,False
0,0.5,0.5,0.5,0,0.13885714285714285,0.9999999999999999,0.0,0.038,False,False,False,True,False,True,False,False
0,0.5,0.5,0.5,0,0.0016964285714285714,0.9999999999999999,0.0,0.0,False,False,False,True,False,True,False,False
1,0.0734573947110676,0.75,0.0,1,0.9642857142857142,0.9999999999999999,0.0,0.0,True,False,False,False,False,False,False,True
0,0.5,0.5,0.5,0,0.29464285714285715,0.9999999999999999,0.15,0.853,False,True,False,False,False,False,False,True
0,0.5,0.5,0.5,0,0.14307142857142857,0.40921686321969597,0.0,0.0,False,True,False,False,False,False,False,True
1,0.24265426052889322,0.5444444444444444,0.23605947955390333,0,0.4446428571428571,0.9999999999999999,0.0,0.969,False,True,False,False,False,False,True,False
0,0.5,0.5,0.5,0,0.09648214285714285,0.9999999999999999,0.0,0.0,False,True,False,False,False,False,False,True
1,0.17874632713026445,0.2888888888888889,0.22211895910780666,0,0.47678571428571426,0.9999999999999999,0.0,0.804,False,False,False,True,False,False,True,False
1,0.5639079333986288,0.7555555555555555,0.5139405204460967,0,0.8571428571428571,0.9999999999999999,0.0,0.0,False,True,False,False,False,False,False,True
1,0.5832517140058766,0.4444444444444444,0.4767657992565056,0,0.44285714285714284,0.5291697228007032,0.25,1.0,False,True,False,False,False,False,False,True
0,0.5,0.5,0.5,0,0.27303571428571427,0.9999999999999999,0.0,0.0,False,False,True,False,True,False,False,False
0,0.5,0.5,0.5,0,0.3821428571428571,0.4056525841780058,0.0,0.0,False,False,True,False,True,False,False,False
0,0.5,0.5,0.5,0,0.1932142857142857,0.9999999999999999,0.0,0.0,False,False,False,True,False,True,False,False
0,0.5,0.5,0.5,0,3.571428571428571e-05,0.5965094678780608,0.0,0.0,False,False,False,True,True,False,False,False
0,0.5,0.5,0.5,0,0.1609642857142857,0.9999999999999999,0.0,0.0,True,False,False,False,False,True,False,False
1,0.7426542605288933,0.27222222222222225,0.7225836431226766,1,0.6071428571428571,0.9999999999999999,0.0,1.0,False,False,True,False,True,False,False,False
1,0.24265426052889322,0.5444444444444444,0.23605947955390333,0,0.6964285714285714,0.9999999999999999,0.0,0.0,False,True,False,False,True,False,False,False
0,0.539177277179236,0.35555555555555557,0.4851301115241636,0,0.3982142857142857,0.5318981884372419,0.02,0.0,False,False,True,False,False,False,False,True
1,0.3971596474045054,0.2444444444444444,0.5004646840148699,0,0.425,0.9999999999999999,0.0,0.119,False,False,False,True,False,False,True,False
1,0.4657198824681685,0.5,0.479089219330855,0,0.44821428571428573,0.5620277349315621,0.08,0.994,False,False,True,False,False,False,False,True
1,0.5541136141038198,0.5166666666666666,0.7239776951672863,1,0.49107142857142855,0.9999999999999999,0.0,1.0,False,False,True,False,False,True,False,False
1,0.0734573947110676,0.75,0.0,1,0.3767857142857143,0.48964293466599523,0.0,0.0,False,True,False,False,False,False,False,True
1,0.4534769833496572,0.5722222222222222,0.35269516728624534,0,0.5892857142857143,0.468208567343604,0.0,0.999,False,False,True,False,True,False,False,False
0,0.5,0.5,0.5,0,0.12374999999999999,0.9999999999999999,0.03,0.373,False,False,False,True,False,True,False,False
0,0.5,0.5,0.5,0,0.2614285714285714,0.9999999999999999,0.0,0.0,False,False,True,False,False,True,False,False
0,0.5,0.5,0.5,0,0.1323392857142857,0.9999999999999999,0.0,0.0,False,True,False,False,False,False,False,True
1,0.14226248775710088,0.6944444444444444,0.23745353159851296,0,0.5892857142857143,0.5430815781723518,0.0,0.0,False,True,False,False,False,False,False,True
0,0.5,0.5,0.5,0,0.4928571428571429,0.9999999999999999,0.0,0.889,False,True,False,False,False,False,False,True
0,0.43119490695396673,0.5555555555555556,0.262546468401487,1,0.40714285714285714,0.2873080596192298,0.61,0.571,False,False,True,False,True,False,False,False
0,0.5,0.5,0.5,0,0.2514285714285714,0.9999999999999999,0.0,0.0,False,True,False,False,True,False,False,False
0,0.5,0.5,0.5,0,0.0009464285714285714,0.5627392271182281,0.0,0.0,False,False,False,True,False,False,True,False
1,0.6471596474045054,0.7,0.49070631970260226,0,0.5892857142857143,0.5964482342905966,0.0,0.998,False,True,False,False,False,False,False,True
0,0.5296278158667973,0.7888888888888889,0.5195167286245354,0,1.7857142857142855e-05,0.9999999999999999,0.69,0.046,False,True,False,False,False,False,False,True
0,0.5,0.5,0.5,0,8.928571428571429e-05,0.5964722550203353,0.0,0.0,True,False,False,False,False,True,False,False
1,0.056317335945151814,0.5722222222222222,0.23698884758364308,0,0.0018928571428571427,0.4888958195180988,0.0,0.0,False,True,False,False,True,False,False,False
1,0.35798237022526935,0.6722222222222223,0.6486988847583643,1,0.0,0.9999999999999999,0.0,0.0,True,False,False,False,False,False,True,False
0,0.5,0.5,0.5,0,0.17005357142857142,0.9999999999999999,0.0,0.0,False,True,False,False,False,False,False,True
0,0.5394221351616063,0.8,0.4851301115241636,0,0.23464285714285715,0.9999999999999999,0.02,0.257,False,True,False,False,False,False,False,True
0,0.5,0.5,0.5,0,0.425,0.9999999999999999,0.01,1.0,True,False,False,False,False,False,True,False
1,0.1398139079333986,0.6944444444444444,0.3503717472118959,1,0.875,0.9999999999999999,0.0,0.0,False,False,True,False,False,False,False,True
1,0.4605778648383937,0.31666666666666665,0.5283457249070632,0,0.5285714285714286,0.9999999999999999,0.0,1.0,False,False,True,False,False,True,False,False
0,0.5,0.5,0.5,0,0.4732142857142857,0.9999999999999999,0.0,0.737,True,False,False,False,False,False,True,False
1,0.17874632713026445,0.2888888888888889,0.22211895910780666,0,0.3839285714285714,0.9999999999999999,0.02,0.679,False,False,False,True,True,False,False,False
0,0.33080313418217433,0.7055555555555555,0.2639405204460966,1,0.3964285714285714,0.9999999999999999,0.16,0.177,False,True,False,False,True,False,False,False
1,0.14201762977473065,0.7166666666666667,0.04739776951672858,1,0.42142857142857143,0.4954166610603863,0.0,0.085,True,False,False,False,False,False,False,True
1,0.4265426052889324,0.30000000000000004,0.7263011152416357,1,0.5232142857142857,0.9999999999999999,0.0,1.0,False,False,False,True,False,True,False,False
1,0.5734573947110676,0.3611111111111111,0.48141263940520446,0,0.44821428571428573,0.9999999999999999,0.0,0.743,False,False,True,False,True,False,False,False
0,0.5394221351616063,0.6833333333333333,0.47165427509293684,0,0.4035714285714286,0.22534045126785515,0.1,0.365,False,True,False,False,False,False,True,False
1,0.8161116552399608,0.4722222222222222,0.4962825278810409,0,0.6071428571428571,0.9999999999999999,0.0,1.0,False,False,True,False,False,False,False,True
1,0.502203721841332,0.05555555555555558,0.47165427509293684,0,0.5535714285714285,0.9999999999999999,0.0,0.999,False,False,False,True,True,False,False,False
0,0.35798237022526935,0.6722222222222223,0.6486988847583643,1,0.006982142857142857,0.4896224330728262,0.62,0.053,True,False,False,False,False,False,True,False
1,0.5734573947110676,0.07222222222222224,0.37267657992565056,1,0.5214285714285714,0.9999999999999999,0.0,1.0,False,False,False,True,True,False,False,False
1,0.45592556317335947,0.6444444444444444,0.5130111524163569,0,0.3403571428571428,0.9999999999999999,0.14,0.003,False,False,True,False,True,False,False,False
1,0.14226248775710088,0.6944444444444444,0.23745353159851296,0,0.7142857142857142,0.9999999999999999,0.0,0.0,False,True,False,False,False,False,False,True
0,0.5,0.5,0.5,0,0.0010178571428571428,0.4587492428689123,0.0,0.0,False,False,False,True,False,True,False,False
0,0.5734573947110676,0.7,0.2736988847583643,1,0.33732142857142855,0.5291406674705437,0.05,0.002,False,True,False,False,False,False,False,True
1,0.24265426052889322,0.5444444444444444,0.23605947955390333,0,0.625,0.9999999999999999,0.0,0.0,False,True,False,False,True,False,False,False
1,0.46057786483839375,0.2,0.5148698884758364,0,0.5178571428571428,0.9999999999999999,0.0,0.997,False,False,False,True,False,True,False,False
1,0.43119490695396673,0.5555555555555556,0.262546468401487,1,0.42857142857142855,0.9999999999999999,0.0,0.016,False,False,True,False,True,False,False,False
0,0.5,0.5,0.5,0,0.08278571428571428,0.3891863225770573,0.0,0.0,True,False,False,False,False,False,True,False
0,0.6128795298726739,0.6611111111111111,0.45817843866171004,0,0.3339285714285714,0.432942025342614,0.06,0.622,False,False,True,False,False,False,False,True
0,0.5,0.5,0.5,0,0.029107142857142852,0.5180957809483256,0.0,0.0,False,True,False,False,False,False,False,True
0,0.5,0.5,0.5,0,0.08260714285714287,0.9999999999999999,0.0,0.0,False,False,False,True,False,False,True,False
0,0.5,0.5,0.5,0,0.0002321428571428571,0.9999999999999999,0.0,0.0,False,False,False,True,False,True,False,False
0,0.5,0.5,0.5,0,0.31910714285714287,0.37928122847287804,0.0,0.0,False,True,False,False,False,False,False,True
1,0.5318315377081293,0.34444444444444444,0.49117100371747213,0,0.47857142857142854,0.9999999999999999,0.0,0.999,False,True,False,False,True,False,False,False
0,0.6420176297747306,0.3277777777777778,0.35130111524163565,1,0.38035714285714284,0.5960848618021769,0.18,0.467,False,False,True,False,True,False,False,False
0,0.4338883447600392,0.65,0.512546468401487,0,0.11423214285714285,0.43094375773872606,0.35,0.013,True,False,False,False,False,False,True,False
0,0.5,0.5,0.5,0,0.09680357142857143,0.9999999999999999,0.0,0.0,False,True,False,False,False,False,False,True
0,0.5,0.5,0.5,0,0.19303571428571428,0.3918952616214219,0.0,0.0,False,True,False,False,False,False,False,True
0,0.5,0.5,0.5,0,0.1994642857142857,0.9999999999999999,0.0,0.0,False,True,False,False,False,False,True,False
1,0.46057786483839375,0.2,0.5148698884758364,0,0.49107142857142855,0.9999999999999999,0.0,0.979,False,False,False,True,False,True,False,False
0,0.46547502448579825,0.48333333333333334,0.4972118959107807,0,0.23964285714285713,0.9999999999999999,0.8,0.002,True,False,False,False,False,False,True,False
1,0.6469147894221352,0.2888888888888889,0.5274163568773235,0,0.4303571428571429,0.9999999999999999,0.0,0.039,False,False,True,False,True,False,False,False
0,0.5342801175318316,0.5055555555555555,0.4962825278810409,0,0.17133928571428572,0.9999999999999999,0.55,0.0,False,False,True,False,False,True,False,False
0,0.5,0.5,0.5,0,0.05048214285714285,0.9999999999999999,0.06,0.086,False,False,False,True,False,True,False,False
0,0.5,0.5,0.5,0,0.2144642857142857,0.9999999999999999,0.0,0.0,False,True,False,False,True,False,False,False
0,0.5,0.5,0.5,0,0.2803571428571428,0.9999999999999999,0.0,0.0,False,True,False,False,False,False,False,True
1,0.1398139079333986,0.6944444444444444,0.3503717472118959,1,0.2905357142857143,0.9999999999999999,0.11,0.973,False,False,True,False,False,False,False,True
0,0.5,0.5,0.5,0,0.0023214285714285715,0.4896262340405493,0.0,0.0,False,False,False,True,False,True,False,False
1,0.44588638589618024,0.48333333333333334,0.2760223048327137,1,0.0,0.9999999999999999,0.0,0.0,False,True,False,False,False,False,True,False
0,0.4755142017629775,0.5444444444444444,0.4711895910780669,0,0.000125,0.9999999999999999,0.66,0.0,False,True,False,False,False,False,False,True
0,0.43609206660137123,0.24444444444444446,0.48605947955390333,0,0.3910714285714285,0.5601315480818704,0.02,0.714,False,False,False,True,False,True,False,False
0,0.568560235063663,0.6333333333333333,0.49814126394052044,0,0.37142857142857144,0.45437295356996804,0.2,0.007,False,True,False,False,False,False,False,True
0,0.509794319294809,0.55,0.4674721189591078,0,0.24160714285714283,0.5965882577608526,0.07,0.008,False,True,False,False,True,False,False,False
0,0.5,0.5,0.5,0,0.10466071428571427,0.9999999999999999,0.0,0.0,False,True,False,False,True,False,False,False
1,0.0734573947110676,0.75,0.0,1,0.16567857142857143,0.9999999999999999,0.44,0.032,False,True,False,False,False,False,False,True
0,0.5,0.5,0.5,0,0.12717857142857142,0.9999999999999999,0.56,0.191,True,False,False,False,False,False,True,False
1,0.49975514201762977,0.5222222222222223,0.30994423791821557,1,0.4535714285714285,0.5966311877711308,0.03,0.991,True,False,False,False,False,True,False,False
0,0.5,0.5,0.5,0,0.11524999999999999,0.5964738405617132,0.0,0.0,False,False,False,True,False,True,False,False
0,0.5,0.5,0.5,0,0.0004107142857142857,0.40926683432985117,0.0,0.0,True,False,False,False,False,False,True,False
1,0.44588638589618024,0.48333333333333334,0.2760223048327137,1,0.5053571428571428,0.5182881762413288,0.02,0.995,False,True,False,False,False,False,True,False
0,0.8161116552399608,0.4722222222222222,0.4962825278810409,0,0.38571428571428573,0.9999999999999999,0.52,0.761,False,False,True,False,False,False,False,True
1,0.056317335945151814,0.5722222222222222,0.23698884758364308,0,0.010589285714285713,0.9999999999999999,0.0,0.0,False,True,False,False,True,False,False,False
1,0.24265426052889322,0.5444444444444444,0.23605947955390333,0,0.4607142857142857,0.4896804301113063,0.01,0.285,False,True,False,False,True,False,False,False
1,0.14226248775710088,0.6944444444444444,0.23745353159851296,0,0.3001785714285714,0.9999999999999999,0.23,0.039,False,True,False,False,False,False,False,True
1,0.46057786483839375,0.2,0.5148698884758364,0,0.48392857142857143,0.5870230446089036,0.0,1.0,False,False,False,True,False,True,False,False
1,0.6297747306562194,0.11111111111111116,0.7644052044609666,1,0.4660714285714286,0.9999999999999999,0.0,1.0,False,False,False,True,False,True,False,False
0,0.5,0.5,0.5,0,0.027553571428571427,0.5963767300475004,0.0,0.0,False,False,True,False,True,False,False,False
0,0.5,0.5,0.5,0,0.054267857142857145,0.9999999999999999,0.0,0.0,False,False,False,True,False,True,False,False
1,0.5394221351616063,0.8,0.4851301115241636,0,0.5089285714285714,0.9999999999999999,0.0,0.994,False,True,False,False,False,False,False,True
0,0.46547502448579825,0.48333333333333334,0.4972118959107807,0,0.18857142857142856,0.17463481060938943,0.41,0.028,True,False,False,False,False,False,True,False
0,0.5,0.5,0.5,0,0.06548214285714285,0.9999999999999999,0.2,0.063,False,False,False,True,False,True,False,False
1,0.056317335945151814,0.5722222222222222,0.23698884758364308,0,0.07394642857142857,0.9999999999999999,0.0,0.0,False,True,False,False,False,False,True,False
1,0.14226248775710088,0.6944444444444444,0.23745353159851296,0,0.3892857142857143,0.9999999999999999,0.07,0.722,False,True,False,False,False,False,False,True
0,0.4755142017629775,0.5444444444444444,0.4711895910780669,0,0.3982142857142857,0.13469958874564278,0.09,0.801,False,True,False,False,False,False,False,True
0,0.5,0.5,0.5,0,0.18571428571428572,0.9999999999999999,0.0,0.0,False,True,False,False,False,False,False,True
1,0.5345249755142018,0.5166666666666666,0.5027881040892194,0,0.4678571428571428,0.9999999999999999,0.18,0.729,False,False,True,False,True,False,False,False
1,0.17874632713026445,0.2888888888888889,0.22211895910780666,0,0.0,0.9999999999999999,0.0,0.0,False,False,False,True,True,False,False,False
0,0.5,0.5,0.5,0,0.1551607142857143,0.5628257150621991,0.0,0.0,False,False,True,False,True,False,False,False
0,0.4265426052889324,0.6388888888888888,0.5185873605947956,0,0.3625,0.9999999999999999,0.02,0.539,True,False,False,False,False,False,True,False
1,0.46057786483839375,0.2,0.5148698884758364,0,0.5107142857142857,0.5965529392336035,0.04,0.974,False,False,False,True,False,True,False,False
0,0.5,0.5,0.5,0,0.2789285714285714,0.5019306238897197,0.0,0.0,False,False,True,False,True,False,False,False
1,0.1398139079333986,0.6944444444444444,0.3503717472118959,1,0.5714285714285714,0.9999999999999999,0.0,0.99,False,False,True,False,False,False,False,True
0,0.5,0.5,0.5,0,3.571428571428571e-05,0.9999999999999999,0.0,0.0,True,False,False,False,False,False,True,False
1,0.49779627815866795,0.4777777777777778,0.8029739776951673,1,0.0,0.9999999999999999,0.0,0.0,False,False,True,False,True,False,False,False
0,0.5,0.5,0.5,0,0.18035714285714283,0.9999999999999999,0.0,0.0,False,False,True,False,True,False,False,False
1,0.24265426052889322,0.5444444444444444,0.23605947955390333,0,0.625,0.9999999999999999,0.0,0.0,False,True,False,False,False,False,True,False
1,0.37022526934378064,0.8888888888888888,0.23559479553903345,1,0.6071428571428571,0.354167814800801,0.0,0.994,False,True,False,False,False,False,False,True
1,0.1398139079333986,0.6944444444444444,0.3503717472118959,1,0.6428571428571428,0.9999999999999999,0.0,0.0,False,False,True,False,False,False,False,True
0,0.5,0.5,0.5,0,0.3285714285714285,0.4759382615694097,0.0,0.0,False,False,True,False,False,False,False,True
1,0.5541136141038198,0.5166666666666666,0.7239776951672863,1,0.0,0.9999999999999999,0.0,0.0,False,False,True,False,False,True,False,False
0,0.5734573947110676,0.3611111111111111,0.48141263940520446,0,0.15794642857142857,0.9999999999999999,0.17,0.0,False,False,True,False,True,False,False,False
1,0.5244857982370226,0.45555555555555555,0.5288104089219331,0,0.4178571428571428,0.9999999999999999,0.0,0.06,False,False,False,True,False,True,False,False
0,0.568560235063663,0.6333333333333333,0.49814126394052044,0,0.06935714285714285,0.5812190464460955,0.23,0.41,False,True,False,False,False,False,False,True
1,0.14201762977473065,0.7166666666666667,0.04739776951672858,1,0.875,0.9999999999999999,0.0,0.0,True,False,False,False,False,False,False,True
0,0.46547502448579825,0.48333333333333334,0.4972118959107807,0,1.7857142857142855e-05,0.4508420035114811,0.34,0.0,True,False,False,False,False,False,True,False
0,0.5,0.5,0.5,0,0.0003214285714285714,0.5290063211824471,0.0,0.0,False,False,False,True,False,True,False,False
1,0.3947110675808031,0.9611111111111111,0.27788104089219334,1,0.6071428571428571,0.5163999699098698,0.0,1.0,False,False,True,False,False,False,False,True
1,0.6471596474045054,0.7,0.49070631970260226,0,0.4392857142857143,0.9999999999999999,0.0,0.16,False,True,False,False,False,False,False,True
1,0.24265426052889322,0.5444444444444444,0.23605947955390333,0,0.6071428571428571,0.9999999999999999,0.0,0.0,False,True,False,False,True,False,False,False
1,0.5296278158667973,0.7888888888888889,0.5195167286245354,0,0.39999999999999997,0.9999999999999999,0.15,0.319,False,True,False,False,False,False,False,True
0,0.5345249755142018,0.5166666666666666,0.5027881040892194,0,0.27660714285714283,0.9999999999999999,0.01,0.048,False,False,True,False,True,False,False,False
1,0.46057786483839375,0.2,0.5148698884758364,0,0.49821428571428567,0.9999999999999999,0.0,0.781,False,False,False,True,False,True,False,False
1,0.5639079333986288,0.7944444444444444,0.5157992565055762,0,0.5892857142857143,0.9999999999999999,0.0,1.0,False,False,True,False,False,False,False,True
1,0.6297747306562194,0.11111111111111116,0.7644052044609666,1,0.0,0.9999999999999999,0.0,0.0,False,False,False,True,False,True,False,False
1,0.42140058765915767,0.6277777777777778,0.5102230483271375,0,0.0,0.9999999999999999,0.0,0.0,True,False,False,False,False,False,True,False
1,0.5342801175318316,0.5055555555555555,0.4962825278810409,0,0.5142857142857142,0.9999999999999999,0.0,0.999,False,False,False,True,True,False,False,False
0,0.5,0.5,0.5,0,0.4035714285714286,0.9999999999999999,0.01,0.002,False,True,False,False,False,False,False,True
0,0.33080313418217433,0.7055555555555555,0.2639405204460966,1,0.4178571428571428,0.32570302660978195,0.09,0.448,False,True,False,False,True,False,False,False
1,0.3552889324191969,0.6611111111111111,0.2927509293680297,1,0.43392857142857144,0.9999999999999999,0.0,0.703,False,False,True,False,False,True,False,False
0,0.5342801175318316,0.5055555555555555,0.4962825278810409,0,0.171,0.42219868132855426,0.55,0.004,False,False,True,False,False,True,False,False
1,0.14226248775710088,0.6944444444444444,0.23745353159851296,0,0.14328571428571427,0.9999999999999999,0.09,0.046,False,True,False,False,False,False,False,True
0,0.5,0.5,0.5,0,0.015857142857142858,0.9999999999999999,0.0,0.0,True,False,False,False,False,False,True,False
1,0.4926542605288932,0.1777777777777778,0.6858736059479554,1,0.0,0.9999999999999999,0.0,0.0,False,False,False,True,True,False,False,False
0,0.5,0.5,0.5,0,0.016928571428571428,0.9999999999999999,0.0,0.0,True,False,False,False,False,True,False,False
0,0.4338883447600392,0.65,0.512546468401487,0,0.375,0.5629020154362668,0.06,0.375,True,False,False,False,False,False,True,False
0,0.46547502448579825,0.5222222222222223,0.29879182156133827,1,0.40714285714285714,0.9999999999999999,0.02,0.615,True,False,False,False,False,True,False,False
0,0.5,0.5,0.5,0,0.0015714285714285713,0.9999999999999999,0.0,0.0,True,False,False,False,False,False,True,False
1,0.0,0.55,0.22630111524163565,0,0.6428571428571428,0.9999999999999999,0.0,0.0,False,False,True,False,True,False,False,False
1,0.0734573947110676,0.75,0.0,1,0.7142857142857142,0.9999999999999999,0.0,0.0,False,True,False,False,False,False,False,True
0,0.5,0.5,0.5,0,0.30857142857142855,0.9999999999999999,0.02,0.253,False,True,False,False,False,False,False,True
0,0.4363369245837414,0.6888888888888889,0.48605947955390333,0,0.48392857142857143,0.4894362779243874,0.0,0.999,False,True,False,False,False,False,True,False
1,0.539177277179236,0.35555555555555557,0.4851301115241636,0,0.44999999999999996,0.9999999999999999,0.0,1.0,False,False,True,False,False,False,False,True
1,0.3161116552399608,0.5222222222222223,0.2225836431226766,0,0.5714285714285714,0.9999999999999999,0.0,1.0,False,False,True,False,False,False,False,True
1,0.4657198824681685,0.5,0.479089219330855,0,0.5,0.9999999999999999,0.02,0.975,False,False,True,False,False,True,False,False
1,0.29676787463271304,0.6888888888888889,0.46189591078066916,0,0.6785714285714285,0.9999999999999999,0.0,0.0,False,False,True,False,False,False,False,True
0,0.5,0.5,0.5,0,0.2032142857142857,0.9999999999999999,0.0,0.0,False,True,False,False,False,False,False,True
0,0.7426542605288933,0.27222222222222225,0.7225836431226766,1,0.5035714285714286,0.9999999999999999,0.0,0.948,False,False,True,False,True,False,False,False
1,0.14201762977473065,0.7166666666666667,0.04739776951672858,1,0.2007142857142857,0.596622256187946,0.32,0.008,True,False,False,False,False,False,False,True
1,0.6469147894221352,0.2888888888888889,0.5274163568773235,0,0.5535714285714285,0.9999999999999999,0.01,0.998,False,False,True,False,True,False,False,False
1,0.39226248775710093,0.48333333333333334,0.4809479553903346,0,0.4946428571428571,0.9999999999999999,0.0,0.977,False,False,False,True,False,False,True,False
1,0.539177277179236,0.35555555555555557,0.4851301115241636,0,0.6071428571428571,0.9999999999999999,0.0,0.838,False,False,True,False,False,False,False,True
0,0.5734573947110676,0.4777777777777778,0.4865241635687732,0,0.5714285714285714,0.36347607583029906,0.02,1.0,False,False,True,False,True,False,False,False
0,0.5,0.5,0.5,0,0.13724999999999998,0.5017039055967442,0.0,0.0,False,True,False,False,False,False,False,True
0,0.5,0.5,0.5,0,0.3508928571428571,0.9999999999999999,0.04,0.23,False,False,True,False,True,False,False,False
0,0.5465230166503428,0.4277777777777778,0.6473048327137547,0,0.31803571428571425,0.3239269145046123,0.01,0.613,True,False,False,False,False,False,True,False
1,0.35308521057786485,0.711111111111111,0.4725836431226766,0,0.0,0.9999999999999999,0.0,0.0,True,False,False,False,False,False,True,False
0,0.5,0.5,0.5,0,0.41428571428571426,0.9999999999999999,0.01,0.22,True,False,False,False,False,False,True,False
0,0.5785994123408423,0.37222222222222223,0.48977695167286245,0,0.3360714285714286,0.31920745336939793,0.24,0.429,False,False,True,False,True,False,False,False
0,0.5,0.5,0.5,0,0.21375,0.9999999999999999,0.0,0.0,False,False,False,True,False,False,True,False
1,0.056317335945151814,0.5722222222222222,0.23698884758364308,0,0.7142857142857142,0.9999999999999999,0.0,0.0,False,True,False,False,True,False,False,False
0,0.5,0.5,0.5,0,0.05044642857142857,0.9999999999999999,0.28,0.428,False,True,False,False,False,False,False,True
1,0.0734573947110676,0.75,0.0,1,0.5285714285714286,0.9999999999999999,0.0,0.997,False,True,False,False,False,False,False,True
0,0.5,0.5,0.5,0,0.20303571428571426,0.3927285867853725,0.0,0.0,False,True,False,False,False,False,False,True
1,0.6028403525954946,0.7555555555555555,0.4995353159851301,0,0.5714285714285714,0.9999999999999999,0.0,1.0,False,False,True,False,False,False,False,True
0,0.5734573947110676,0.3611111111111111,0.48141263940520446,0,0.4892857142857142,0.9999999999999999,0.0,0.999,False,False,True,False,True,False,False,False
0,0.5,0.5,0.5,0,0.07348214285714286,0.9999999999999999,0.08,0.187,True,False,False,False,False,False,True,False
0,0.43119490695396673,0.5555555555555556,0.262546468401487,1,0.4535714285714285,0.5093657569395057,0.01,0.3,False,False,True,False,True,False,False,False
0,0.6177766895200784,0.6222222222222222,0.6342936802973977,1,0.4178571428571428,0.3612732948734244,0.03,0.007,False,False,True,False,False,False,False,True
0,0.5,0.5,0.5,0,0.1814285714285714,0.4952402214280598,0.0,0.0,False,False,True,False,True,False,False,False
1,0.4262977473065622,0.3555555555555556,0.4934944237918215,0,0.45714285714285713,0.9999999999999999,0.0,0.679,False,False,False,True,False,True,False,False
0,0.5,0.5,0.5,0,0.0004821428571428571,0.9999999999999999,0.0,0.0,False,False,True,False,True,False,False,False
1,0.1398139079333986,0.6944444444444444,0.3503717472118959,1,0.6428571428571428,0.9999999999999999,0.0,0.0,False,False,True,False,False,False,False,True
0,0.43119490695396673,0.5555555555555556,0.262546468401487,1,0.36607142857142855,0.40823265573980105,1.0,0.004,False,False,True,False,True,False,False,False
0,0.49779627815866795,0.4777777777777778,0.8029739776951673,1,0.29607142857142854,0.9999999999999999,0.31,0.876,False,False,True,False,True,False,False,False
1,0.502203721841332,0.05555555555555558,0.47165427509293684,0,0.47678571428571426,0.9999999999999999,0.0,0.975,False,False,False,True,True,False,False,False
0,0.5,0.5,0.5,0,0.25482142857142853,0.2601190299353719,0.0,0.0,False,False,True,False,True,False,False,False
0,0.5,0.5,0.5,0,0.0004821428571428571,0.5964962876119402,0.0,0.0,False,False,False,True,False,True,False,False
1,0.20323212536728696,0.3611111111111111,0.2644052044609665,0,0.5232142857142857,0.9999999999999999,0.0,0.0,False,False,False,True,True,False,False,False
0,0.5,0.5,0.5,0,0.08141071428571428,0.9999999999999999,0.15,0.25,False,True,False,False,False,False,False,True
0,0.5,0.5,0.5,0,0.007,0.9999999999999999,0.0,0.0,False,True,False,False,False,False,True,False
1,0.14226248775710088,0.6944444444444444,0.23745353159851296,0,0.41607142857142854,0.9999999999999999,0.03,0.102,False,True,False,False,False,False,False,True
0,0.5,0.5,0.5,0,0.04292857142857143,0.5627702767314177,0.0,0.0,False,True,False,False,False,False,False,True
0,0.5734573947110676,0.3611111111111111,0.48141263940520446,0,0.15910714285714286,0.0939875137257851,0.27,0.0,False,False,True,False,True,False,False,False
1,0.44588638589618024,0.48333333333333334,0.2760223048327137,1,0.0,0.9999999999999999,0.0,0.0,False,True,False,False,False,False,True,False
0,0.5,0.5,0.5,0,0.2225,0.9999999999999999,0.0,0.0,False,True,False,False,False,False,False,True
0,0.5,0.5,0.5,0,0.15475,0.9999999999999999,0.0,0.0,False,False,True,False,True,False,False,False
0,0.5,0.5,0.5,0,0.2664285714285714,0.9999999999999999,0.02,0.011,False,False,False,True,False,True,False,False
0,0.5541136141038198,0.5166666666666666,0.7239776951672863,1,0.44107142857142856,0.9999999999999999,0.03,0.911,False,False,True,False,False,True,False,False
0,0.5,0.5,0.5,0,0.14230357142857142,0.596043377944262,0.0,0.0,False,False,True,False,True,False,False,False
0,0.5,0.5,0.5,0,7.142857142857142e-05,0.9999999999999999,0.0,0.0,True,False,False,False,False,False,False,True
1,0.46057786483839375,0.2,0.5148698884758364,0,0.4892857142857142,0.9999999999999999,0.0,0.976,False,False,False,True,False,True,False,False
1,0.4755142017629775,0.5444444444444444,0.4711895910780669,0,0.5535714285714285,0.9999999999999999,0.05,0.913,False,True,False,False,False,False,False,True
1,0.0,0.55,0.22630111524163565,0,0.7142857142857142,0.9999999999999999,0.0,0.0,False,False,True,False,True,False,False,False
0,0.5,0.5,0.5,0,0.019,0.9999999999999999,0.0,0.0,True,False,False,False,False,False,True,False
0,0.5,0.5,0.5,0,0.017374999999999998,0.9999999999999999,0.0,0.0,True,False,False,False,False,False,True,False
0,0.6420176297747306,0.3277777777777778,0.35130111524163565,1,1.7857142857142855e-05,0.9999999999999999,0.43,0.037,False,False,True,False,True,False,False,False
0,0.5345249755142018,0.5166666666666666,0.5027881040892194,0,0.003357142857142857,0.9999999999999999,1.0,0.001,False,False,True,False,True,False,False,False
1,0.14226248775710088,0.6944444444444444,0.23745353159851296,0,0.4321428571428571,0.9999999999999999,0.0,0.989,False,True,False,False,False,False,False,True
0,0.5737022526934378,0.6444444444444444,0.5065055762081785,0,0.4107142857142857,0.33434750195509394,0.23,0.837,False,True,False,False,False,False,False,True
0,0.5,0.5,0.5,0,0.4107142857142857,0.5926417792620318,0.0,0.0,False,False,True,False,False,False,False,True
1,0.49779627815866795,0.4777777777777778,0.8029739776951673,1,0.4678571428571428,0.9999999999999999,0.0,1.0,False,False,True,False,True,False,False,False
1,0.1398139079333986,0.6944444444444444,0.3503717472118959,1,0.6428571428571428,0.9999999999999999,0.0,0.0,False,False,True,False,False,False,False,True
1,0.14226248775710088,0.6944444444444444,0.23745353159851296,0,0.6607142857142857,0.5961986096410262,0.0,0.0,False,True,False,False,False,False,False,True
1,0.14201762977473065,0.7166666666666667,0.04739776951672858,1,0.44999999999999996,0.9999999999999999,0.0,0.877,True,False,False,False,False,False,False,True
0,0.5,0.5,0.5,0,0.4446428571428571,0.9999999999999999,0.02,0.797,False,False,True,False,True,False,False,False
1,0.056317335945151814,0.5722222222222222,0.23698884758364308,0,0.625,0.9999999999999999,0.0,0.0,False,True,False,False,False,False,True,False
1,0.0734573947110676,0.75,0.0,1,0.4375,0.5965607584282874,0.0,0.268,False,True,False,False,False,False,False,True
0,0.46547502448579825,0.48333333333333334,0.4972118959107807,0,0.41607142857142854,0.411328513413309,0.15,0.746,True,False,False,False,False,False,True,False
0,0.5734573947110676,0.3611111111111111,0.48141263940520446,0,0.20517857142857143,0.9999999999999999,0.34,0.001,False,False,True,False,True,False,False,False
0,0.5,0.5,0.5,0,0.0001607142857142857,0.9999999999999999,0.0,0.0,False,False,False,True,False,True,False,False
1,0.0,0.55,0.22630111524163565,0,0.75,0.9999999999999999,0.0,0.0,False,False,True,False,True,False,False,False
1,0.566356513222331,0.3222222222222222,0.6923791821561338,1,0.4464285714285714,0.9999999999999999,0.05,1.0,False,True,False,False,True,False,False,False
0,0.5394221351616063,0.8,0.4851301115241636,0,0.3642857142857142,0.9999999999999999,0.12,0.0,False,True,False,False,False,False,False,True
1,0.14226248775710088,0.6944444444444444,0.23745353159851296,0,0.6428571428571428,0.9999999999999999,0.0,0.0,False,True,False,False,False,False,False,True
1,0.6349167482859941,0.2888888888888889,0.7397769516728625,1,0.5714285714285714,0.9999999999999999,0.0,0.985,False,True,False,False,False,False,True,False
0,0.4657198824681685,0.5,0.479089219330855,0,0.4678571428571428,0.9999999999999999,0.0,0.863,False,False,True,False,False,True,False,False
1,0.14226248775710088,0.6944444444444444,0.23745353159851296,0,0.6964285714285714,0.9999999999999999,0.0,0.0,False,True,False,False,False,False,False,True
1,0.2573457394711067,0.7277777777777777,0.2774163568773234,1,0.4196428571428571,0.5962922056047735,0.0,0.382,True,False,False,False,False,False,True,False
1,0.43119490695396673,0.5555555555555556,0.262546468401487,1,0.625,0.4757003920551661,0.0,1.0,False,False,True,False,True,False,False,False
0,0.5345249755142018,0.47777777777777775,0.5009293680297398,0,0.5892857142857143,0.27471742694310647,0.01,0.999,False,False,True,False,False,True,False,False
1,0.5981880509304603,0.4111111111111111,0.5599442379182156,1,0.5267857142857143,0.9999999999999999,0.01,1.0,False,True,False,False,True,False,False,False
1,0.43119490695396673,0.5555555555555556,0.262546468401487,1,0.5017857142857143,0.9999999999999999,0.05,0.493,False,False,True,False,True,False,False,False
0,0.5,0.5,0.5,0,0.0025,0.9999999999999999,0.16,0.216,False,False,True,False,True,False,False,False
0,0.5,0.5,0.5,0,0.22142857142857142,0.9999999999999999,0.0,0.0,False,True,False,False,False,False,False,True
1,0.5734573947110676,0.07222222222222224,0.37267657992565056,1,0.44999999999999996,0.9999999999999999,0.0,0.999,False,False,False,True,True,False,False,False
0,0.5,0.5,0.5,0,0.22785714285714284,0.9999999999999999,0.0,0.0,False,True,False,False,False,False,False,True
1,0.6177766895200784,0.6222222222222222,0.6342936802973977,1,0.49107142857142855,0.5965641797210459,0.01,0.977,False,False,True,False,False,False,False,True
0,0.5,0.5,0.5,0,0.25499999999999995,0.9999999999999999,0.0,0.0,False,False,False,True,False,False,True,False
0,0.5,0.5,0.5,0,0.21928571428571425,0.3972604525558524,0.0,0.0,False,False,True,False,True,False,False,False
1,0.5,0.5,0.5,0,0.18482142857142855,0.5598949697668543,0.0,0.0,False,False,True,False,True,False,False,False
1,0.056317335945151814,0.5722222222222222,0.23698884758364308,0,0.2157142857142857,0.5966141824686331,0.0,0.0,False,True,False,False,True,False,False,False
0,0.4314397649363369,0.5333333333333333,0.4526022304832714,0,0.19535714285714284,0.11182283547131665,0.71,0.011,False,False,True,False,True,False,False,False
1,0.0734573947110676,0.75,0.0,1,0.3821428571428571,0.9999999999999999,0.0,0.0,False,True,False,False,False,False,False,True
1,0.0734573947110676,0.75,0.0,1,0.7321428571428571,0.562172542825335,0.0,0.0,False,True,False,False,False,False,False,True
0,0.5,0.5,0.5,0,0.26999999999999996,0.43806489030001294,0.0,0.0,False,True,False,False,False,False,False,True
1,0.2573457394711067,0.7277777777777777,0.2774163568773234,1,0.40178571428571425,0.9999999999999999,0.0,0.0,False,True,False,False,False,False,True,False
1,0.5465230166503428,0.4277777777777778,0.6473048327137547,0,0.4875,0.9999999999999999,0.0,0.989,True,False,False,False,False,False,True,False
1,0.056317335945151814,0.5722222222222222,0.23698884758364308,0,0.004392857142857143,0.9999999999999999,0.0,0.0,False,True,False,False,False,False,True,False
1,0.46057786483839375,0.2,0.5148698884758364,0,0.0,0.9999999999999999,0.0,0.0,False,False,False,True,False,True,False,False
1,0.7426542605288933,0.27222222222222225,0.7225836431226766,1,0.49821428571428567,0.5628528466808576,0.0,1.0,False,False,True,False,True,False,False,False
0,0.43364348677766895,0.6777777777777778,0.30762081784386613,1,0.4125,0.9999999999999999,0.01,0.911,True,False,False,False,False,True,False,False
1,0.7426542605288933,0.27222222222222225,0.7225836431226766,1,0.46249999999999997,0.9999999999999999,0.0,0.005,False,False,True,False,True,False,False,False
1,0.1398139079333986,0.6944444444444444,0.3503717472118959,1,0.4607142857142857,0.9999999999999999,0.0,0.996,False,False,True,False,False,False,False,True
0,0.5,0.5,0.5,0,0.3442857142857143,0.2993939082718572,0.0,0.0,False,True,False,False,False,False,False,True
1,0.5734573947110676,0.4777777777777778,0.4865241635687732,0,0.6071428571428571,0.5431671596471989,0.01,0.944,False,False,True,False,True,False,False,False
0,0.5,0.5,0.5,0,7.142857142857142e-05,0.5881461621865018,0.0,0.0,False,False,False,True,False,True,False,False
1,0.6077375122428991,0.5166666666666666,0.5190520446096655,0,0.4303571428571429,0.9999999999999999,0.03,0.091,False,False,True,False,False,False,False,True
1,0.29676787463271304,0.6888888888888889,0.46189591078066916,0,0.6071428571428571,0.9999999999999999,0.0,0.99,False,False,True,False,False,False,False,True
1,0.4534769833496572,0.5722222222222222,0.35269516728624534,0,0.6071428571428571,0.5181311265809952,0.0,1.0,False,False,True,False,True,False,False,False
0,0.5,0.5,0.5,0,0.08378571428571428,0.5429908632548832,0.0,0.0,False,False,False,True,False,True,False,False
0,0.5,0.5,0.5,0,0.4892857142857142,0.9999999999999999,0.0,1.0,False,True,False,False,True,False,False,False
0,0.5,0.5,0.5,0,0.002428571428571429,0.5964559147573835,0.0,0.0,False,False,False,True,False,True,False,False
1,0.45592556317335947,0.6444444444444444,0.5130111524163569,0,0.3403571428571428,0.9999999999999999,0.14,0.003,False,False,True,False,False,True,False,False
1,0.24265426052889322,0.5444444444444444,0.23605947955390333,0,0.6071428571428571,0.9999999999999999,0.0,0.0,False,True,False,False,False,False,True,False
1,0.6297747306562194,0.11111111111111116,0.7644052044609666,1,0.47857142857142854,0.9999999999999999,0.0,0.951,False,False,False,True,False,True,False,False
0,0.35798237022526935,0.7944444444444444,0.629182156133829,1,0.40892857142857136,0.5960484557008788,0.0,0.073,True,False,False,False,False,True,False,False
1,0.35308521057786485,0.711111111111111,0.4725836431226766,0,0.4446428571428571,0.5431463617341222,0.01,0.691,True,False,False,False,False,False,True,False
0,0.5,0.5,0.5,0,0.025249999999999998,0.9999999999999999,0.0,0.0,False,False,False,True,True,False,False,False
0,0.5394221351616063,0.8,0.4851301115241636,0,0.4053571428571428,0.18299483534341543,0.09,0.543,False,True,False,False,False,False,False,True
1,0.7426542605288933,0.27222222222222225,0.7225836431226766,1,0.5160714285714285,0.9999999999999999,0.03,1.0,False,False,True,False,False,True,False,False
1,0.4605778648383937,0.31666666666666665,0.5283457249070632,0,0.6071428571428571,0.9999999999999999,0.01,0.999,False,False,True,False,False,True,False,False
1,0.14226248775710088,0.6944444444444444,0.23745353159851296,0,0.23607142857142857,0.9999999999999999,1.0,0.159,False,True,False,False,False,False,False,True
1,0.5734573947110676,0.3611111111111111,0.48141263940520446,0,0.5089285714285714,0.5431361699240794,0.0,0.874,False,False,True,False,True,False,False,False
0,0.5,0.5,0.5,0,0.14301785714285714,0.3898728407932899,0.0,0.0,True,False,False,False,False,False,True,False
0,0.7426542605288933,0.27222222222222225,0.7225836431226766,1,0.29875,0.9999999999999999,0.47,0.035,False,False,True,False,False,True,False,False
1,0.5661116552399609,0.35,0.487453531598513,0,0.6071428571428571,0.9999999999999999,0.0,0.684,False,False,True,False,True,False,False,False
0,0.5,0.5,0.5,0,0.001107142857142857,0.9999999999999999,0.0,0.0,True,False,False,False,False,False,False,True
0,0.5345249755142018,0.5166666666666666,0.5027881040892194,0,0.03792857142857143,0.9999999999999999,0.06,0.373,False,False,True,False,True,False,False,False
1,0.6469147894221352,0.2888888888888889,0.5274163568773235,0,0.4892857142857142,0.9999999999999999,0.0,1.0,False,False,True,False,True,False,False,False
0,0.5024485798237023,0.5,0.37732342007434944,1,0.012410714285714284,0.9999999999999999,0.07,0.277,True,False,False,False,False,False,True,False
0,0.5,0.5,0.5,0,0.137875,0.4171121584107168,0.0,0.0,False,True,False,False,True,False,False,False
1,0.056317335945151814,0.5722222222222222,0.23698884758364308,0,0.5714285714285714,0.9999999999999999,0.0,0.0,False,True,False,False,True,False,False,False
1,0.43119490695396673,0.5555555555555556,0.262546468401487,1,0.6071428571428571,0.9999999999999999,0.0,0.994,False,False,True,False,True,False,False,False
0,0.5,0.5,0.5,0,0.2432142857142857,0.9999999999999999,0.0,0.0,False,True,False,False,False,False,False,True
0,0.5,0.5,0.5,0,0.25821428571428573,0.9999999999999999,0.0,0.0,False,False,True,False,True,False,False,False
1,0.3161116552399608,0.5222222222222223,0.2225836431226766,0,0.5892857142857143,0.9999999999999999,0.0,1.0,False,False,True,False,False,False,False,True
0,0.5734573947110676,0.4777777777777778,0.4865241635687732,0,0.03823214285714285,0.9999999999999999,0.4,0.059,False,False,True,False,True,False,False,False
0,0.5688050930460333,0.4444444444444444,0.737453531598513,1,0.40178571428571425,0.9999999999999999,0.02,0.944,True,False,False,False,False,False,True,False
1,0.568560235063663,0.6333333333333333,0.49814126394052044,0,0.5267857142857143,0.9999999999999999,0.0,1.0,False,True,False,False,False,False,False,True
0,0.5,0.5,0.5,0,0.16648214285714286,0.9999999999999999,0.0,0.0,False,True,False,False,False,False,False,True
0,0.5,0.5,0.5,0,0.023535714285714285,0.9999999999999999,0.0,0.0,False,False,False,True,False,True,False,False
1,0.24265426052889322,0.5444444444444444,0.23605947955390333,0,0.40714285714285714,0.9999999999999999,0.11,0.315,False,True,False,False,False,False,True,False
0,0.46547502448579825,0.48333333333333334,0.4972118959107807,0,0.5249999999999999,0.9999999999999999,0.0,0.995,True,False,False,False,False,False,True,False
0,0.4534769833496572,0.5722222222222222,0.35269516728624534,0,0.4535714285714285,0.5137388322554194,0.17,0.775,False,False,True,False,True,False,False,False
1,0.14226248775710088,0.6944444444444444,0.23745353159851296,0,0.31124999999999997,0.5628400733815095,0.18,0.027,False,True,False,False,False,False,False,True
0,0.5,0.5,0.5,0,0.10332142857142856,0.9999999999999999,0.0,0.0,True,False,False,False,False,False,True,False
1,0.6028403525954946,0.7555555555555555,0.4995353159851301,0,0.475,0.9999999999999999,0.0,1.0,False,False,True,False,False,False,False,True
1,0.14226248775710088,0.6944444444444444,0.23745353159851296,0,0.0,0.9999999999999999,0.0,0.0,False,True,False,False,False,False,False,True
0,0.5,0.5,0.5,0,0.0022678571428571426,0.9999999999999999,0.0,0.0,False,False,True,False,False,False,False,True
1,0.49779627815866795,0.4777777777777778,0.8029739776951673,1,0.5892857142857143,0.5966045202320704,0.0,0.998,False,False,True,False,True,False,False,False
0,0.5,0.5,0.5,0,0.2598214285714286,0.9999999999999999,0.0,0.0,False,True,False,False,False,False,True,False
0,0.4534769833496572,0.5722222222222222,0.35269516728624534,0,0.44285714285714284,0.9999999999999999,0.08,0.992,False,False,True,False,True,False,False,False
1,0.14226248775710088,0.6944444444444444,0.23745353159851296,0,0.6428571428571428,0.9999999999999999,0.0,0.0,False,True,False,False,False,False,False,True
1,0.056317335945151814,0.5722222222222222,0.23698884758364308,0,0.6785714285714285,0.9999999999999999,0.0,0.0,False,True,False,False,False,False,True,False
0,0.5,0.5,0.5,0,3.571428571428571e-05,0.9999999999999999,0.2,0.008,False,False,False,True,False,True,False,False
1,0.14226248775710088,0.6944444444444444,0.23745353159851296,0,0.24946428571428572,0.9999999999999999,0.04,0.023,False,True,False,False,False,False,False,True
1,0.14226248775710088,0.6944444444444444,0.23745353159851296,0,0.4107142857142857,0.596617240538061,0.2,0.014,False,True,False,False,False,False,False,True
1,0.5734573947110676,0.7,0.2736988847583643,1,0.625,0.4896971493483299,0.0,0.999,False,True,False,False,False,False,False,True
0,0.5,0.5,0.5,0,0.42142857142857143,0.9999999999999999,0.0,0.994,False,False,True,False,True,False,False,False
1,0.4605778648383937,0.31666666666666665,0.5283457249070632,0,0.49821428571428567,0.9999999999999999,0.0,0.999,False,False,False,True,True,False,False,False
1,0.5296278158667973,0.7888888888888889,0.5195167286245354,0,0.47857142857142854,0.9999999999999999,0.0,0.999,False,True,False,False,False,False,False,True
1,0.14226248775710088,0.6944444444444444,0.23745353159851296,0,0.625,0.9999999999999999,0.0,0.0,False,True,False,False,False,False,False,True
1,0.0734573947110676,0.75,0.0,1,0.5892857142857143,0.9999999999999999,0.0,1.0,False,True,False,False,False,False,False,True
0,0.5636630754162586,0.6055555555555555,0.4103159851301115,1,0.17928571428571427,0.9999999999999999,0.2,0.283,False,True,False,False,False,False,False,True
1,0.47037218413320275,0.21111111111111114,0.4804832713754647,0,0.5142857142857142,0.596622256187946,0.0,0.913,False,False,False,True,False,True,False,False
0,0.5,0.5,0.5,0,0.114,0.3890235389928527,0.0,0.0,False,True,False,False,False,False,False,True
1,0.4534769833496572,0.5722222222222222,0.35269516728624534,0,0.5303571428571429,0.9999999999999999,0.0,0.839,False,False,True,False,True,False,False,False
1,0.14226248775710088,0.6944444444444444,0.23745353159851296,0,0.6607142857142857,0.9999999999999999,0.0,0.0,False,True,False,False,False,False,False,True
1,0.24265426052889322,0.5444444444444444,0.23605947955390333,0,0.7142857142857142,0.9999999999999999,0.0,0.0,False,True,False,False,True,False,False,False
1,0.1398139079333986,0.6944444444444444,0.3503717472118959,1,0.45714285714285713,0.9999999999999999,0.0,0.994,False,False,True,False,False,False,False,True
0,0.43119490695396673,0.5555555555555556,0.262546468401487,1,0.4321428571428571,0.9999999999999999,0.05,0.0,False,False,True,False,True,False,False,False
0,0.703232125367287,0.3111111111111111,0.5381040892193308,0,7.142857142857142e-05,0.9999999999999999,0.0,0.0,False,False,False,True,False,False,True,False
0,0.5,0.5,0.5,0,0.3233928571428571,0.9999999999999999,0.03,0.266,False,True,False,False,False,False,False,True
0,0.35798237022526935,0.6722222222222223,0.6486988847583643,1,0.40714285714285714,0.5017063415610041,0.2,0.16,True,False,False,False,False,False,True,False
0,0.568560235063663,0.4666666666666667,0.5473977695167286,0,0.4178571428571428,0.9999999999999999,0.08,0.082,True,False,False,False,False,False,True,False
1,0.1398139079333986,0.6944444444444444,0.3503717472118959,1,0.46249999999999997,0.9999999999999999,0.01,0.986,False,False,True,False,False,False,False,True
0,0.4657198824681685,0.49444444444444446,0.5037174721189591,0,0.33874999999999994,0.9999999999999999,0.07,0.367,False,True,False,False,False,False,True,False
1,0.056317335945151814,0.5722222222222222,0.23698884758364308,0,0.12232142857142855,0.9999999999999999,0.0,0.0,False,True,False,False,False,False,True,False
0,0.5,0.5,0.5,0,0.08098214285714285,0.5966052540055109,0.0,0.0,False,False,True,False,False,False,False,True
1,0.20323212536728696,0.3611111111111111,0.2644052044609665,0,0.47857142857142854,0.9999999999999999,0.0,1.0,False,True,False,False,True,False,False,False
0,0.5734573947110676,0.3611111111111111,0.48141263940520446,0,0.0011785714285714286,0.9999999999999999,0.74,0.002,False,False,True,False,True,False,False,False
0,0.5,0.5,0.5,0,0.29464285714285715,0.9999999999999999,0.09,0.441,False,True,False,False,False,False,False,True
0,0.5,0.5,0.5,0,0.11939285714285713,0.9999999999999999,0.0,0.0,False,False,True,False,True,False,False,False
0,0.5,0.5,0.5,0,0.1333035714285714,0.32868529215681414,0.0,0.0,False,True,False,False,False,False,False,True
0,0.5759059745347699,0.3944444444444445,0.4697955390334573,0,0.1270892857142857,0.5158388957495129,0.45,0.029,False,True,False,False,True,False,False,False
1,0.7426542605288933,0.27222222222222225,0.7225836431226766,1,0.5321428571428571,0.9999999999999999,0.01,0.995,False,False,True,False,True,False,False,False
0,0.5,0.5,0.5,0,0.41607142857142854,0.9999999999999999,0.01,0.668,True,False,False,False,False,False,False,True
0,0.5,0.5,0.5,0,0.1821428571428571,0.9999999999999999,0.0,0.0,True,False,False,False,False,False,True,False
0,0.4314397649363369,0.36666666666666664,0.5018587360594795,0,0.41607142857142854,0.9999999999999999,0.01,0.657,False,False,False,True,False,True,False,False
1,0.35798237022526935,0.6722222222222223,0.6486988847583643,1,0.4607142857142857,0.9999999999999999,0.0,1.0,True,False,False,False,False,False,True,False
0,0.5,0.5,0.5,0,0.19410714285714284,0.9999999999999999,0.1,0.937,False,True,False,False,False,False,False,True
1,0.502203721841332,0.05555555555555558,0.47165427509293684,0,0.49107142857142855,0.9999999999999999,0.0,0.987,False,False,False,True,True,False,False,False
0,0.5832517140058766,0.4444444444444444,0.4767657992565056,0,0.48392857142857143,0.5622576663631611,0.02,0.667,False,True,False,False,False,False,False,True
0,0.5,0.5,0.5,0,0.20446428571428568,0.9999999999999999,0.0,0.0,False,False,True,False,True,False,False,False
1,0.5342801175318316,0.5,0.520910780669145,0,0.2525,0.45019753770044857,0.0,0.0,False,True,False,False,False,False,True,False
0,0.5465230166503428,0.4277777777777778,0.6473048327137547,0,0.09939285714285713,0.08103318886030324,0.3,0.009,True,False,False,False,False,False,True,False
0,0.5,0.5,0.5,0,0.1489285714285714,0.9999999999999999,0.26,0.55,False,False,True,False,True,False,False,False
0,0.46547502448579825,0.5222222222222223,0.4990706319702602,0,0.2710714285714286,0.9999999999999999,0.11,0.11,False,True,False,False,False,False,True,False
0,0.46547502448579825,0.5222222222222223,0.29879182156133827,1,0.00014285714285714284,0.35892948949544,0.56,0.001,True,False,False,False,False,True,False,False
0,0.5,0.5,0.5,0,0.15194642857142857,0.47089071510002356,0.0,0.0,False,False,True,False,False,True,False,False
1,0.37022526934378064,0.8888888888888888,0.23559479553903345,1,0.5892857142857143,0.5291376100235845,0.0,0.973,False,True,False,False,False,False,False,True
0,0.5,0.5,0.5,0,0.3964285714285714,0.9999999999999999,0.01,0.615,True,False,False,False,False,False,True,False
1,0.17874632713026445,0.2888888888888889,0.22211895910780666,0,0.44107142857142856,0.9999999999999999,0.0,0.724,False,False,False,True,True,False,False,False
0,0.5,0.5,0.5,0,0.169125,0.4625294865486397,0.0,0.0,False,True,False,False,False,False,False,True
0,0.37022526934378064,0.8888888888888888,0.23559479553903345,1,0.6071428571428571,0.3473829431876066,0.0,0.989,False,True,False,False,False,False,False,True
1,0.14226248775710088,0.6944444444444444,0.23745353159851296,0,0.17325,0.9999999999999999,1.0,0.016,False,True,False,False,False,False,False,True
0,0.5,0.5,0.5,0,0.4607142857142857,0.9999999999999999,0.01,0.892,False,False,False,True,False,True,False,False
1,0.1398139079333986,0.6944444444444444,0.3503717472118959,1,0.04844642857142857,0.9999999999999999,0.69,0.001,False,False,True,False,False,False,False,True
0,0.5,0.5,0.5,0,0.4196428571428571,0.9999999999999999,0.0,0.972,True,False,False,False,False,False,True,False
0,0.6202252693437806,0.6222222222222222,0.5116171003717472,0,0.4107142857142857,0.9999999999999999,0.02,0.925,True,False,False,False,False,False,False,True
1,0.14226248775710088,0.6944444444444444,0.23745353159851296,0,0.7678571428571428,0.9999999999999999,0.0,0.0,False,True,False,False,False,False,False,True
0,0.5734573947110676,0.3611111111111111,0.48141263940520446,0,0.4267857142857142,0.527796353760567,0.0,0.005,False,False,True,False,True,False,False,False
0,0.4975514201762977,0.5,0.6226765799256506,1,0.44821428571428573,0.30420050787052794,0.19,0.746,False,False,True,False,True,False,False,False
0,0.5,0.5,0.5,0,0.2998214285714285,0.5290612362092889,0.0,0.0,False,False,True,False,False,False,False,True
1,0.6052889324191969,0.03888888888888886,0.7221189591078067,1,0.5339285714285714,0.9999999999999999,0.0,0.992,False,False,False,True,False,False,True,False
0,0.5,0.5,0.5,0,0.09960714285714285,0.5966161396109301,0.0,0.0,True,False,False,False,False,True,False,False
0,0.5,0.5,0.5,0,0.6071428571428571,0.9999999999999999,0.0,0.0,False,False,False,True,False,True,False,False
0,0.5,0.5,0.5,0,0.0,0.9999999999999999,0.0,0.0,False,False,True,False,False,False,False,True
1,0.14226248775710088,0.6944444444444444,0.23745353159851296,0,0.6428571428571428,0.5965943708343927,0.0,0.0,False,True,False,False,False,False,False,True
0,0.5,0.5,0.5,0,0.1407857142857143,0.9999999999999999,0.33,0.236,False,False,True,False,True,False,False,False
1,0.539177277179236,0.07222222222222224,0.35176579925650553,1,0.5053571428571428,0.5094246501917679,0.0,0.559,False,False,False,True,True,False,False,False
0,0.5,0.4611111111111111,0.4981412639405205,0,0.027428571428571427,0.9999999999999999,0.36,0.004,True,False,False,False,False,True,False,False
0,0.43609206660137123,0.2055555555555556,0.48420074349442377,0,0.4107142857142857,0.9999999999999999,0.02,0.8,False,False,False,True,False,False,True,False
1,0.5734573947110676,0.3611111111111111,0.48141263940520446,0,0.5892857142857143,0.9999999999999999,0.0,0.905,False,False,True,False,True,False,False,False
1,0.056317335945151814,0.5722222222222222,0.23698884758364308,0,0.6607142857142857,0.9999999999999999,0.0,0.0,False,True,False,False,False,False,True,False
1,0.6297747306562194,0.11111111111111116,0.7644052044609666,1,0.0,0.9999999999999999,0.0,0.0,False,False,False,True,False,True,False,False
1,0.6077375122428991,0.5166666666666666,0.5190520446096655,0,0.6071428571428571,0.9999999999999999,0.0,0.99,False,False,True,False,False,False,False,True
0,0.5,0.5,0.5,0,0.06417857142857142,0.5966133262436271,0.0,0.0,True,False,False,False,False,False,True,False
0,0.37022526934378064,0.8888888888888888,0.23559479553903345,1,0.38571428571428573,0.272142147119345,0.02,0.002,False,True,False,False,False,False,False,True
1,0.3971596474045054,0.2444444444444444,0.5004646840148699,0,0.41428571428571426,0.9999999999999999,0.0,0.245,False,False,False,True,False,False,True,False
1,0.6077375122428991,0.5166666666666666,0.5190520446096655,0,0.43571428571428567,0.9999999999999999,0.03,0.054,False,False,True,False,False,False,False,True
1,0.45592556317335947,0.6444444444444444,0.5130111524163569,0,0.5035714285714286,0.9999999999999999,0.0,0.985,False,False,True,False,True,False,False,False
1,0.6469147894221352,0.2888888888888889,0.5274163568773235,0,0.4678571428571428,0.9999999999999999,0.0,0.992,False,False,True,False,True,False,False,False
0,0.539177277179236,0.35555555555555557,0.4851301115241636,0,0.4053571428571428,0.5966229902288503,0.04,0.08,False,False,True,False,False,False,False,True
0,0.5,0.5,0.5,0,5.357142857142857e-05,0.9999999999999999,0.0,0.0,False,False,False,True,False,False,True,False
1,0.46057786483839375,0.2,0.5148698884758364,0,0.4035714285714286,0.9999999999999999,0.0,0.211,False,False,False,True,False,True,False,False
1,0.4265426052889324,0.30000000000000004,0.7263011152416357,1,0.46964285714285714,0.9999999999999999,0.0,0.954,False,False,False,True,False,True,False,False
1,0.46057786483839375,0.2,0.5148698884758364,0,0.42857142857142855,0.9999999999999999,0.06,0.975,False,False,False,True,False,True,False,False
1,0.17874632713026445,0.2888888888888889,0.22211895910780666,0,0.42321428571428565,0.9999999999999999,0.0,0.971,False,False,False,True,True,False,False,False
0,0.43119490695396673,0.5555555555555556,0.262546468401487,1,0.6071428571428571,0.9999999999999999,0.0,1.0,False,False,True,False,True,False,False,False
0,0.568560235063663,0.6333333333333333,0.49814126394052044,0,0.16967857142857143,0.3941998840404745,0.5,0.235,False,True,False,False,False,False,False,True
0,0.5,0.5,0.5,0,0.11498214285714285,0.9999999999999999,0.0,0.0,True,False,False,False,False,False,True,False
1,0.37022526934378064,0.8888888888888888,0.23559479553903345,1,0.6071428571428571,0.9999999999999999,0.01,0.966,False,True,False,False,False,False,False,True
0,0.5,0.5,0.5,0,0.31982142857142853,0.9999999999999999,0.0,0.0,False,False,True,False,True,False,False,False
0,0.5785994123408423,0.37222222222222223,0.48977695167286245,0,0.40178571428571425,0.4135791889971955,0.16,0.011,False,False,True,False,True,False,False,False
0,0.5,0.5,0.5,0,0.24410714285714286,0.41742461677987885,0.0,0.0,False,True,False,False,False,False,False,True
0,0.5,0.5,0.5,0,0.19017857142857142,0.9999999999999999,0.0,0.0,True,False,False,False,False,False,True,False
0,0.6762977473065622,0.3277777777777778,0.3722118959107807,1,0.5053571428571428,0.9999999999999999,0.0,1.0,False,False,True,False,True,False,False,False
1,0.14226248775710088,0.6944444444444444,0.23745353159851296,0,0.41428571428571426,0.9999999999999999,0.11,0.129,False,True,False,False,False,False,False,True
1,0.1398139079333986,0.6944444444444444,0.3503717472118959,1,0.4589285714285714,0.9999999999999999,0.0,0.701,False,False,True,False,False,False,False,True
0,0.3528403525954946,0.30000000000000004,0.5092936802973977,0,0.3428571428571428,0.9999999999999999,0.12,0.006,False,False,False,True,False,True,False,False
1,0.24265426052889322,0.5444444444444444,0.23605947955390333,0,0.28857142857142853,0.9999999999999999,0.03,0.259,False,True,False,False,False,False,True,False
1,0.1398139079333986,0.6944444444444444,0.3503717472118959,1,0.47142857142857136,0.9999999999999999,0.01,0.543,False,False,True,False,False,False,False,True
1,0.5541136141038198,0.5166666666666666,0.7239776951672863,1,0.47678571428571426,0.9999999999999999,0.0,1.0,False,False,True,False,False,True,False,False
0,0.5,0.5,0.5,0,0.20535714285714285,0.9999999999999999,0.0,0.0,False,False,True,False,True,False,False,False
0,0.5222820763956905,0.5166666666666666,0.5901486988847584,1,0.22875,0.4646663596118034,0.19,0.831,False,False,True,False,False,True,False,False
0,0.460822722820764,0.9277777777777778,0.6482342007434945,1,0.5071428571428571,0.39624482703740077,0.0,0.991,True,False,False,False,False,False,False,True
0,0.4755142017629775,0.5444444444444444,0.4711895910780669,0,1.7857142857142855e-05,0.5811749383074294,0.65,0.173,False,True,False,False,False,False,False,True
1,0.502203721841332,0.05555555555555558,0.47165427509293684,0,0.4821428571428571,0.5966295970952549,0.0,0.987,False,False,False,True,True,False,False,False
1,0.1398139079333986,0.6944444444444444,0.3503717472118959,1,0.45535714285714285,0.9999999999999999,0.15,0.849,False,False,True,False,False,False,False,True
1,0.14226248775710088,0.6944444444444444,0.23745353159851296,0,0.4178571428571428,0.9999999999999999,0.02,0.805,False,True,False,False,False,False,False,True
0,0.5,0.5,0.5,0,0.09678571428571428,0.4310760563006805,0.0,0.0,True,False,False,False,False,False,True,False
1,0.0,0.55,0.22630111524163565,0,0.6071428571428571,0.9999999999999999,0.0,1.0,False,False,True,False,True,False,False,False
1,0.5734573947110676,0.4777777777777778,0.4865241635687732,0,0.625,0.47006871093912894,0.0,1.0,False,False,True,False,True,False,False,False
0,0.5,0.5,0.5,0,0.4178571428571428,0.9999999999999999,0.03,0.615,False,False,True,False,True,False,False,False
0,0.5,0.5,0.5,0,0.010589285714285713,0.076946097994428,0.0,0.0,False,False,False,True,False,True,False,False
0,0.5,0.5,0.5,0,0.07730357142857142,0.9999999999999999,0.0,0.0,False,False,True,False,True,False,False,False
1,0.6420176297747306,0.3277777777777778,0.35130111524163565,1,0.5892857142857143,0.9999999999999999,0.0,1.0,False,False,True,False,True,False,False,False
0,0.5,0.5,0.5,0,0.059214285714285705,0.9999999999999999,0.0,0.0,False,True,False,False,False,False,False,True
0,0.5,0.5,0.5,0,0.036375,0.9999999999999999,0.0,0.0,False,False,False,True,False,True,False,False
0,0.5,0.5,0.5,0,0.18232142857142858,0.9999999999999999,0.0,0.0,False,True,False,False,False,False,False,True
1,0.056317335945151814,0.5722222222222222,0.23698884758364308,0,0.7321428571428571,0.9999999999999999,0.0,0.0,False,False,False,True,True,False,False,False
0,0.509794319294809,0.55,0.4674721189591078,0,0.1324642857142857,0.9999999999999999,0.21,0.088,False,True,False,False,True,False,False,False
1,0.46057786483839375,0.2,0.5148698884758364,0,0.5142857142857142,0.5628548026973147,0.0,0.999,False,False,False,True,False,True,False,False
1,0.1398139079333986,0.6944444444444444,0.3503717472118959,1,0.48392857142857143,0.9999999999999999,0.01,0.953,False,False,True,False,False,False,False,True
1,0.5734573947110676,0.7,0.2736988847583643,1,0.38035714285714284,0.9999999999999999,0.0,0.0,False,True,False,False,False,False,False,True
1,0.42140058765915767,0.6277777777777778,0.5102230483271375,0,0.46428571428571425,0.9999999999999999,0.0,0.971,True,False,False,False,False,False,True,False
1,0.1398139079333986,0.6944444444444444,0.3503717472118959,1,0.3433928571428571,0.9999999999999999,0.04,0.329,False,False,True,False,False,False,False,True
1,0.47037218413320275,0.21111111111111114,0.4804832713754647,0,0.4303571428571429,0.9999999999999999,0.0,0.997,False,False,False,True,False,True,False,False
1,0.0734573947110676,0.75,0.0,1,0.6785714285714285,0.5419848897380449,0.0,0.0,False,True,False,False,False,False,False,True
0,0.509794319294809,0.55,0.4674721189591078,0,0.4107142857142857,0.23908223862417669,0.39,0.662,False,True,False,False,True,False,False,False
1,0.1398139079333986,0.6944444444444444,0.3503717472118959,1,0.4267857142857142,0.9999999999999999,0.02,0.444,False,False,True,False,False,False,False,True
0,0.5,0.5,0.5,0,0.19357142857142856,0.9999999999999999,0.0,0.0,False,False,True,False,True,False,False,False
1,0.3947110675808031,0.9611111111111111,0.27788104089219334,1,0.6071428571428571,0.9999999999999999,0.01,0.983,False,False,True,False,False,False,False,True
1,0.24265426052889322,0.5444444444444444,0.23605947955390333,0,0.6071428571428571,0.9999999999999999,0.0,0.0,False,True,False,False,True,False,False,False
1,0.40181194906953965,0.5888888888888889,0.4400557620817844,1,0.5267857142857143,0.9999999999999999,0.0,0.961,True,False,False,False,False,True,False,False
0,0.5737022526934378,0.6444444444444444,0.5065055762081785,0,0.3239285714285714,0.40110346809139985,0.0,0.005,False,True,False,False,False,False,False,True
0,0.5,0.5,0.5,0,0.07425,0.39576319923991765,0.0,0.0,False,True,False,False,False,False,False,True
1,0.14201762977473065,0.7166666666666667,0.04739776951672858,1,0.8035714285714285,0.9999999999999999,0.0,0.0,True,False,False,False,False,False,False,True
0,0.46547502448579825,0.5222222222222223,0.4990706319702602,0,0.08235714285714285,0.9999999999999999,0.33,0.001,False,True,False,False,False,False,True,False
1,0.43119490695396673,0.5555555555555556,0.262546468401487,1,0.5107142857142857,0.9999999999999999,0.07,0.936,False,False,True,False,True,False,False,False
0,0.5734573947110676,0.3611111111111111,0.48141263940520446,0,0.2926785714285714,0.9999999999999999,0.13,0.812,False,False,True,False,True,False,False,False
1,0.796767874632713,0.6388888888888888,0.7355947955390335,0,0.20339285714285715,0.9999999999999999,0.0,0.0,True,False,False,False,False,False,False,True
0,0.5,0.5,0.5,0,0.22232142857142856,0.44404535857549754,0.0,0.0,False,False,False,True,False,True,False,False
0,0.5,0.5,0.5,0,0.0015714285714285713,0.9999999999999999,0.0,0.0,False,False,True,False,False,False,False,True
1,0.5394221351616063,0.8,0.4851301115241636,0,0.0,0.9999999999999999,0.0,0.0,False,True,False,False,False,False,False,True
1,0.5734573947110676,0.7,0.2736988847583643,1,0.5535714285714285,0.5966308206874679,0.0,1.0,False,True,False,False,False,False,False,True
0,0.5465230166503428,0.4277777777777778,0.6473048327137547,0,0.002232142857142857,0.5182006739352176,0.39,0.036,True,False,False,False,False,False,True,False
1,0.5024485798237023,0.5,0.37732342007434944,1,0.48392857142857143,0.5965579482605811,0.01,1.0,True,False,False,False,False,False,True,False
1,0.35308521057786485,0.711111111111111,0.4725836431226766,0,0.4392857142857143,0.9999999999999999,0.0,1.0,True,False,False,False,False,False,True,False
0,0.5,0.5,0.5,0,0.17287499999999997,0.5965021450673119,0.0,0.0,False,True,False,False,False,False,False,True
1,0.4755142017629775,0.5444444444444444,0.4711895910780669,0,0.4589285714285714,0.9999999999999999,0.0,0.994,False,True,False,False,False,False,False,True
1,0.6052889324191969,0.03888888888888886,0.7221189591078067,1,0.4928571428571429,0.9999999999999999,0.0,0.996,False,False,False,True,False,False,True,False
1,0.3161116552399608,0.5222222222222223,0.2225836431226766,0,0.5089285714285714,0.9999999999999999,0.0,0.943,False,False,True,False,False,False,False,True
0,0.5,0.5,0.5,0,0.015035714285714284,0.5959151589918715,0.0,0.0,False,False,False,True,False,True,False,False
0,0.49779627815866795,0.4777777777777778,0.8029739776951673,1,0.025607142857142856,0.9999999999999999,0.33,0.007,False,False,True,False,True,False,False,False
1,0.46057786483839375,0.2,0.5148698884758364,0,0.49821428571428567,0.5966265382493072,0.0,0.966,False,False,False,True,False,True,False,False
1,0.43119490695396673,0.5555555555555556,0.262546468401487,1,0.5892857142857143,0.9999999999999999,0.02,0.997,False,False,True,False,True,False,False,False
0,0.5345249755142018,0.47777777777777775,0.5009293680297398,0,0.4875,0.9999999999999999,0.02,0.573,False,False,True,False,False,True,False,False
0,0.4265426052889324,0.5222222222222223,0.5134758364312267,0,0.4803571428571428,0.9999999999999999,0.02,0.987,True,False,False,False,False,False,True,False
1,0.1398139079333986,0.6944444444444444,0.3503717472118959,1,0.4464285714285714,0.562848201456826,0.0,0.0,False,False,True,False,False,False,False,True
0,0.5,0.5,0.5,0,0.10978571428571428,0.9999999999999999,0.0,0.0,False,False,False,True,False,True,False,False
0,0.5737022526934378,0.6444444444444444,0.5065055762081785,0,0.4803571428571428,0.9999999999999999,0.0,0.99,False,True,False,False,False,False,False,True
1,0.43609206660137123,0.24444444444444446,0.48605947955390333,0,0.4946428571428571,0.5966129592946645,0.01,0.946,False,False,False,True,False,True,False,False
0,0.5,0.5,0.5,0,0.0025714285714285713,0.9999999999999999,0.0,0.0,False,True,False,False,False,False,False,True
1,0.14226248775710088,0.6944444444444444,0.23745353159851296,0,0.29607142857142854,0.9999999999999999,0.15,0.954,False,True,False,False,False,False,False,True
1,0.5734573947110676,0.4777777777777778,0.4865241635687732,0,0.6071428571428571,0.9999999999999999,0.03,1.0,False,False,True,False,True,False,False,False
0,0.4755142017629775,0.5444444444444444,0.4711895910780669,0,0.425,0.366549193947688,0.62,0.717,False,True,False,False,False,False,False,True
0,0.5785994123408423,0.37222222222222223,0.48977695167286245,0,0.38035714285714284,0.4714397446452843,0.06,0.327,False,False,True,False,True,False,False,False
1,0.0734573947110676,0.75,0.0,1,0.6785714285714285,0.5291122406244522,0.0,0.0,False,True,False,False,False,False,False,True
0,0.5,0.5,0.5,0,1.7857142857142855e-05,0.9999999999999999,0.21,0.042,True,False,False,False,False,False,True,False
1,0.29676787463271304,0.6888888888888889,0.46189591078066916,0,0.4946428571428571,0.9999999999999999,0.0,0.999,False,False,True,False,False,True,False,False
1,0.5636630754162586,0.3111111111111111,0.5139405204460966,0,0.5339285714285714,0.9999999999999999,0.0,1.0,False,False,True,False,False,True,False,False
0,0.49779627815866795,0.4777777777777778,0.8029739776951673,1,0.41428571428571426,0.3532169391267405,0.04,0.493,False,False,True,False,True,False,False,False
0,0.5,0.5,0.5,0,0.13823214285714283,0.9999999999999999,0.0,0.0,True,False,False,False,False,False,True,False
0,0.5,0.5,0.5,0,0.0030892857142857137,0.9999999999999999,0.0,0.0,False,False,False,True,False,True,False,False
0,0.43119490695396673,0.5555555555555556,0.262546468401487,1,0.625,0.5093928512106726,0.0,0.919,False,False,True,False,True,False,False,False
0,0.5,0.5,0.5,0,0.4303571428571429,0.9999999999999999,0.01,0.965,False,False,True,False,True,False,False,False
1,0.5222820763956905,0.5166666666666666,0.5901486988847584,1,0.5035714285714286,0.5966063546864159,0.0,1.0,False,False,True,False,False,True,False,False
0,0.5,0.5,0.5,0,0.20589285714285713,0.5474142696124311,0.0,0.0,False,True,False,False,False,False,False,True
1,0.5734573947110676,0.7,0.2736988847583643,1,0.44107142857142856,0.9999999999999999,0.0,1.0,False,True,False,False,False,False,False,True
1,0.20323212536728696,0.3611111111111111,0.2644052044609665,0,0.6428571428571428,0.9999999999999999,0.0,0.0,False,False,False,True,True,False,False,False
0,0.539177277179236,0.35555555555555557,0.4851301115241636,0,0.3696428571428571,0.9999999999999999,0.03,0.048,False,False,True,False,False,False,False,True
1,0.5296278158667973,0.7888888888888889,0.5195167286245354,0,0.3557142857142857,0.9999999999999999,0.24,0.184,False,True,False,False,False,False,False,True
0,0.4975514201762977,0.5,0.6226765799256506,1,0.4125,0.5017972553659492,0.45,0.158,False,False,True,False,True,False,False,False
0,0.5,0.5,0.5,0,0.26107142857142857,0.5634568813535806,0.0,0.0,False,False,True,False,True,False,False,False
0,0.5,0.5,0.5,0,0.2282142857142857,0.4647530063038513,0.0,0.0,False,True,False,False,False,False,False,True
0,0.568560235063663,0.6333333333333333,0.49814126394052044,0,0.21892857142857142,0.9999999999999999,0.15,0.261,False,True,False,False,False,False,False,True
0,0.5,0.5,0.5,0,0.08537499999999999,0.9999999999999999,0.0,0.0,False,False,False,True,False,True,False,False
1,0.5342801175318316,0.5,0.520910780669145,0,0.0,0.9999999999999999,0.0,0.0,False,True,False,False,False,False,True,False
1,0.6028403525954946,0.7555555555555555,0.4995353159851301,0,0.4875,0.9999999999999999,0.0,0.998,False,False,True,False,False,False,False,True
0,0.5688050930460333,0.4444444444444444,0.737453531598513,1,0.2826785714285714,0.36443476197447666,0.44,0.124,True,False,False,False,False,False,True,False
1,0.14201762977473065,0.7166666666666667,0.04739776951672858,1,0.48571428571428565,0.9999999999999999,0.0,0.82,True,False,False,False,False,False,False,True
1,0.14226248775710088,0.6944444444444444,0.23745353159851296,0,0.46428571428571425,0.9999999999999999,0.0,0.0,False,True,False,False,False,False,False,True
0,0.5,0.5,0.5,0,5.357142857142857e-05,0.9999999999999999,0.0,0.0,True,False,False,False,False,True,False,False
0,0.5,0.5,0.5,0,0.1365535714285714,0.48447246960076956,0.0,0.0,False,False,True,False,True,False,False,False
1,0.43119490695396673,0.5555555555555556,0.262546468401487,1,0.6071428571428571,0.5291718644061055,0.01,0.708,False,False,True,False,True,False,False,False
1,0.6863369245837414,0.4722222222222222,0.49907063197026025,0,0.5714285714285714,0.9999999999999999,0.0,1.0,False,True,False,False,True,False,False,False
1,0.14226248775710088,0.6944444444444444,0.23745353159851296,0,0.7857142857142857,0.9999999999999999,0.0,0.0,False,True,False,False,False,False,False,True
1,0.5785994123408423,0.37222222222222223,0.48977695167286245,0,0.5892857142857143,0.9999999999999999,0.02,0.965,False,False,True,False,True,False,False,False
0,0.5,0.5,0.5,0,0.12985714285714287,0.9999999999999999,0.07,0.16,True,False,False,False,False,False,True,False
1,0.5541136141038198,0.5166666666666666,0.7239776951672863,1,0.0,0.9999999999999999,0.0,0.0,False,False,True,False,False,True,False,False
0,0.49975514201762977,0.5222222222222223,0.30994423791821557,1,0.42321428571428565,0.9999999999999999,0.0,0.12,True,False,False,False,False,True,False,False
1,0.539177277179236,0.27222222222222225,0.508364312267658,0,0.4875,0.9999999999999999,0.0,0.999,False,False,False,True,True,False,False,False
0,0.5,0.5,0.5,0,0.00042857142857142855,0.9999999999999999,0.0,0.0,True,False,False,False,False,True,False,False
0,0.47037218413320275,0.21111111111111114,0.4804832713754647,0,0.4803571428571428,0.4235005268238068,0.01,0.593,False,False,False,True,False,True,False,False
0,0.5,0.5,0.5,0,0.3555357142857143,0.9999999999999999,0.17,0.978,False,True,False,False,False,False,False,True
0,0.5,0.5,0.5,0,0.045839285714285714,0.9999999999999999,0.0,0.0,False,False,False,True,False,False,True,False
0,0.5,0.5,0.5,0,0.37321428571428567,0.9999999999999999,0.0,0.0,False,False,True,False,False,False,False,True
0,0.5,0.5,0.5,0,0.2926785714285714,0.9999999999999999,0.0,0.0,False,False,True,False,True,False,False,False
0,0.5345249755142018,0.4777777777777778,0.7012081784386617,1,0.35035714285714287,0.1836671344670921,0.02,0.0,False,False,False,True,True,False,False,False
0,0.5,0.5,0.5,0,0.4107142857142857,0.9999999999999999,0.0,0.003,False,False,True,False,True,False,False,False
1,0.7426542605288933,0.27222222222222225,0.7225836431226766,1,0.6071428571428571,0.5628737556776171,0.0,0.999,False,False,True,False,True,False,False,False
1,0.38222331047992164,0.37777777777777777,0.3657063197026022,1,0.4392857142857143,0.9999999999999999,0.04,1.0,False,False,False,True,False,False,True,False
1,0.49779627815866795,0.4777777777777778,0.8029739776951673,1,0.4178571428571428,0.9999999999999999,0.08,0.022,False,False,True,False,True,False,False,False
0,0.5,0.5,0.5,0,0.0,0.9999999999999999,0.0,0.0,False,False,True,False,True,False,False,False
0,0.5,0.5,0.5,0,0.11098214285714285,0.5965882577608526,0.0,0.0,True,False,False,False,False,False,True,False
1,0.5734573947110676,0.7,0.2736988847583643,1,0.4589285714285714,0.5167142062077951,0.0,0.999,False,True,False,False,False,False,False,True
1,0.0,0.55,0.22630111524163565,0,0.7321428571428571,0.9999999999999999,0.0,0.0,False,False,True,False,True,False,False,False
1,0.14201762977473065,0.7166666666666667,0.04739776951672858,1,0.4875,0.9999999999999999,0.0,0.999,True,False,False,False,False,False,False,True
1,0.056317335945151814,0.5722222222222222,0.23698884758364308,0,0.0001607142857142857,0.9999999999999999,0.0,0.0,False,False,False,True,False,False,True,False
0,0.5,0.5,0.5,0,0.21375,0.9999999999999999,0.0,0.0,True,False,False,False,False,True,False,False
1,0.5734573947110676,0.7,0.2736988847583643,1,0.625,0.9999999999999999,0.0,0.996,False,True,False,False,False,False,False,True
0,0.5,0.5,0.5,0,0.22589285714285715,0.5628985279551386,0.0,0.0,False,True,False,False,False,False,False,True
1,0.056317335945151814,0.5722222222222222,0.23698884758364308,0,0.47142857142857136,0.5966017075363682,0.0,0.0,False,False,False,True,False,False,True,False
1,0.1398139079333986,0.6944444444444444,0.3503717472118959,1,0.7321428571428571,0.9999999999999999,0.0,0.0,False,False,True,False,False,False,False,True
1,0.33080313418217433,0.7055555555555555,0.2639405204460966,1,0.44107142857142856,0.9999999999999999,0.01,0.089,False,True,False,False,True,False,False,False
1,0.6297747306562194,0.11111111111111116,0.7644052044609666,1,0.42321428571428565,0.9999999999999999,0.31,0.992,False,False,False,True,False,True,False,False
0,0.5639079333986288,0.7555555555555555,0.5139405204460967,0,0.38571428571428573,0.3891057231092814,0.32,0.084,False,True,False,False,False,False,False,True
0,0.5,0.5,0.5,0,0.13410714285714284,0.9999999999999999,0.0,0.0,False,False,True,False,True,False,False,False
1,0.17874632713026445,0.2888888888888889,0.22211895910780666,0,0.6428571428571428,0.9999999999999999,0.0,0.0,False,False,False,True,False,False,True,False
0,0.5,0.5,0.5,0,0.1009642857142857,0.9999999999999999,0.0,0.0,False,False,True,False,True,False,False,False
0,0.5,0.5,0.5,0,0.06991071428571428,0.5159101333490979,0.0,0.0,False,True,False,False,False,False,False,True
0,0.5,0.5,0.5,0,0.43392857142857144,0.9999999999999999,0.07,0.998,False,True,False,False,False,False,False,True
0,0.5,0.5,0.5,0,0.29571428571428565,0.9999999999999999,0.0,0.0,False,False,True,False,True,False,False,False
1,0.14226248775710088,0.6944444444444444,0.23745353159851296,0,0.013482142857142856,0.9999999999999999,0.13,0.002,False,True,False,False,False,False,False,True
0,0.5,0.5,0.5,0,0.20428571428571426,0.9999999999999999,0.0,0.0,False,True,False,False,False,False,False,True
1,0.4534769833496572,0.5722222222222222,0.35269516728624534,0,0.4196428571428571,0.596619564799349,0.14,0.055,False,False,True,False,True,False,False,False
1,0.0734573947110676,0.75,0.0,1,0.6428571428571428,0.5965366939866182,0.0,0.0,False,True,False,False,False,False,False,True
1,0.14226248775710088,0.6944444444444444,0.23745353159851296,0,0.6428571428571428,0.9999999999999999,0.0,0.0,False,True,False,False,False,False,False,True
1,0.17874632713026445,0.2888888888888889,0.22211895910780666,0,0.6071428571428571,0.9999999999999999,0.0,0.0,False,False,False,True,False,False,True,False
0,0.5,0.5,0.5,0,0.005357142857142856,0.9999999999999999,0.0,0.0,False,False,False,True,False,True,False,False
1,0.14226248775710088,0.6944444444444444,0.23745353159851296,0,0.27249999999999996,0.9999999999999999,0.03,0.388,False,True,False,False,False,False,False,True
0,0.5,0.5,0.5,0,0.27732142857142855,0.9999999999999999,0.0,0.0,False,True,False,False,False,False,False,True
0,0.4657198824681685,0.5,0.479089219330855,0,0.2642857142857143,0.38276016557529663,0.62,0.048,True,False,False,False,False,True,False,False
0,0.502203721841332,0.5222222222222223,0.19702602230483268,1,8.928571428571429e-05,0.2850173398272263,0.17,0.086,True,False,False,False,False,False,True,False
1,0.4265426052889324,0.6388888888888888,0.5185873605947956,0,0.0,0.9999999999999999,0.0,0.0,True,False,False,False,False,False,True,False
0,0.568560235063663,0.6333333333333333,0.49814126394052044,0,0.27535714285714286,0.9999999999999999,0.37,0.039,False,True,False,False,False,False,False,True
1,0.490205680705191,0.45,0.5325278810408922,0,0.47857142857142854,0.59662029879966,0.01,0.973,True,False,False,False,False,True,False,False
1,0.14201762977473065,0.7166666666666667,0.04739776951672858,1,0.5053571428571428,0.9999999999999999,0.0,0.0,True,False,False,False,False,False,False,True
1,0.4314397649363369,0.5333333333333333,0.4526022304832714,0,0.5892857142857143,0.5291461713591606,0.0,1.0,False,False,True,False,True,False,False,False
1,0.38222331047992164,0.37777777777777777,0.3657063197026022,1,0.5535714285714285,0.9999999999999999,0.0,0.999,False,False,False,True,False,False,True,False
0,0.47771792360430954,0.48333333333333334,0.40985130111524165,1,0.0006071428571428572,0.0,0.55,0.003,False,False,False,True,False,False,True,False
0,0.6028403525954946,0.7555555555555555,0.4995353159851301,0,0.40714285714285714,0.5961923035476231,0.41,0.295,False,False,True,False,False,False,False,True
0,0.5,0.5,0.5,0,0.22553571428571428,0.9999999999999999,0.0,0.0,False,False,True,False,True,False,False,False
0,0.5734573947110676,0.4777777777777778,0.4865241635687732,0,0.21892857142857142,0.47556038197011397,0.95,0.003,False,False,True,False,True,False,False,False
0,0.46057786483839375,0.2,0.5148698884758364,0,3.571428571428571e-05,0.09422252703927653,0.28,0.006,False,False,False,True,False,True,False,False
1,0.0,0.55,0.22630111524163565,0,0.6964285714285714,0.5965160593499474,0.0,0.0,False,False,True,False,True,False,False,False
0,0.4338883447600392,0.65,0.512546468401487,0,0.2646428571428571,0.4113834213515252,0.32,0.298,True,False,False,False,False,False,True,False
1,0.1398139079333986,0.6944444444444444,0.3503717472118959,1,0.06771428571428571,0.9999999999999999,0.29,0.001,False,False,True,False,False,False,False,True
1,0.568560235063663,0.6333333333333333,0.49814126394052044,0,0.4803571428571428,0.5939548433203538,0.01,0.959,False,True,False,False,False,False,False,True
1,0.46547502448579825,0.5222222222222223,0.29879182156133827,1,0.3003571428571428,0.5019367424683274,0.0,0.0,False,False,True,False,False,True,False,False
0,0.35798237022526935,0.7944444444444444,0.629182156133829,1,0.4267857142857142,0.9999999999999999,0.5,0.998,True,False,False,False,False,True,False,False
0,0.5737022526934378,0.6444444444444444,0.5065055762081785,0,0.2708928571428571,0.21431533603742625,0.02,0.112,False,True,False,False,False,False,False,True
1,0.0734573947110676,0.75,0.0,1,0.42321428571428565,0.9999999999999999,0.01,0.134,True,False,False,False,False,False,False,True
0,0.5,0.5,0.5,0,0.076,0.9999999999999999,0.0,0.0,False,True,False,False,False,False,False,True
0,0.5734573947110676,0.4777777777777778,0.4865241635687732,0,0.5,0.9999999999999999,0.0,0.997,False,False,True,False,True,False,False,False
1,0.056317335945151814,0.5722222222222222,0.23698884758364308,0,0.625,0.5291602396808722,0.0,0.0,False,True,False,False,True,False,False,False
1,0.1398139079333986,0.6944444444444444,0.3503717472118959,1,0.4875,0.9999999999999999,0.0,0.091,False,False,True,False,False,False,False,True
1,0.3552889324191969,0.6611111111111111,0.2927509293680297,1,0.625,0.9999999999999999,0.0,0.998,False,False,True,False,False,True,False,False
0,0.5,0.5,0.5,0,0.010892857142857142,0.9999999999999999,0.09,0.077,True,False,False,False,False,False,True,False
1,0.5296278158667973,0.7888888888888889,0.5195167286245354,0,0.47678571428571426,0.9999999999999999,0.0,0.991,False,True,False,False,False,False,False,True
1,0.14226248775710088,0.6944444444444444,0.23745353159851296,0,0.33874999999999994,0.9999999999999999,0.21,0.015,False,True,False,False,False,False,False,True
0,0.5734573947110676,0.3611111111111111,0.48141263940520446,0,0.020428571428571424,0.3793159746281658,0.57,0.004,False,False,True,False,True,False,False,False
0,0.5,0.5,0.5,0,0.0002857142857142857,0.9999999999999999,0.0,0.0,False,False,False,True,True,False,False,False
1,0.4534769833496572,0.5722222222222222,0.35269516728624534,0,0.625,0.9999999999999999,0.0,0.995,False,False,True,False,True,False,False,False
0,0.5,0.5,0.5,0,3.571428571428571e-05,0.5965599031426773,0.0,0.0,True,False,False,False,False,False,True,False
0,0.5,0.5,0.5,0,0.001,0.9999999999999999,0.0,0.0,True,False,False,False,False,False,True,False
1,0.6420176297747306,0.3277777777777778,0.35130111524163565,1,0.5535714285714285,0.5502588954284149,0.0,1.0,False,False,True,False,True,False,False,False
0,0.5,0.5,0.5,0,0.24642857142857144,0.9999999999999999,0.0,0.0,False,True,False,False,False,False,False,True
0,0.5,0.5,0.5,0,0.12078571428571429,0.9999999999999999,0.0,0.0,False,False,True,False,True,False,False,False
1,0.37022526934378064,0.8888888888888888,0.23559479553903345,1,0.6071428571428571,0.4953240878530524,0.0,1.0,False,True,False,False,False,False,False,True
1,0.43119490695396673,0.5555555555555556,0.262546468401487,1,0.475,0.47989377850307285,0.57,0.919,False,False,True,False,True,False,False,False
0,0.5,0.5,0.5,0,0.24285714285714283,0.33570531914731383,0.0,0.0,False,False,True,False,True,False,False,False
0,0.5,0.5,0.5,0,0.0010178571428571428,0.5627345317500377,0.0,0.0,False,False,False,True,False,True,False,False
0,0.5,0.5,0.5,0,0.4178571428571428,0.9999999999999999,0.04,0.982,True,False,False,False,False,False,True,False
1,0.6420176297747306,0.2055555555555556,0.370817843866171,1,0.6071428571428571,0.9999999999999999,0.0,0.994,False,True,False,False,True,False,False,False
1,0.3971596474045054,0.2444444444444444,0.5004646840148699,0,0.4732142857142857,0.9999999999999999,0.0,0.522,False,False,False,True,False,False,True,False
1,0.7426542605288933,0.27222222222222225,0.7225836431226766,1,0.5892857142857143,0.9999999999999999,0.0,1.0,False,False,True,False,False,True,False,False
0,0.5394221351616063,0.8,0.4851301115241636,0,0.09321428571428571,0.22506983225168767,0.08,0.001,False,True,False,False,False,False,False,True
0,0.5,0.5,0.5,0,0.0073035714285714275,0.5182881762413288,0.0,0.0,False,True,False,False,False,False,True,False
0,0.5394221351616063,0.8,0.4851301115241636,0,0.44821428571428573,0.2589777654241231,0.07,0.745,False,True,False,False,False,False,False,True
0,0.5,0.5,0.5,0,0.06607142857142857,0.9999999999999999,0.0,0.0,True,False,False,False,False,False,False,True
0,0.6762977473065622,0.3277777777777778,0.3722118959107807,1,0.000125,0.9999999999999999,0.32,0.016,False,False,True,False,True,False,False,False
0,0.5,0.5,0.5,0,7.142857142857142e-05,0.9999999999999999,0.09,0.043,True,False,False,False,False,False,True,False
0,0.5,0.5,0.5,0,0.23428571428571426,0.9999999999999999,0.09,0.024,True,False,False,False,False,False,True,False
0,0.5,0.5,0.5,0,0.0005357142857142856,0.9999999999999999,0.0,0.0,False,False,False,True,False,True,False,False
1,0.3552889324191969,0.6611111111111111,0.2927509293680297,1,0.0,0.9999999999999999,0.0,0.0,False,False,True,False,False,True,False,False
1,0.7426542605288933,0.27222222222222225,0.7225836431226766,1,0.5,0.5418953995980416,0.02,0.646,False,False,True,False,True,False,False,False
0,0.5,0.5,0.5,0,0.006553571428571428,0.9999999999999999,0.0,0.0,True,False,False,False,False,False,False,True
0,0.5,0.5,0.5,0,0.20732142857142855,0.3518096224558669,0.0,0.0,True,False,False,False,False,False,True,False
0,0.5832517140058766,0.4444444444444444,0.4767657992565056,0,0.2675,0.24812401986337118,0.0,0.0,False,True,False,False,False,False,False,True
0,0.5,0.5,0.5,0,0.4660714285714286,0.9999999999999999,0.05,0.936,True,False,False,False,False,False,True,False
1,0.35308521057786485,0.711111111111111,0.4725836431226766,0,0.45714285714285713,0.9999999999999999,0.01,0.997,True,False,False,False,False,False,True,False
0,0.5,0.5,0.5,0,0.086375,0.9999999999999999,0.0,0.0,True,False,False,False,False,False,True,False
0,0.568560235063663,0.4666666666666667,0.5473977695167286,0,0.40178571428571425,0.38410876282007206,0.0,0.024,True,False,False,False,False,False,True,False
0,0.5734573947110676,0.3611111111111111,0.48141263940520446,0,0.2326785714285714,0.9999999999999999,0.26,0.001,False,False,True,False,True,False,False,False
1,0.14226248775710088,0.6944444444444444,0.23745353159851296,0,0.5089285714285714,0.9999999999999999,0.0,0.999,False,True,False,False,False,False,False,True
0,0.6762977473065622,0.3277777777777778,0.3722118959107807,1,0.475,0.23202793885598846,0.03,0.476,False,False,True,False,True,False,False,False
1,0.35308521057786485,0.711111111111111,0.4725836431226766,0,0.49821428571428567,0.9999999999999999,0.0,0.992,True,False,False,False,False,False,True,False
0,0.43364348677766895,0.6777777777777778,0.30762081784386613,1,0.20803571428571427,0.5475511028410243,0.01,0.0,True,False,False,False,False,True,False,False
0,0.5,0.5,0.5,0,0.425,0.9999999999999999,0.03,0.831,False,False,False,True,False,True,False,False
1,0.37022526934378064,0.8888888888888888,0.23559479553903345,1,0.4607142857142857,0.9999999999999999,0.14,0.981,False,True,False,False,False,False,False,True
0,0.5,0.5,0.5,0,0.40714285714285714,0.9999999999999999,0.02,0.615,True,False,False,False,False,False,True,False
1,0.47771792360430954,0.48333333333333334,0.40985130111524165,1,0.5160714285714285,0.596602196689161,0.0,0.998,False,True,False,False,False,False,True,False
0,0.5,0.5,0.5,0,0.22428571428571428,0.30060174263679273,0.0,0.0,False,True,False,False,False,False,False,True
1,0.44343780607247796,0.48333333333333334,0.39869888475836435,1,0.5321428571428571,0.9999999999999999,0.0,0.951,False,True,False,False,True,False,False,False
0,0.4265426052889324,0.6388888888888888,0.5185873605947956,0,0.4196428571428571,0.2130123841573478,0.19,0.961,True,False,False,False,False,False,True,False
0,0.5,0.5,0.5,0,0.2598214285714286,0.9999999999999999,0.0,0.0,False,True,False,False,False,False,False,True
0,0.5,0.5,0.5,0,0.1272142857142857,0.44917086025917846,0.0,0.0,False,False,False,True,False,True,False,False
0,0.5345249755142018,0.4777777777777778,0.7012081784386617,1,0.07314285714285713,0.24782376637455056,0.12,0.029,False,False,False,True,False,False,True,False
1,0.6077375122428991,0.5166666666666666,0.5190520446096655,0,0.0,0.9999999999999999,0.0,0.0,False,False,True,False,False,False,False,True
1,0.6420176297747306,0.3277777777777778,0.35130111524163565,1,0.0,0.9999999999999999,0.0,0.0,False,False,True,False,True,False,False,False
1,0.4363369245837414,0.6888888888888889,0.48605947955390333,0,0.4267857142857142,0.9999999999999999,0.01,0.744,False,True,False,False,False,False,True,False
0,0.5,0.5,0.5,0,0.30749999999999994,0.9999999999999999,0.24,0.997,False,True,False,False,False,False,False,True
1,0.0734573947110676,0.75,0.0,1,0.24035714285714285,0.9999999999999999,0.1,0.007,False,True,False,False,False,False,False,True
1,0.43119490695396673,0.5555555555555556,0.262546468401487,1,0.625,0.5424500962623147,0.0,1.0,False,False,True,False,True,False,False,False
0,0.5688050930460333,0.4444444444444444,0.737453531598513,1,1.7857142857142855e-05,0.33861621733722785,0.62,0.001,True,False,False,False,False,False,True,False
0,0.5785994123408423,0.37222222222222223,0.48977695167286245,0,0.4125,0.5291694168647673,0.01,0.354,False,False,True,False,True,False,False,False
1,0.46547502448579825,0.5222222222222223,0.29879182156133827,1,0.5160714285714285,0.9999999999999999,0.0,0.999,False,False,True,False,False,False,False,True
0,0.5,0.5,0.5,0,0.47142857142857136,0.9999999999999999,0.0,0.97,False,False,False,True,False,True,False,False
0,0.5,0.5,0.5,0,0.016928571428571428,0.5627100865680928,0.0,0.0,False,False,False,True,False,False,True,False
0,0.4975514201762977,0.5,0.6226765799256506,1,0.3767857142857143,0.3521078464778439,0.1,0.217,False,False,True,False,True,False,False,False
1,0.43119490695396673,0.5555555555555556,0.262546468401487,1,0.6071428571428571,0.47165687946919194,0.0,0.999,False,False,True,False,True,False,False,False
0,0.3237022526934378,0.6722222222222223,0.6277881040892193,1,0.3208928571428571,0.9999999999999999,0.03,0.14,True,False,False,False,False,False,True,False
0,0.5,0.5,0.5,0,0.4196428571428571,0.9999999999999999,0.02,0.999,False,False,False,True,False,True,False,False
1,0.14201762977473065,0.7166666666666667,0.04739776951672858,1,0.6607142857142857,0.9999999999999999,0.0,0.0,True,False,False,False,False,False,False,True
0,0.4363369245837414,0.6888888888888889,0.48605947955390333,0,0.11067857142857143,0.9999999999999999,0.72,0.0,False,True,False,False,False,False,True,False
0,0.5,0.5,0.5,0,0.0,0.9999999999999999,0.0,0.0,False,False,True,False,True,False,False,False
0,0.5,0.5,0.5,0,0.00010714285714285714,0.9999999999999999,0.24,0.222,False,False,True,False,True,False,False,False
1,0.6177766895200784,0.4222222222222222,0.4776951672862454,0,0.43571428571428567,0.9999999999999999,0.0,0.156,False,False,True,False,False,False,False,True
0,0.5,0.5,0.5,0,0.47857142857142854,0.9999999999999999,0.0,1.0,False,False,False,True,False,True,False,False
1,0.46057786483839375,0.2,0.5148698884758364,0,0.5714285714285714,0.9999999999999999,0.02,0.995,False,False,False,True,False,True,False,False
1,0.47771792360430954,0.48333333333333334,0.40985130111524165,1,0.0,0.9999999999999999,0.0,0.0,False,True,False,False,False,False,True,False
1,0.5636630754162586,0.6055555555555555,0.4103159851301115,1,0.43571428571428567,0.9999999999999999,0.0,0.1,False,True,False,False,False,False,False,True
1,0.6469147894221352,0.2888888888888889,0.5274163568773235,0,0.5892857142857143,0.9999999999999999,0.0,0.999,False,False,True,False,True,False,False,False
1,0.1398139079333986,0.6944444444444444,0.3503717472118959,1,0.24428571428571427,0.5964516476817485,0.06,0.185,False,False,True,False,False,False,False,True
0,0.4926542605288932,0.1777777777777778,0.6858736059479554,1,0.2589285714285714,0.5423340787565379,0.02,0.049,False,False,False,True,True,False,False,False
0,0.4338883447600392,0.65,0.512546468401487,0,0.4035714285714286,0.9999999999999999,0.35,0.157,True,False,False,False,False,False,True,False
0,0.5,0.5,0.5,0,0.28660714285714284,0.9999999999999999,0.0,0.0,False,False,True,False,True,False,False,False
0,0.5,0.5,0.5,0,0.0,0.9999999999999999,0.0,0.0,False,False,True,False,True,False,False,False
0,0.4657198824681685,0.5,0.479089219330855,0,0.3285714285714285,0.9999999999999999,0.14,0.73,True,False,False,False,False,True,False,False
1,0.3947110675808031,1.0,0.27973977695167285,1,0.5714285714285714,0.9999999999999999,0.0,0.999,False,False,True,False,False,False,False,True
1,0.24265426052889322,0.5444444444444444,0.23605947955390333,0,0.42142857142857143,0.4845418792535495,0.09,0.006,False,True,False,False,True,False,False,False
0,0.5,0.5,0.5,0,0.22535714285714284,0.9999999999999999,0.0,0.0,False,True,False,False,False,False,False,True
1,0.5734573947110676,0.3611111111111111,0.48141263940520446,0,0.5714285714285714,0.9999999999999999,0.0,0.999,False,False,True,False,True,False,False,False
1,0.5394221351616063,0.8,0.4851301115241636,0,0.4732142857142857,0.9999999999999999,0.02,1.0,False,True,False,False,False,False,False,True
0,0.5,0.5,0.5,0,0.00017857142857142857,0.9999999999999999,0.0,0.0,True,False,False,False,False,False,True,False
1,0.4605778648383937,0.31666666666666665,0.5283457249070632,0,0.0,0.9999999999999999,0.0,0.0,False,False,True,False,False,True,False,False
1,0.5345249755142018,0.5166666666666666,0.5027881040892194,0,0.0,0.9999999999999999,0.0,0.0,False,False,True,False,True,False,False,False
0,0.5394221351616063,0.8,0.4851301115241636,0,0.30357142857142855,0.9999999999999999,0.31,0.804,False,True,False,False,False,False,False,True
1,0.35798237022526935,0.6722222222222223,0.6486988847583643,1,0.5071428571428571,0.9999999999999999,0.0,1.0,True,False,False,False,False,False,True,False
1,0.39226248775710093,0.48333333333333334,0.4809479553903346,0,0.5535714285714285,0.9999999999999999,0.0,0.999,False,False,False,True,False,False,True,False
1,0.0734573947110676,0.75,0.0,1,0.6964285714285714,0.5421483850033931,0.0,0.0,False,True,False,False,False,False,False,True
0,0.5,0.5,0.5,0,0.11126785714285714,0.9999999999999999,0.0,0.0,False,False,True,False,True,False,False,False
1,0.4534769833496572,0.5722222222222222,0.35269516728624534,0,0.4107142857142857,0.9999999999999999,0.1,0.082,False,False,True,False,True,False,False,False
1,0.14201762977473065,0.7166666666666667,0.04739776951672858,1,0.625,0.9999999999999999,0.0,0.0,True,False,False,False,False,False,False,True
0,0.5,0.5,0.5,0,0.19178571428571428,0.9999999999999999,0.0,0.0,False,True,False,False,False,False,False,True
0,0.502203721841332,0.5222222222222223,0.19702602230483268,1,0.7142857142857142,0.9999999999999999,0.0,0.0,True,False,False,False,False,False,True,False
0,0.5785994123408423,0.37222222222222223,0.48977695167286245,0,0.4035714285714286,0.4033788522486686,0.06,0.644,False,False,True,False,True,False,False,False
0,0.4265426052889324,0.6388888888888888,0.5185873605947956,0,0.19410714285714284,0.3988203600685475,0.78,0.005,True,False,False,False,False,False,True,False
0,0.5734573947110676,0.3611111111111111,0.48141263940520446,0,0.4375,0.9999999999999999,0.23,0.979,False,False,True,False,True,False,False,False
0,0.6077375122428991,0.5166666666666666,0.5190520446096655,0,0.0,0.9999999999999999,0.0,0.0,False,False,True,False,False,False,False,True
0,0.5342801175318316,0.6222222222222222,0.5013940520446096,0,0.011178571428571428,0.4680041650445501,0.32,0.236,False,False,True,False,False,True,False,False
1,0.14226248775710088,0.6944444444444444,0.23745353159851296,0,0.19125,0.562784984934823,0.19,0.81,False,True,False,False,False,False,False,True
1,0.6447110675808031,0.3388888888888889,0.7072490706319703,1,0.5267857142857143,0.5963592050081827,0.0,1.0,False,True,False,False,False,False,True,False
0,0.5,0.5,0.5,0,0.39999999999999997,0.9999999999999999,0.2,0.965,False,False,False,True,False,True,False,False
0,0.568560235063663,0.6333333333333333,0.49814126394052044,0,0.4803571428571428,0.9999999999999999,0.03,0.972,False,True,False,False,False,False,False,True
1,0.5541136141038198,0.5166666666666666,0.7239776951672863,1,0.5714285714285714,0.9999999999999999,0.0,0.999,False,False,True,False,False,True,False,False
1,0.5612144955925563,0.14444444444444443,0.733271375464684,1,0.4589285714285714,0.9999999999999999,0.0,1.0,False,False,False,True,False,False,True,False
0,0.5737022526934378,0.6444444444444444,0.5065055762081785,0,0.2716071428571429,0.3982028297962114,0.07,0.155,False,True,False,False,False,False,False,True
1,0.24265426052889322,0.5444444444444444,0.23605947955390333,0,8.928571428571429e-05,0.9999999999999999,1.0,0.001,False,True,False,False,False,False,True,False
1,0.1398139079333986,0.6944444444444444,0.3503717472118959,1,0.4660714285714286,0.9999999999999999,0.0,0.977,False,False,True,False,False,False,False,True
0,0.5,0.5,0.5,0,0.19053571428571428,0.9999999999999999,0.0,0.0,False,True,False,False,False,False,False,True
1,0.6177766895200784,0.6222222222222222,0.6342936802973977,1,0.5178571428571428,0.5611153589560166,0.0,1.0,False,False,True,False,False,False,False,True
1,0.0,0.55,0.22630111524163565,0,0.6785714285714285,0.9999999999999999,0.0,0.0,False,False,True,False,True,False,False,False
1,0.14226248775710088,0.6944444444444444,0.23745353159851296,0,0.37857142857142856,0.9999999999999999,0.23,0.181,False,True,False,False,False,False,False,True
0,0.5,0.5,0.5,0,0.109375,0.9999999999999999,0.0,0.0,False,False,False,True,True,False,False,False
0,0.4338883447600392,0.65,0.512546468401487,0,0.00125,0.39987762081992895,0.43,0.026,True,False,False,False,False,False,True,False
0,0.5,0.5,0.5,0,0.17357142857142857,0.9999999999999999,0.0,0.0,False,False,True,False,True,False,False,False
1,0.6762977473065622,0.3277777777777778,0.3722118959107807,1,0.4928571428571429,0.9999999999999999,0.0,1.0,False,False,True,False,True,False,False,False
0,0.5345249755142018,0.4777777777777778,0.7012081784386617,1,0.0013928571428571427,0.9999999999999999,0.33,0.015,False,False,False,True,False,False,True,False
1,0.29676787463271304,0.6888888888888889,0.46189591078066916,0,0.0,0.9999999999999999,0.0,0.0,False,False,True,False,False,False,False,True
0,0.5,0.5,0.5,0,0.2758928571428571,0.9999999999999999,0.14,0.037,False,False,False,True,False,True,False,False
1,0.20323212536728696,0.3611111111111111,0.2644052044609665,0,0.023535714285714285,0.9999999999999999,0.0,0.0,False,False,False,True,True,False,False,False
0,0.5,0.5,0.5,0,0.3105357142857143,0.5649429854176888,0.0,0.0,False,False,True,False,True,False,False,False
0,0.4265426052889324,0.6388888888888888,0.5185873605947956,0,0.38749999999999996,0.2883331246923202,0.04,0.019,True,False,False,False,False,False,True,False
0,0.5,0.5,0.5,0,0.1896428571428571,0.9999999999999999,0.19,0.049,False,False,False,True,False,True,False,False
1,0.6052889324191969,0.03888888888888886,0.7221189591078067,1,0.5267857142857143,0.9999999999999999,0.0,0.981,False,False,False,True,False,False,True,False
1,0.0734573947110676,0.75,0.0,1,0.6428571428571428,0.5431500313082931,0.0,0.0,False,True,False,False,False,False,False,True
1,0.24265426052889322,0.5444444444444444,0.23605947955390333,0,0.44999999999999996,0.9999999999999999,0.01,0.456,False,True,False,False,True,False,False,False
1,0.6077375122428991,0.5166666666666666,0.5190520446096655,0,0.48571428571428565,0.9999999999999999,0.0,0.951,False,False,True,False,False,False,False,True
0,0.5,0.5,0.5,0,0.42321428571428565,0.5964260530817646,0.05,0.838,False,True,False,False,False,False,False,True
0,0.5,0.5,0.5,0,0.13941071428571428,0.9999999999999999,0.0,0.0,True,False,False,False,False,False,True,False
0,0.4167482859941234,0.5555555555555556,0.5232342007434945,0,0.16951785714285714,0.5430380301810749,0.48,0.015,False,False,False,True,False,False,True,False
1,0.5394221351616063,0.8,0.4851301115241636,0,0.0,0.9999999999999999,0.0,0.0,False,True,False,False,False,False,False,True
0,0.45592556317335947,0.6055555555555555,0.5111524163568774,0,0.00010714285714285714,0.9999999999999999,1.0,0.0,True,False,False,False,False,True,False,False
1,0.2573457394711067,0.7277777777777777,0.2774163568773234,1,0.4803571428571428,0.9999999999999999,0.0,1.0,False,True,False,False,False,False,True,False
1,0.6469147894221352,0.2888888888888889,0.5274163568773235,0,0.5125,0.9999999999999999,0.0,1.0,False,False,True,False,True,False,False,False
0,0.3528403525954946,0.30000000000000004,0.5092936802973977,0,0.5535714285714285,0.3517724526439729,0.0,0.997,False,False,False,True,False,True,False,False
1,0.5737022526934378,0.6444444444444444,0.5065055762081785,0,0.5892857142857143,0.5290481119851402,0.0,0.99,False,True,False,False,False,False,False,True
1,0.35308521057786485,0.711111111111111,0.4725836431226766,0,0.5,0.9999999999999999,0.0,0.999,True,False,False,False,False,False,True,False
1,0.0734573947110676,0.75,0.0,1,0.6071428571428571,0.5291651339635909,0.0,0.999,False,True,False,False,False,False,False,True
0,0.5,0.5,0.5,0,0.23035714285714284,0.9999999999999999,0.0,0.0,False,False,False,True,False,False,True,False
1,0.7426542605288933,0.49444444444444446,0.5097583643122676,0,0.6071428571428571,0.5950863137418271,0.0,1.0,False,True,False,False,False,False,True,False
1,0.14226248775710088,0.6944444444444444,0.23745353159851296,0,0.4446428571428571,0.9999999999999999,0.02,0.687,False,True,False,False,False,False,False,True
1,0.5734573947110676,0.3611111111111111,0.48141263940520446,0,0.4732142857142857,0.9999999999999999,0.01,0.994,False,False,True,False,True,False,False,False
0,0.5,0.5,0.5,0,0.0011785714285714286,0.9999999999999999,0.0,0.0,False,False,False,True,False,False,True,False
0,0.5541136141038198,0.5166666666666666,0.7239776951672863,1,0.47142857142857136,0.9999999999999999,0.17,0.979,False,False,True,False,False,True,False,False
1,0.24265426052889322,0.5444444444444444,0.23605947955390333,0,0.6428571428571428,0.9999999999999999,0.0,0.0,False,True,False,False,True,False,False,False
1,0.49779627815866795,0.4777777777777778,0.8029739776951673,1,0.43571428571428567,0.5626793798534866,0.38,0.874,False,False,True,False,True,False,False,False
1,0.17874632713026445,0.2888888888888889,0.22211895910780666,0,0.4196428571428571,0.9999999999999999,0.09,0.764,False,False,False,True,False,False,True,False
1,0.37022526934378064,0.8888888888888888,0.23559479553903345,1,0.6071428571428571,0.495050606979509,0.01,0.977,False,True,False,False,False,False,False,True
1,0.0,0.55,0.22630111524163565,0,0.6607142857142857,0.5965622246671615,0.0,0.0,False,False,True,False,True,False,False,False
1,0.6177766895200784,0.4222222222222222,0.4776951672862454,0,0.4392857142857143,0.9999999999999999,0.05,0.502,False,False,True,False,False,False,False,True
1,0.14201762977473065,0.7166666666666667,0.04739776951672858,1,0.625,0.9999999999999999,0.0,0.0,True,False,False,False,False,False,False,True
1,0.17874632713026445,0.2888888888888889,0.22211895910780666,0,0.0,0.9999999999999999,0.0,0.0,False,False,False,True,True,False,False,False
0,0.5394221351616063,0.8,0.4851301115241636,0,0.33749999999999997,0.9999999999999999,0.01,0.014,False,True,False,False,False,False,False,True
0,0.5244857982370226,0.45555555555555555,0.5288104089219331,0,0.29642857142857143,0.5628737556776171,0.12,0.003,False,False,False,True,False,True,False,False
1,0.1398139079333986,0.6944444444444444,0.3503717472118959,1,0.19178571428571428,0.9999999999999999,0.34,0.06,False,False,True,False,False,False,False,True
1,0.0734573947110676,0.75,0.0,1,0.8214285714285714,0.46803760627204705,0.0,0.0,False,True,False,False,False,False,False,True
1,0.6349167482859941,0.2888888888888889,0.7397769516728625,1,0.48392857142857143,0.9999999999999999,0.0,1.0,False,True,False,False,False,False,True,False
0,0.5,0.5,0.5,0,0.4267857142857142,0.9999999999999999,0.06,0.993,False,True,False,False,False,False,False,True
0,0.4314397649363369,0.36666666666666664,0.5018587360594795,0,0.16858928571428572,0.9999999999999999,0.58,0.013,False,False,False,True,False,True,False,False
1,0.056317335945151814,0.5722222222222222,0.23698884758364308,0,0.6428571428571428,0.5628578591304234,0.0,0.0,False,True,False,False,True,False,False,False
0,0.5,0.5,0.5,0,0.0013214285714285713,0.5959480869872698,0.0,0.0,True,False,False,False,False,False,True,False
1,0.14226248775710088,0.6944444444444444,0.23745353159851296,0,0.6607142857142857,0.9999999999999999,0.0,0.0,False,True,False,False,False,False,False,True
1,0.6471596474045054,0.7,0.49070631970260226,0,0.46964285714285714,0.5964886007714898,0.0,1.0,False,True,False,False,False,False,False,True
1,0.4167482859941234,0.5944444444444444,0.525092936802974,0,0.49107142857142855,0.9999999999999999,0.0,0.989,False,False,False,True,True,False,False,False
0,0.4265426052889324,0.5222222222222223,0.5134758364312267,0,0.40714285714285714,0.9999999999999999,0.0,0.565,True,False,False,False,False,False,True,False
1,0.0,0.55,0.22630111524163565,0,0.6607142857142857,0.9999999999999999,0.0,0.0,False,False,True,False,True,False,False,False
0,0.568560235063663,0.6333333333333333,0.49814126394052044,0,0.00010714285714285714,0.9999999999999999,0.73,0.232,False,True,False,False,False,False,False,True
1,0.4265426052889324,0.30000000000000004,0.7263011152416357,1,0.5142857142857142,0.9999999999999999,0.0,0.991,False,False,False,True,False,True,False,False
0,0.6420176297747306,0.3277777777777778,0.35130111524163565,1,0.4178571428571428,0.38651898185156114,0.0,0.374,False,False,True,False,True,False,False,False
1,0.14226248775710088,0.6944444444444444,0.23745353159851296,0,0.4178571428571428,0.9999999999999999,0.14,0.898,False,True,False,False,False,False,False,True
0,0.5,0.5,0.5,0,0.2232142857142857,0.37761311400797914,0.0,0.0,False,True,False,False,False,False,False,True
1,0.37022526934378064,0.8888888888888888,0.23559479553903345,1,0.5892857142857143,0.5623156669677561,0.03,0.999,False,True,False,False,False,False,False,True
1,0.4314397649363369,0.36666666666666664,0.5018587360594795,0,0.6071428571428571,0.9999999999999999,0.0,0.831,False,False,False,True,False,True,False,False
0,0.5,0.5,0.5,0,0.2092857142857143,0.9999999999999999,0.0,0.0,False,True,False,False,False,False,False,True
0,0.44343780607247796,0.48333333333333334,0.39869888475836435,1,0.1919642857142857,0.9999999999999999,0.06,0.138,False,True,False,False,True,False,False,False
1,0.056317335945151814,0.5722222222222222,0.23698884758364308,0,0.010589285714285713,0.9999999999999999,0.0,0.0,False,True,False,False,False,False,True,False
1,0.5734573947110676,0.7,0.2736988847583643,1,0.5267857142857143,0.5183006544662495,0.01,1.0,False,True,False,False,False,False,False,True
1,0.4534769833496572,0.5722222222222222,0.35269516728624534,0,0.6071428571428571,0.5094321953071795,0.04,0.98,False,False,True,False,True,False,False,False
1,0.1398139079333986,0.6944444444444444,0.3503717472118959,1,0.0,0.9999999999999999,0.0,0.0,False,False,True,False,False,False,False,True
1,0.5440744368266406,0.35555555555555557,0.48698884758364314,0,0.40714285714285714,0.5431618573742778,0.16,0.975,True,False,False,False,False,False,True,False
1,0.5394221351616063,0.8,0.4851301115241636,0,0.5535714285714285,0.5183011438736033,0.0,1.0,False,True,False,False,False,False,False,True
1,0.35798237022526935,0.6722222222222223,0.6486988847583643,1,0.0,0.9999999999999999,0.0,0.0,True,False,False,False,False,False,True,False
0,0.568560235063663,0.4666666666666667,0.5473977695167286,0,0.425,0.2559151613525331,0.14,0.96,True,False,False,False,False,False,True,False
0,0.5785994123408423,0.37222222222222223,0.48977695167286245,0,0.41607142857142854,0.20617420695940408,0.0,0.282,False,False,True,False,True,False,False,False
0,0.5734573947110676,0.3611111111111111,0.48141263940520446,0,0.5535714285714285,0.9999999999999999,0.0,0.999,False,False,True,False,True,False,False,False
1,0.0734573947110676,0.75,0.0,1,0.625,0.9999999999999999,0.0,0.0,False,True,False,False,False,False,False,True
1,0.6349167482859941,0.2888888888888889,0.7397769516728625,1,0.4464285714285714,0.9999999999999999,0.05,1.0,False,True,False,False,False,False,True,False
0,0.5,0.5,0.5,0,0.4267857142857142,0.9999999999999999,0.0,0.983,False,False,False,True,False,True,False,False
0,0.5,0.5,0.5,0,0.14625,0.9999999999999999,0.0,0.0,False,True,False,False,True,False,False,False
0,0.46547502448579825,0.5222222222222223,0.4990706319702602,0,0.33999999999999997,0.9999999999999999,0.02,0.069,False,True,False,False,False,False,True,False
0,0.5,0.5,0.5,0,0.0010714285714285713,0.9999999999999999,0.0,0.0,False,False,False,True,False,True,False,False
1,0.49779627815866795,0.4777777777777778,0.8029739776951673,1,0.5892857142857143,0.9999999999999999,0.12,0.999,False,False,True,False,True,False,False,False
1,0.46057786483839375,0.2,0.5148698884758364,0,0.0,0.9999999999999999,0.0,0.0,False,False,False,True,False,True,False,False
0,0.5734573947110676,0.7,0.2736988847583643,1,0.4660714285714286,0.3700417860490604,0.0,0.349,False,True,False,False,False,False,False,True
0,0.4314397649363369,0.5333333333333333,0.4526022304832714,0,0.0066607142857142854,0.9999999999999999,0.43,0.049,False,False,True,False,True,False,False,False
0,0.5,0.5,0.5,0,0.048124999999999994,0.560253022203529,0.0,0.0,False,False,False,True,False,False,True,False
1,0.5981880509304603,0.4111111111111111,0.5599442379182156,1,0.0,0.9999999999999999,0.0,0.0,False,True,False,False,True,False,False,False
1,0.1398139079333986,0.6944444444444444,0.3503717472118959,1,0.625,0.9999999999999999,0.0,0.0,False,False,True,False,False,False,False,True
1,0.46057786483839375,0.2,0.5148698884758364,0,0.4535714285714285,0.9999999999999999,0.01,0.817,False,False,False,True,False,True,False,False
0,0.5,0.5,0.5,0,0.2319642857142857,0.9999999999999999,0.0,0.0,False,False,True,False,True,False,False,False
1,0.0,0.55,0.22630111524163565,0,0.5714285714285714,0.9999999999999999,0.0,1.0,False,False,True,False,True,False,False,False
1,0.1398139079333986,0.6944444444444444,0.3503717472118959,1,0.6607142857142857,0.9999999999999999,0.0,0.0,False,False,True,False,False,False,False,True
0,0.5,0.5,0.5,0,0.0008571428571428571,0.5092333547905187,0.0,0.0,False,False,False,True,False,True,False,False
1,0.14226248775710088,0.6944444444444444,0.23745353159851296,0,0.25589285714285714,0.9999999999999999,1.0,0.003,False,True,False,False,False,False,False,True
0,0.5785994123408423,0.37222222222222223,0.48977695167286245,0,0.4946428571428571,0.48464103288632476,0.0,0.936,False,False,True,False,True,False,False,False
0,0.5296278158667973,0.7888888888888889,0.5195167286245354,0,0.4125,0.9999999999999999,0.04,0.439,False,True,False,False,False,False,False,True
0,0.5,0.5,0.5,0,0.42857142857142855,0.9999999999999999,0.0,0.996,False,True,False,False,False,False,False,True
0,0.5,0.5,0.5,0,0.11174999999999999,0.9999999999999999,0.23,0.005,True,False,False,False,False,False,True,False
1,0.0,0.55,0.22630111524163565,0,0.7678571428571428,0.9999999999999999,0.0,0.0,False,False,True,False,True,False,False,False
1,0.44588638589618024,0.48333333333333334,0.2760223048327137,1,0.0,0.9999999999999999,0.0,0.0,False,True,False,False,False,False,True,False
0,0.502203721841332,0.5222222222222223,0.19702602230483268,1,0.205,0.4997943582563179,0.06,0.005,True,False,False,False,False,False,True,False
1,0.5785994123408423,0.37222222222222223,0.48977695167286245,0,0.44821428571428573,0.9999999999999999,0.02,0.181,False,False,True,False,True,False,False,False
1,0.1398139079333986,0.6944444444444444,0.3503717472118959,1,0.9642857142857142,0.5965850792660464,0.0,0.0,False,False,True,False,False,False,False,True
1,0.3161116552399608,0.5222222222222223,0.2225836431226766,0,0.3076785714285714,0.9999999999999999,0.08,0.003,False,False,True,False,False,False,False,True
0,0.5,0.5,0.5,0,0.17964285714285713,0.9999999999999999,0.0,0.0,False,False,True,False,False,True,False,False
1,0.4605778648383937,0.31666666666666665,0.5283457249070632,0,0.44821428571428573,0.9999999999999999,0.0,0.998,False,False,True,False,False,True,False,False
0,0.568560235063663,0.4666666666666667,0.5473977695167286,0,0.39999999999999997,0.36732138820238847,0.18,0.02,True,False,False,False,False,False,True,False
1,0.056317335945151814,0.5722222222222222,0.23698884758364308,0,0.1723392857142857,0.9999999999999999,0.0,0.0,False,True,False,False,False,False,True,False
0,0.5,0.5,0.5,0,0.046125,0.9999999999999999,0.0,0.0,False,True,False,False,False,False,True,False
1,0.6349167482859941,0.2888888888888889,0.7397769516728625,1,0.40892857142857136,0.9999999999999999,0.17,0.379,False,True,False,False,False,False,True,False
1,0.6863369245837414,0.4722222222222222,0.49907063197026025,0,0.49642857142857144,0.5425958105090715,0.0,1.0,False,True,False,False,True,False,False,False
1,0.7426542605288933,0.27222222222222225,0.7225836431226766,1,0.6071428571428571,0.9999999999999999,0.0,1.0,False,False,True,False,False,True,False,False
1,0.3237022526934378,0.6722222222222223,0.6277881040892193,1,0.49642857142857144,0.5966002401074878,0.01,0.556,True,False,False,False,False,False,True,False
1,0.0,0.55,0.22630111524163565,0,0.5107142857142857,0.9999999999999999,0.0,1.0,False,False,True,False,True,False,False,False
0,0.5,0.5,0.5,0,0.2808928571428571,0.9999999999999999,0.0,0.0,False,True,False,False,False,False,False,True
0,0.43119490695396673,0.5555555555555556,0.262546468401487,1,0.6071428571428571,0.3534374573174876,0.01,0.996,False,False,True,False,True,False,False,False
1,0.703232125367287,0.3111111111111111,0.5381040892193308,0,0.15339285714285714,0.3550895423449929,0.0,0.0,False,True,False,False,False,False,True,False
0,0.4240940254652302,0.6055555555555555,0.5302044609665427,0,0.23249999999999998,0.9999999999999999,0.07,0.0,True,False,False,False,False,True,False,False
0,0.5,0.5,0.5,0,0.19303571428571428,0.3821397261956771,0.0,0.0,False,True,False,False,False,False,False,True
0,0.5,0.5,0.5,0,0.007767857142857142,0.9999999999999999,0.0,0.0,True,False,False,False,False,False,False,True
0,0.5345249755142018,0.5166666666666666,0.5027881040892194,0,0.09869642857142857,0.45328673753316817,0.16,0.092,False,False,True,False,True,False,False,False
1,0.4975514201762977,0.5,0.6226765799256506,1,0.38571428571428573,0.9999999999999999,0.42,0.0,False,False,True,False,True,False,False,False
1,0.1398139079333986,0.6944444444444444,0.3503717472118959,1,0.37142857142857144,0.9999999999999999,0.02,0.273,False,False,True,False,False,False,False,True
1,0.20323212536728696,0.3611111111111111,0.2644052044609665,0,0.5892857142857143,0.9999999999999999,0.0,0.0,False,False,False,True,True,False,False,False
0,0.5002448579823702,0.4777777777777778,0.6900557620817844,1,0.01225,0.9999999999999999,1.0,0.103,False,True,False,False,True,False,False,False
1,0.5734573947110676,0.4777777777777778,0.4865241635687732,0,0.6071428571428571,0.9999999999999999,0.01,0.908,False,False,True,False,True,False,False,False
1,0.46057786483839375,0.2,0.5148698884758364,0,0.4928571428571429,0.9999999999999999,0.0,1.0,False,False,False,True,False,True,False,False
0,0.5,0.5,0.5,0,0.19285714285714287,0.9999999999999999,0.12,0.614,False,False,False,True,False,True,False,False
1,0.46547502448579825,0.5222222222222223,0.4990706319702602,0,0.0,0.9999999999999999,0.0,0.0,False,True,False,False,False,False,True,False
1,0.17874632713026445,0.2888888888888889,0.22211895910780666,0,0.6428571428571428,0.9999999999999999,0.0,0.0,False,False,False,True,False,False,True,False
1,0.056317335945151814,0.5722222222222222,0.23698884758364308,0,0.6964285714285714,0.9999999999999999,0.0,0.0,False,True,False,False,True,False,False,False
0,0.47037218413320275,0.21111111111111114,0.4804832713754647,0,0.15185714285714283,0.9999999999999999,0.31,0.0,False,False,False,True,False,True,False,False
1,0.3161116552399608,0.5222222222222223,0.2225836431226766,0,0.3175,0.9999999999999999,0.02,0.038,False,False,True,False,False,False,False,True
0,0.5,0.5,0.5,0,0.4267857142857142,0.9999999999999999,0.0,0.015,False,True,False,False,False,False,False,True
1,0.0,0.55,0.22630111524163565,0,0.625,0.9999999999999999,0.0,0.0,False,False,True,False,True,False,False,False
0,0.7426542605288933,0.27222222222222225,0.7225836431226766,1,0.5892857142857143,0.12899400598362049,0.0,0.979,False,False,True,False,True,False,False,False
0,0.5,0.5,0.5,0,0.21214285714285713,0.3821415157822466,0.0,0.0,False,True,False,False,False,False,False,True
1,0.5688050930460333,0.4444444444444444,0.737453531598513,1,0.3226785714285714,0.9999999999999999,0.07,0.446,True,False,False,False,False,False,True,False
1,0.1398139079333986,0.6944444444444444,0.3503717472118959,1,0.625,0.9999999999999999,0.0,0.0,False,False,True,False,False,False,False,True
0,0.5,0.5,0.5,0,0.015410714285714285,0.9999999999999999,0.0,0.0,True,False,False,False,False,True,False,False
0,0.5,0.5,0.5,0,0.10703571428571428,0.4220951956696644,0.0,0.0,False,False,True,False,True,False,False,False
0,0.6863369245837414,0.4722222222222222,0.49907063197026025,0,0.4392857142857143,0.9999999999999999,0.04,0.906,False,True,False,False,True,False,False,False
0,0.5,0.5,0.5,0,0.45535714285714285,0.9999999999999999,0.0,0.0,False,False,False,True,False,True,False,False
0,0.5,0.5,0.5,0,0.0036071428571428574,0.9999999999999999,0.0,0.0,False,False,False,True,False,False,True,False
0,0.5,0.5,0.5,0,0.054714285714285715,0.5965281460342379,0.0,0.0,False,False,False,True,False,True,False,False
0,0.5,0.5,0.5,0,0.10594642857142857,0.9999999999999999,0.0,0.0,False,False,False,True,True,False,False,False
0,0.5,0.5,0.5,0,0.0,0.9999999999999999,0.0,0.0,False,False,False,True,False,True,False,False
0,0.5,0.5,0.5,0,0.031464285714285715,0.5966063546864159,0.0,0.0,False,True,False,False,False,False,False,True
0,0.5,0.5,0.5,0,0.25553571428571425,0.38312387305531825,0.0,0.0,False,False,True,False,True,False,False,False
1,0.1398139079333986,0.6944444444444444,0.3503717472118959,1,0.0047857142857142855,0.9999999999999999,0.08,0.022,False,False,True,False,False,False,False,True
0,0.5,0.5,0.5,0,0.15914285714285714,0.9999999999999999,0.0,0.0,False,True,False,False,False,False,True,False
1,0.5832517140058766,0.40555555555555556,0.4749070631970261,0,0.39285714285714285,0.5426542993100562,0.02,0.0,True,False,False,False,False,False,False,True
0,0.5,0.5,0.5,0,0.0026964285714285714,0.3824185004481137,0.0,0.0,True,False,False,False,False,False,False,True
0,0.5,0.5,0.5,0,0.20464285714285715,0.9999999999999999,0.0,0.0,False,True,False,False,False,False,False,True
0,0.5785994123408423,0.37222222222222223,0.48977695167286245,0,0.5714285714285714,0.40434214658942497,0.0,1.0,False,False,True,False,True,False,False,False
1,0.5785994123408423,0.37222222222222223,0.48977695167286245,0,0.49821428571428567,0.9999999999999999,0.0,0.971,False,False,True,False,True,False,False,False
0,0.5,0.5,0.5,0,0.12960714285714284,0.5964521353286001,0.0,0.0,True,False,False,False,False,False,True,False
1,0.6469147894221352,0.2888888888888889,0.5274163568773235,0,0.4464285714285714,0.9999999999999999,0.1,0.925,False,False,True,False,True,False,False,False
1,0.14201762977473065,0.7166666666666667,0.04739776951672858,1,0.25732142857142853,0.9999999999999999,0.03,0.454,True,False,False,False,False,False,False,True
0,0.5,0.5,0.5,0,0.06891071428571428,0.9999999999999999,0.0,0.0,True,False,False,False,False,True,False,False
0,0.5,0.5,0.5,0,0.19410714285714284,0.9999999999999999,0.0,0.0,False,True,False,False,False,False,True,False
0,0.5,0.5,0.5,0,0.26678571428571424,0.9999999999999999,0.05,0.044,False,True,False,False,False,False,False,True
1,0.6762977473065622,0.3277777777777778,0.3722118959107807,1,0.5035714285714286,0.9999999999999999,0.0,0.982,False,False,True,False,True,False,False,False
1,0.1398139079333986,0.6944444444444444,0.3503717472118959,1,0.23107142857142854,0.562888067010985,0.89,0.003,False,False,True,False,False,False,False,True
0,0.5,0.5,0.5,0,0.046125,0.9999999999999999,0.0,0.0,False,True,False,False,False,False,False,True
1,0.0734573947110676,0.75,0.0,1,0.24910714285714283,0.9999999999999999,0.0,0.0,False,True,False,False,False,False,False,True
1,0.3871204701273261,0.3388888888888889,0.54182156133829,0,0.4589285714285714,0.9999999999999999,0.01,0.905,False,False,False,True,False,False,True,False
1,0.4755142017629775,0.5444444444444444,0.4711895910780669,0,0.5535714285714285,0.5966276394117005,0.0,0.999,False,True,False,False,False,False,False,True
1,0.14226248775710088,0.6944444444444444,0.23745353159851296,0,0.4678571428571428,0.9999999999999999,0.01,0.966,False,True,False,False,False,False,False,True
1,0.5345249755142018,0.4777777777777778,0.7012081784386617,1,0.46428571428571425,0.9999999999999999,0.1,1.0,False,True,False,False,True,False,False,False
0,0.5,0.5,0.5,0,0.008374999999999999,0.542630491936031,0.0,0.0,True,False,False,False,False,False,True,False
1,0.17874632713026445,0.2888888888888889,0.22211895910780666,0,0.6785714285714285,0.9999999999999999,0.0,0.0,False,False,False,True,True,False,False,False
1,0.4338883447600392,0.65,0.512546468401487,0,0.39464285714285713,0.9999999999999999,0.46,0.958,True,False,False,False,False,False,True,False
0,0.5734573947110676,0.4777777777777778,0.4865241635687732,0,0.47857142857142854,0.9999999999999999,0.0,0.996,False,False,True,False,True,False,False,False
1,0.14226248775710088,0.6944444444444444,0.23745353159851296,0,0.6071428571428571,0.9999999999999999,0.0,0.0,False,True,False,False,False,False,False,True
0,0.5,0.5,0.5,0,0.1926785714285714,0.9999999999999999,0.0,0.0,False,True,False,False,False,False,False,True
1,0.45592556317335947,0.6055555555555555,0.5111524163568774,0,0.41428571428571426,0.9999999999999999,0.0,0.824,True,False,False,False,False,True,False,False
1,0.2573457394711067,0.7277777777777777,0.2774163568773234,1,0.0,0.9999999999999999,0.0,0.0,False,True,False,False,False,False,True,False
1,0.056317335945151814,0.5722222222222222,0.23698884758364308,0,0.002607142857142857,0.9999999999999999,0.0,0.0,False,True,False,False,True,False,False,False
1,0.42140058765915767,0.6277777777777778,0.5102230483271375,0,0.0,0.9999999999999999,0.0,0.0,True,False,False,False,False,False,True,False
1,0.4926542605288932,0.1777777777777778,0.6858736059479554,1,0.4375,0.9999999999999999,0.0,0.045,False,False,False,True,True,False,False,False
0,0.5,0.5,0.5,0,0.0001607142857142857,0.5960790543525276,0.0,0.0,True,False,False,False,False,False,True,False
0,0.5,0.5,0.5,0,0.4107142857142857,0.9999999999999999,0.01,0.952,False,False,True,False,True,False,False,False
1,0.14226248775710088,0.6944444444444444,0.23745353159851296,0,0.9285714285714285,0.9999999999999999,0.0,0.0,False,True,False,False,False,False,False,True
0,0.5,0.5,0.5,0,0.47142857142857136,0.9999999999999999,0.0,0.894,False,True,False,False,False,False,False,True
0,0.37022526934378064,0.8888888888888888,0.23559479553903345,1,0.4107142857142857,0.5966215221581129,0.07,0.429,False,True,False,False,False,False,False,True
0,0.5,0.5,0.5,0,0.0056071428571428565,0.46794465471874175,0.0,0.0,False,True,False,False,False,False,False,True
1,0.0734573947110676,0.75,0.0,1,0.875,0.48454297985148187,0.0,0.0,False,True,False,False,False,False,False,True
1,0.5734573947110676,0.4777777777777778,0.4865241635687732,0,0.6071428571428571,0.5094372940204247,0.0,1.0,False,False,True,False,True,False,False,False
0,0.566356513222331,0.3222222222222222,0.6923791821561338,1,0.41607142857142854,0.542652684882723,0.01,0.911,False,True,False,False,True,False,False,False
0,0.5,0.5,0.5,0,0.10019642857142856,0.3550500385911383,0.0,0.0,False,False,True,False,True,False,False,False
0,0.5345249755142018,0.5166666666666666,0.5027881040892194,0,0.00017857142857142857,0.5960285104182736,0.82,0.002,False,False,True,False,True,False,False,False
1,0.14226248775710088,0.6944444444444444,0.23745353159851296,0,0.0011964285714285714,0.9999999999999999,0.26,0.03,False,True,False,False,False,False,False,True
0,0.5,0.5,0.5,0,0.03508928571428571,0.5181330774322955,0.0,0.0,False,False,True,False,True,False,False,False
0,0.43119490695396673,0.5555555555555556,0.262546468401487,1,0.31142857142857144,0.1858968627016888,0.58,0.017,False,False,True,False,True,False,False,False
1,0.5734573947110676,0.4777777777777778,0.4865241635687732,0,0.5714285714285714,0.47003720341406213,0.0,1.0,False,False,True,False,True,False,False,False
1,0.7426542605288933,0.27222222222222225,0.7225836431226766,1,0.6071428571428571,0.9999999999999999,0.0,1.0,False,False,True,False,True,False,False,False
0,0.6420176297747306,0.3277777777777778,0.35130111524163565,1,0.04846428571428571,0.3808148643219907,0.39,0.026,False,False,True,False,True,False,False,False
1,0.24265426052889322,0.5444444444444444,0.23605947955390333,0,0.4589285714285714,0.9999999999999999,0.0,0.0,False,True,False,False,False,False,True,False
1,0.0734573947110676,0.75,0.0,1,0.7142857142857142,0.9999999999999999,0.0,0.0,True,False,False,False,False,False,False,True
1,0.14226248775710088,0.6944444444444444,0.23745353159851296,0,0.1739642857142857,0.9999999999999999,0.22,0.023,False,True,False,False,False,False,False,True
0,0.5,0.5,0.5,0,0.00035714285714285714,0.5965374267381157,0.0,0.0,False,False,True,False,False,True,False,False
1,0.24265426052889322,0.5444444444444444,0.23605947955390333,0,0.8392857142857142,0.9999999999999999,0.0,0.0,False,True,False,False,False,False,True,False
0,0.5465230166503428,0.4277777777777778,0.6473048327137547,0,0.4303571428571429,0.9999999999999999,0.01,0.137,True,False,False,False,False,False,True,False
1,0.7426542605288933,0.49444444444444446,0.5097583643122676,0,0.7142857142857142,0.9999999999999999,0.0,0.0,False,True,False,False,False,False,True,False
1,0.49779627815866795,0.4777777777777778,0.8029739776951673,1,0.5535714285714285,0.9999999999999999,0.0,0.997,False,False,True,False,True,False,False,False
1,0.6052889324191969,0.03888888888888886,0.7221189591078067,1,0.5535714285714285,0.9999999999999999,0.01,0.814,False,False,False,True,False,False,True,False
1,0.24265426052889322,0.5444444444444444,0.23605947955390333,0,0.5232142857142857,0.9999999999999999,0.0,0.0,False,True,False,False,True,False,False,False
1,0.1398139079333986,0.6944444444444444,0.3503717472118959,1,0.0,0.9999999999999999,0.0,0.0,False,False,True,False,False,False,False,True
0,0.6447110675808031,0.3388888888888889,0.7072490706319703,1,0.3982142857142857,0.9999999999999999,0.04,0.0,False,True,False,False,False,False,True,False
0,0.5734573947110676,0.7,0.2736988847583643,1,0.4196428571428571,0.41959157200008557,0.01,0.487,False,True,False,False,False,False,False,True
0,0.3650832517140059,0.711111111111111,0.2602230483271375,1,0.16225,0.9999999999999999,0.07,0.008,False,False,True,False,False,True,False,False
0,0.5,0.5,0.5,0,0.1745,0.9999999999999999,0.0,0.0,False,True,False,False,False,False,False,True
1,0.20323212536728696,0.3611111111111111,0.2644052044609665,0,0.6428571428571428,0.9999999999999999,0.0,0.0,False,True,False,False,True,False,False,False
1,0.24265426052889322,0.5444444444444444,0.23605947955390333,0,0.6428571428571428,0.9999999999999999,0.0,0.0,False,True,False,False,True,False,False,False
0,0.4755142017629775,0.5444444444444444,0.4711895910780669,0,0.09123214285714284,0.32772627445392705,0.56,0.0,False,True,False,False,False,False,False,True
0,0.5,0.5,0.5,0,0.24910714285714283,0.3024336359870664,0.0,0.0,False,False,True,False,True,False,False,False
0,0.5,0.5,0.5,0,0.1585892857142857,0.5963510531475634,0.0,0.0,False,True,False,False,False,False,False,True
1,0.43609206660137123,0.24444444444444446,0.48605947955390333,0,0.5357142857142857,0.5964726209099146,0.0,1.0,False,False,False,True,False,True,False,False
1,0.29676787463271304,0.6888888888888889,0.46189591078066916,0,0.4607142857142857,0.9999999999999999,0.03,0.211,False,False,True,False,False,False,False,True
0,0.43119490695396673,0.5555555555555556,0.262546468401487,1,0.39285714285714285,0.9999999999999999,0.01,0.095,False,False,True,False,True,False,False,False
1,0.509794319294809,0.55,0.4674721189591078,0,0.43571428571428567,0.9999999999999999,0.31,0.545,False,True,False,False,True,False,False,False
0,0.5024485798237023,0.5,0.37732342007434944,1,0.0,0.9999999999999999,0.0,0.0,True,False,False,False,False,False,True,False
0,0.5,0.5,0.5,0,0.1939285714285714,0.501628798566434,0.0,0.0,False,False,True,False,True,False,False,False
0,0.5,0.5,0.5,0,0.39999999999999997,0.9999999999999999,0.02,0.641,False,False,True,False,True,False,False,False
1,0.0,0.55,0.22630111524163565,0,0.008232142857142856,0.9999999999999999,0.1,0.004,False,False,True,False,True,False,False,False
1,0.43119490695396673,0.5555555555555556,0.262546468401487,1,0.4535714285714285,0.5966141824686331,0.06,0.0,False,False,True,False,True,False,False,False
1,0.5734573947110676,0.07222222222222224,0.37267657992565056,1,0.0,0.9999999999999999,0.0,0.0,False,False,False,True,True,False,False,False
0,0.5,0.5,0.5,0,0.15475,0.9999999999999999,0.0,0.0,False,False,True,False,False,True,False,False
1,0.5345249755142018,0.47777777777777775,0.5009293680297398,0,0.4892857142857142,0.9999999999999999,0.03,0.471,False,False,True,False,False,True,False,False
0,0.5,0.5,0.5,0,0.19964285714285712,0.9999999999999999,0.08,0.359,True,False,False,False,False,False,True,False
0,0.5345249755142018,0.5166666666666666,0.5027881040892194,0,0.0009464285714285714,0.4227067354801585,0.34,0.053,False,False,True,False,True,False,False,False
0,0.5785994123408423,0.37222222222222223,0.48977695167286245,0,0.17008928571428572,0.5094393336553025,0.21,0.043,False,False,True,False,True,False,False,False
1,0.14226248775710088,0.6944444444444444,0.23745353159851296,0,1.7857142857142855e-05,0.9999999999999999,0.68,0.007,False,True,False,False,False,False,False,True
1,0.38222331047992164,0.37777777777777777,0.3657063197026022,1,0.4446428571428571,0.9999999999999999,0.0,1.0,False,False,False,True,False,False,True,False
1,0.24265426052889322,0.5444444444444444,0.23605947955390333,0,0.1402142857142857,0.5965172800908655,0.12,0.301,False,True,False,False,True,False,False,False
0,0.5,0.5,0.5,0,0.003196428571428571,0.48659511414682227,0.0,0.0,False,False,False,True,False,False,True,False
1,0.6028403525954946,0.7555555555555555,0.4995353159851301,0,0.5160714285714285,0.9999999999999999,0.0,0.92,False,False,True,False,False,False,False,True
0,0.5,0.5,0.5,0,0.0012678571428571426,0.9999999999999999,0.0,0.0,True,False,False,False,False,False,True,False
1,0.5737022526934378,0.6444444444444444,0.5065055762081785,0,0.6071428571428571,0.9999999999999999,0.01,0.999,False,True,False,False,False,False,False,True
0,0.4265426052889324,0.6388888888888888,0.5185873605947956,0,0.0,0.9999999999999999,0.0,0.0,True,False,False,False,False,False,True,False
0,0.5639079333986288,0.7944444444444444,0.5157992565055762,0,0.27714285714285714,0.9999999999999999,0.21,0.234,False,False,True,False,False,False,False,True
1,0.3971596474045054,0.2444444444444444,0.5004646840148699,0,0.5053571428571428,0.5965250935579202,0.0,0.931,False,False,False,True,False,False,True,False
1,0.1398139079333986,0.6944444444444444,0.3503717472118959,1,0.4607142857142857,0.9999999999999999,0.11,0.82,False,False,True,False,False,False,False,True
1,0.0,0.55,0.22630111524163565,0,0.5285714285714286,0.9999999999999999,0.0,1.0,False,False,True,False,True,False,False,False
0,0.4265426052889324,0.6388888888888888,0.5185873605947956,0,0.3767857142857143,0.3730075322374006,0.25,0.001,True,False,False,False,False,False,True,False
0,0.5,0.5,0.5,0,0.3351785714285714,0.5965959603592975,0.02,0.16,False,True,False,False,False,False,False,True
0,0.5345249755142018,0.47777777777777775,0.5009293680297398,0,0.15932142857142859,0.9999999999999999,0.14,0.421,False,False,True,False,False,True,False,False
0,0.5,0.5,0.5,0,0.6428571428571428,0.9999999999999999,0.0,0.0,True,False,False,False,False,True,False,False
0,0.5688050930460333,0.4444444444444444,0.737453531598513,1,0.3033928571428571,0.3926837461475392,0.52,0.003,True,False,False,False,False,False,True,False
0,0.5024485798237023,0.5,0.3870817843866171,1,0.20410714285714285,0.15524710699742705,1.0,0.0,False,True,False,False,False,False,True,False
1,0.5832517140058766,0.4444444444444444,0.4767657992565056,0,0.44999999999999996,0.5291691109307547,0.07,1.0,False,True,False,False,False,False,False,True
0,0.43119490695396673,0.5555555555555556,0.262546468401487,1,0.3625,0.5182752120634484,1.0,0.001,False,False,True,False,True,False,False,False
0,0.5440744368266406,0.35555555555555557,0.48698884758364314,0,0.003875,0.9999999999999999,0.0,0.0,True,False,False,False,False,False,True,False
0,0.5,0.5,0.5,0,0.10953571428571429,0.596614916387771,0.0,0.0,False,True,False,False,False,False,False,True
0,0.5734573947110676,0.3611111111111111,0.48141263940520446,0,0.0,0.9999999999999999,0.0,0.0,False,False,True,False,True,False,False,False
1,0.0734573947110676,0.75,0.0,1,0.26803571428571427,0.5752620743874967,0.13,0.342,False,True,False,False,False,False,False,True
1,0.3528403525954946,0.30000000000000004,0.5092936802973977,0,0.5892857142857143,0.9999999999999999,0.0,1.0,False,False,False,True,False,True,False,False
1,0.14226248775710088,0.6944444444444444,0.23745353159851296,0,0.21535714285714286,0.9999999999999999,0.39,0.458,False,True,False,False,False,False,False,True
0,0.5,0.5,0.5,0,0.06255357142857143,0.9999999999999999,0.0,0.0,False,True,False,False,False,False,True,False
1,0.17874632713026445,0.2888888888888889,0.22211895910780666,0,0.6071428571428571,0.9999999999999999,0.0,0.0,False,False,False,True,False,False,True,False
0,0.4314397649363369,0.36666666666666664,0.5018587360594795,0,0.5160714285714285,0.9999999999999999,0.0,0.832,False,False,False,True,False,True,False,False
1,0.14226248775710088,0.6944444444444444,0.23745353159851296,0,0.2439285714285714,0.9999999999999999,0.54,0.403,False,True,False,False,False,False,False,True
1,0.5342801175318316,0.5,0.520910780669145,0,0.00075,0.9999999999999999,0.0,0.0,False,False,False,True,True,False,False,False
0,0.43119490695396673,0.5555555555555556,0.262546468401487,1,0.005910714285714286,0.3352419480957764,0.62,0.001,False,False,True,False,True,False,False,False
0,0.5,0.5,0.5,0,0.2810714285714286,0.9999999999999999,0.0,0.0,False,False,True,False,False,False,False,True
1,0.4657198824681685,0.37777777777777777,0.4986059479553903,0,0.48392857142857143,0.4648029490411143,0.0,0.979,False,True,False,False,False,False,True,False
1,0.5688050930460333,0.4444444444444444,0.737453531598513,1,0.4303571428571429,0.513809959742587,0.05,1.0,True,False,False,False,False,False,True,False
0,0.4265426052889324,0.30000000000000004,0.7263011152416357,1,0.4375,0.5183138701925921,0.0,1.0,False,False,False,True,False,True,False,False
1,0.0734573947110676,0.75,0.0,1,0.5714285714285714,0.5966009738163972,0.0,0.999,False,True,False,False,False,False,False,True
1,0.5832517140058766,0.40555555555555556,0.4749070631970261,0,0.20464285714285715,0.9999999999999999,1.0,0.007,True,False,False,False,False,False,False,True
0,0.5,0.5,0.5,0,0.18053571428571427,0.4326506437680221,0.0,0.0,False,False,True,False,True,False,False,False
0,0.5,0.5,0.5,0,0.2921428571428571,0.9999999999999999,0.09,0.805,False,True,False,False,False,False,False,True
1,0.5,0.5,0.5,0,0.10453571428571429,0.9999999999999999,0.0,0.0,False,False,True,False,True,False,False,False
1,0.0,0.55,0.22630111524163565,0,0.6071428571428571,0.9999999999999999,0.0,0.914,False,False,True,False,True,False,False,False
1,0.5612144955925563,0.14444444444444443,0.733271375464684,1,0.32160714285714287,0.5966045202320704,0.08,0.122,False,False,False,True,False,False,True,False
1,0.35798237022526935,0.6722222222222223,0.6486988847583643,1,0.0,0.9999999999999999,0.0,0.0,True,False,False,False,False,False,True,False
1,0.46547502448579825,0.5222222222222223,0.29879182156133827,1,0.5196428571428572,0.9999999999999999,0.01,0.992,True,False,False,False,False,False,False,True
1,0.24265426052889322,0.5444444444444444,0.23605947955390333,0,0.30214285714285716,0.5960841358330708,0.03,0.022,False,True,False,False,True,False,False,False
1,0.14226248775710088,0.6944444444444444,0.23745353159851296,0,0.062392857142857146,0.9999999999999999,0.84,0.006,False,True,False,False,False,False,False,True
1,0.3947110675808031,0.9611111111111111,0.27788104089219334,1,0.5535714285714285,0.4146530899600331,0.06,0.965,False,False,True,False,False,False,False,True
0,0.5,0.5,0.5,0,0.08417857142857144,0.9999999999999999,0.0,0.0,True,False,False,False,False,False,False,True
1,0.3947110675808031,0.9611111111111111,0.27788104089219334,1,0.6071428571428571,0.4697457066862959,0.0,1.0,False,False,True,False,False,False,False,True
1,0.4262977473065622,0.3555555555555556,0.4934944237918215,0,0.46428571428571425,0.4815385804428127,0.0,0.93,False,False,False,True,False,True,False,False
1,0.3971596474045054,0.2444444444444444,0.5004646840148699,0,0.4660714285714286,0.9999999999999999,0.0,0.967,False,False,False,True,False,False,True,False
1,0.4363369245837414,0.39444444444444443,0.5896840148698885,1,0.48392857142857143,0.9999999999999999,0.0,0.999,False,False,False,True,False,True,False,False
1,0.056317335945151814,0.5722222222222222,0.23698884758364308,0,0.23035714285714284,0.5277369052630477,0.0,0.0,False,True,False,False,True,False,False,False
1,0.4167482859941234,0.5555555555555556,0.5232342007434945,0,0.12801785714285713,0.9999999999999999,0.0,0.0,False,True,False,False,False,False,True,False
1,0.6177766895200784,0.6222222222222222,0.6342936802973977,1,0.4321428571428571,0.9999999999999999,0.0,0.27,False,False,True,False,False,False,False,True
1,0.43119490695396673,0.5555555555555556,0.262546468401487,1,0.6071428571428571,0.9999999999999999,0.03,1.0,False,False,True,False,True,False,False,False
1,0.43119490695396673,0.5555555555555556,0.262546468401487,1,0.5892857142857143,0.5965657682601593,0.0,1.0,False,False,True,False,True,False,False,False
1,0.43119490695396673,0.5555555555555556,0.262546468401487,1,0.625,0.5628699033452716,0.02,0.999,False,False,True,False,True,False,False,False
1,0.43609206660137123,0.2055555555555556,0.48420074349442377,0,0.5357142857142857,0.9999999999999999,0.0,0.981,False,False,False,True,False,False,True,False
1,0.14226248775710088,0.6944444444444444,0.23745353159851296,0,0.625,0.9999999999999999,0.0,0.0,False,True,False,False,False,False,False,True
0,0.5,0.5,0.5,0,0.11589285714285714,0.18071162520187078,0.0,0.0,False,True,False,False,False,False,False,True
1,0.5759059745347699,0.3944444444444445,0.4697955390334573,0,0.4928571428571429,0.9999999999999999,0.0,0.997,False,True,False,False,True,False,False,False
1,0.0734573947110676,0.75,0.0,1,0.5,0.5431373928285961,0.0,0.999,True,False,False,False,False,False,False,True
0,0.5,0.5,0.5,0,0.1339642857142857,0.9999999999999999,0.0,0.0,False,False,False,True,True,False,False,False
1,0.17874632713026445,0.2888888888888889,0.22211895910780666,0,0.6964285714285714,0.9999999999999999,0.0,0.0,False,False,False,True,True,False,False,False
1,0.3161116552399608,0.5222222222222223,0.2225836431226766,0,0.22589285714285715,0.9999999999999999,0.07,0.315,False,False,True,False,False,False,False,True
1,0.6177766895200784,0.6222222222222222,0.6342936802973977,1,0.41607142857142854,0.9999999999999999,0.22,0.992,False,False,True,False,False,False,False,True
0,0.5,0.5,0.5,0,0.0,0.9999999999999999,0.0,0.0,False,True,False,False,False,False,False,True
0,0.5,0.5,0.5,0,0.47678571428571426,0.9999999999999999,0.0,0.956,False,True,False,False,False,False,False,True
0,0.5,0.5,0.5,0,0.19035714285714284,0.9999999999999999,0.0,0.0,False,True,False,False,True,False,False,False
0,0.5,0.5,0.5,0,0.0,0.9999999999999999,0.0,0.0,False,False,True,False,False,False,False,True
0,0.5,0.5,0.5,0,0.16341071428571427,0.9999999999999999,0.0,0.0,True,False,False,False,False,True,False,False
1,0.2573457394711067,0.7277777777777777,0.2774163568773234,1,0.6071428571428571,0.542961610207569,0.01,0.956,False,True,False,False,False,False,True,False
1,0.3552889324191969,0.6611111111111111,0.2927509293680297,1,0.475,0.47989377850307285,0.57,0.919,False,False,True,False,False,True,False,False
1,0.14226248775710088,0.6944444444444444,0.23745353159851296,0,0.0,0.9999999999999999,0.0,0.0,False,True,False,False,False,False,False,True
0,0.5,0.5,0.5,0,0.43392857142857144,0.9999999999999999,0.0,0.999,True,False,False,False,False,False,True,False
1,0.0,0.55,0.22630111524163565,0,0.5892857142857143,0.9999999999999999,0.0,0.999,False,False,True,False,True,False,False,False
0,0.5345249755142018,0.5166666666666666,0.5027881040892194,0,0.4464285714285714,0.5281437926803682,0.38,0.99,False,False,True,False,True,False,False,False
0,0.502203721841332,0.5222222222222223,0.19702602230483268,1,0.5053571428571428,0.39348295677211087,0.0,0.962,True,False,False,False,False,False,True,False
0,0.5394221351616063,0.8,0.4851301115241636,0,0.3982142857142857,0.9999999999999999,0.04,0.0,False,True,False,False,False,False,False,True
0,0.5,0.5,0.5,0,0.25410714285714286,0.9999999999999999,0.0,0.0,True,False,False,False,False,False,True,False
0,0.5,0.5,0.5,0,0.19535714285714284,0.9999999999999999,0.0,0.0,False,True,False,False,False,False,False,True
0,0.5345249755142018,0.5166666666666666,0.5027881040892194,0,5.357142857142857e-05,0.547536822119957,0.53,0.05,False,False,True,False,True,False,False,False
1,0.43119490695396673,0.5555555555555556,0.262546468401487,1,0.49107142857142855,0.9999999999999999,0.35,0.927,False,False,True,False,True,False,False,False
0,0.37022526934378064,0.8888888888888888,0.23559479553903345,1,0.5249999999999999,0.5966249477253911,0.04,0.951,False,True,False,False,False,False,False,True
0,0.5,0.5,0.5,0,0.2101785714285714,0.9999999999999999,0.19,0.22,False,True,False,False,False,False,False,True
1,0.4167482859941234,0.5555555555555556,0.5232342007434945,0,0.49107142857142855,0.9999999999999999,0.0,0.639,False,False,False,True,False,True,False,False
1,0.5734573947110676,0.7,0.2736988847583643,1,0.5232142857142857,0.9999999999999999,0.0,0.997,False,True,False,False,False,False,False,True
0,0.5,0.5,0.5,0,0.08207142857142857,0.9999999999999999,0.0,0.0,False,True,False,False,False,False,False,True
0,0.5,0.5,0.5,0,5.357142857142857e-05,0.9999999999999999,0.0,0.0,False,False,False,True,False,True,False,False
1,0.0734573947110676,0.75,0.0,1,0.5071428571428571,0.9999999999999999,0.0,0.999,False,True,False,False,False,False,False,True
1,0.4975514201762977,0.5,0.6226765799256506,1,0.5160714285714285,0.9999999999999999,0.0,1.0,False,False,True,False,True,False,False,False
1,0.17874632713026445,0.2888888888888889,0.22211895910780666,0,0.625,0.9999999999999999,0.0,0.0,False,False,False,True,True,False,False,False
0,0.5,0.5,0.5,0,0.20303571428571426,0.9999999999999999,0.0,0.0,False,True,False,False,False,False,False,True
0,0.35308521057786485,0.711111111111111,0.4725836431226766,0,0.4392857142857143,0.44611256437529406,0.01,0.939,True,False,False,False,False,False,True,False
0,0.5,0.5,0.5,0,0.2294642857142857,0.9999999999999999,0.0,0.0,False,True,False,False,False,False,False,True
1,0.6420176297747306,0.3277777777777778,0.35130111524163565,1,0.5017857142857143,0.9999999999999999,0.0,0.914,False,False,True,False,True,False,False,False
0,0.4534769833496572,0.5722222222222222,0.35269516728624534,0,0.21535714285714286,0.9999999999999999,0.16,0.003,False,False,True,False,True,False,False,False
1,0.24265426052889322,0.5444444444444444,0.23605947955390333,0,0.625,0.5965622246671615,0.0,0.0,False,True,False,False,False,False,True,False
0,0.5,0.5,0.5,0,0.0002678571428571428,0.9999999999999999,0.0,0.0,False,False,False,True,False,True,False,False
1,0.0734573947110676,0.75,0.0,1,0.10935714285714285,0.9999999999999999,0.0,0.0,False,True,False,False,False,False,False,True
1,0.0734573947110676,0.75,0.0,1,0.12975,0.9999999999999999,0.0,0.0,False,True,False,False,False,False,False,True
1,0.5394221351616063,0.8,0.4851301115241636,0,0.4660714285714286,0.43002800204247316,0.0,1.0,False,True,False,False,False,False,False,True
0,0.5,0.5,0.5,0,0.005875,0.9999999999999999,0.0,0.0,True,False,False,False,False,False,True,False
0,0.5,0.5,0.5,0,0.21714285714285714,0.22698670515814734,0.0,0.0,False,True,False,False,False,False,False,True
0,0.5,0.5,0.5,0,0.00017857142857142857,0.9999999999999999,0.0,0.0,False,False,False,True,False,False,True,False
0,0.5342801175318316,0.5,0.520910780669145,0,3.571428571428571e-05,0.9999999999999999,0.0,0.0,False,False,False,True,False,False,True,False
0,0.5,0.5,0.5,0,0.2575,0.9999999999999999,0.0,0.0,False,False,True,False,False,True,False,False
1,0.35308521057786485,0.711111111111111,0.4725836431226766,0,0.47678571428571426,0.9999999999999999,0.0,0.997,True,False,False,False,False,False,True,False
0,0.5,0.5,0.5,0,0.11494642857142857,0.10329366852394749,0.0,0.0,False,False,False,True,False,True,False,False
1,0.24265426052889322,0.5444444444444444,0.23605947955390333,0,0.625,0.9999999999999999,0.0,0.0,False,True,False,False,True,False,False,False
0,0.46547502448579825,0.48333333333333334,0.4972118959107807,0,0.43571428571428567,0.5291709465636789,0.01,0.761,True,False,False,False,False,False,True,False
0,0.5,0.5,0.5,0,0.006321428571428571,0.3739888461162086,0.0,0.0,False,True,False,False,False,False,False,True
0,0.5,0.5,0.5,0,0.017089285714285713,0.5618073791650502,0.0,0.0,True,False,False,False,False,False,True,False
0,0.5,0.5,0.5,0,0.2857142857142857,0.9999999999999999,0.08,0.26,False,True,False,False,False,False,False,True
0,0.4534769833496572,0.5722222222222222,0.35269516728624534,0,0.4928571428571429,0.562880727339954,0.08,0.748,False,False,True,False,True,False,False,False
1,0.0734573947110676,0.75,0.0,1,0.3267857142857143,0.9999999999999999,0.0,0.0,False,True,False,False,False,False,False,True
0,0.3237022526934378,0.6722222222222223,0.6277881040892193,1,0.27625,0.580269934404819,0.07,0.403,True,False,False,False,False,False,True,False
1,0.3161116552399608,0.5222222222222223,0.2225836431226766,0,0.5714285714285714,0.9999999999999999,0.0,0.993,False,False,True,False,False,False,False,True
1,0.6469147894221352,0.2888888888888889,0.5274163568773235,0,0.625,0.9999999999999999,0.0,0.999,False,False,True,False,True,False,False,False
0,0.43119490695396673,0.5555555555555556,0.262546468401487,1,0.3475,0.4585883456402169,0.54,0.0,False,False,True,False,True,False,False,False
1,0.3947110675808031,0.9611111111111111,0.27788104089219334,1,0.6071428571428571,0.9999999999999999,0.0,0.998,False,False,True,False,False,False,False,True
1,0.5734573947110676,0.3611111111111111,0.48141263940520446,0,0.5892857142857143,0.5628276699884666,0.01,0.857,False,False,True,False,True,False,False,False
0,0.5,0.5,0.5,0,0.4321428571428571,0.9999999999999999,0.23,0.569,False,True,False,False,False,False,False,True
0,0.5,0.5,0.5,0,0.0016607142857142855,0.9999999999999999,0.0,0.0,True,False,False,False,False,False,True,False
0,0.5,0.5,0.5,0,0.28910714285714284,0.13292195384525227,0.0,0.0,False,True,False,False,False,False,False,True
1,0.502203721841332,0.5222222222222223,0.19702602230483268,1,0.4446428571428571,0.9999999999999999,0.0,0.961,True,False,False,False,False,False,True,False
0,0.5,0.5,0.5,0,0.3282142857142857,0.9999999999999999,0.54,0.013,False,True,False,False,False,False,False,True
0,0.5,0.5,0.5,0,0.04789285714285714,0.06672948538846153,0.0,0.0,False,False,False,True,False,True,False,False
1,0.7426542605288933,0.27222222222222225,0.7225836431226766,1,0.6071428571428571,0.9999999999999999,0.0,1.0,False,False,True,False,False,True,False,False
1,0.5661116552399609,0.35,0.487453531598513,0,0.46428571428571425,0.527154305042808,0.0,0.998,False,False,True,False,True,False,False,False
0,0.5,0.5,0.5,0,0.17964285714285713,0.9999999999999999,0.0,0.0,False,False,True,False,True,False,False,False
0,0.5,0.5,0.5,0,0.001589285714285714,0.9999999999999999,0.0,0.0,False,False,False,True,False,True,False,False
1,0.42140058765915767,0.6277777777777778,0.5102230483271375,0,0.42321428571428565,0.5629016483212211,0.0,0.977,True,False,False,False,False,False,True,False
1,0.46547502448579825,0.5222222222222223,0.29879182156133827,1,0.4803571428571428,0.9999999999999999,0.0,0.945,True,False,False,False,False,True,False,False
0,0.5,0.5,0.5,0,0.10269642857142858,0.9999999999999999,0.0,0.0,False,True,False,False,False,False,False,True
1,0.5024485798237023,0.5,0.3870817843866171,1,0.47857142857142854,0.5278112272385399,0.01,0.999,False,True,False,False,False,False,True,False
0,0.5785994123408423,0.37222222222222223,0.48977695167286245,0,0.4125,0.413113378524887,0.14,0.184,False,False,True,False,True,False,False,False
1,0.6762977473065622,0.3277777777777778,0.3722118959107807,1,0.4803571428571428,0.9999999999999999,0.0,1.0,False,False,True,False,True,False,False,False
0,0.5,0.5,0.5,0,0.12358928571428571,0.2337890585066743,0.0,0.0,True,False,False,False,False,False,True,False
0,0.5244857982370226,0.45555555555555555,0.5288104089219331,0,0.4535714285714285,0.9999999999999999,0.0,0.971,False,False,False,True,False,True,False,False
1,0.46057786483839375,0.2,0.5148698884758364,0,0.5053571428571428,0.9999999999999999,0.01,0.996,False,False,False,True,False,True,False,False
1,0.24265426052889322,0.5444444444444444,0.23605947955390333,0,0.19660714285714284,0.9999999999999999,0.11,0.036,False,True,False,False,True,False,False,False
0,0.4755142017629775,0.5444444444444444,0.4711895910780669,0,0.42142857142857143,0.9999999999999999,0.01,0.969,False,True,False,False,False,False,False,True
0,0.5,0.5,0.5,0,0.4392857142857143,0.9999999999999999,0.11,0.738,False,True,False,False,False,False,False,True
0,0.5,0.5,0.5,0,0.036375,0.48660570252136054,0.0,0.0,False,True,False,False,False,False,False,True
1,0.14226248775710088,0.6944444444444444,0.23745353159851296,0,0.06544642857142857,0.9999999999999999,0.22,0.372,False,True,False,False,False,False,False,True
0,0.4755142017629775,0.5444444444444444,0.4711895910780669,0,0.46428571428571425,0.5186042966665578,0.02,0.997,False,True,False,False,False,False,False,True
0,0.4975514201762977,0.5,0.6129182156133829,1,0.2785714285714285,0.9999999999999999,0.87,0.017,False,False,True,False,False,True,False,False
0,0.5,0.5,0.5,0,0.24821428571428572,0.9999999999999999,0.0,0.0,False,False,True,False,True,False,False,False
0,0.5,0.5,0.5,0,0.02376785714285714,0.9999999999999999,0.32,0.056,False,True,False,False,False,False,False,True
0,0.5,0.5,0.5,0,8.928571428571429e-05,0.9999999999999999,0.0,0.0,True,False,False,False,False,False,True,False
0,0.5,0.5,0.5,0,0.3233928571428571,0.5965479307221254,0.46,0.021,False,True,False,False,True,False,False,False
0,0.3971596474045054,0.2444444444444444,0.5004646840148699,0,0.47857142857142854,0.5289557321891135,0.0,0.991,False,False,False,True,False,False,True,False
0,0.4975514201762977,0.5,0.6226765799256506,1,0.4446428571428571,0.9999999999999999,0.01,0.982,False,False,True,False,True,False,False,False
0,0.5,0.5,0.5,0,0.00575,0.40072621182021084,0.0,0.0,False,False,False,True,False,True,False,False
0,0.5,0.5,0.5,0,0.0016428571428571427,0.9999999999999999,0.0,0.0,False,False,True,False,True,False,False,False
0,0.5,0.5,0.5,0,0.0006964285714285714,0.9999999999999999,0.0,0.0,False,False,False,True,False,True,False,False
1,0.14226248775710088,0.6944444444444444,0.23745353159851296,0,0.625,0.9999999999999999,0.0,0.0,False,True,False,False,False,False,False,True
1,0.20323212536728696,0.3611111111111111,0.2644052044609665,0,0.6607142857142857,0.5966079446027837,0.0,0.0,False,True,False,False,True,False,False,False
1,0.14201762977473065,0.7166666666666667,0.04739776951672858,1,0.8214285714285714,0.9999999999999999,0.0,0.0,True,False,False,False,False,False,False,True
1,0.056317335945151814,0.5722222222222222,0.23698884758364308,0,0.625,0.9999999999999999,0.0,0.0,False,False,False,True,False,False,True,False
0,0.5,0.5,0.5,0,0.2375,0.5965575817289299,0.0,0.0,False,True,False,False,False,False,False,True
0,0.5,0.5,0.5,0,0.4464285714285714,0.9999999999999999,0.0,0.942,True,False,False,False,False,True,False,False
1,0.14201762977473065,0.7166666666666667,0.04739776951672858,1,0.5714285714285714,0.9999999999999999,0.0,0.999,True,False,False,False,False,False,False,True
1,0.14226248775710088,0.6944444444444444,0.23745353159851296,0,0.13817857142857143,0.596620665803967,0.48,0.001,False,True,False,False,False,False,False,True
0,0.5,0.5,0.5,0,0.17482142857142854,0.9999999999999999,0.0,0.0,False,False,False,True,False,True,False,False
0,0.49779627815866795,0.4777777777777778,0.8029739776951673,1,0.6428571428571428,0.9999999999999999,0.0,0.0,False,False,True,False,True,False,False,False
1,0.5734573947110676,0.4777777777777778,0.4865241635687732,0,0.6071428571428571,0.9999999999999999,0.0,1.0,False,False,True,False,True,False,False,False
0,0.5,0.5,0.5,0,0.20035714285714284,0.2764700333555901,0.0,0.0,False,True,False,False,False,False,False,True
1,0.5612144955925563,0.14444444444444443,0.733271375464684,1,0.0,0.9999999999999999,0.0,0.0,False,False,False,True,False,False,True,False
1,0.43609206660137123,0.24444444444444446,0.48605947955390333,0,0.47678571428571426,0.5183121568404133,0.0,1.0,False,False,False,True,False,True,False,False
0,0.5,0.5,0.5,0,0.4660714285714286,0.9999999999999999,0.0,0.998,True,False,False,False,False,False,True,False
1,0.35308521057786485,0.711111111111111,0.4725836431226766,0,0.0,0.9999999999999999,0.0,0.0,True,False,False,False,False,False,True,False
1,0.14201762977473065,0.7166666666666667,0.04739776951672858,1,0.6964285714285714,0.9999999999999999,0.0,0.0,True,False,False,False,False,False,False,True
0,0.5,0.5,0.5,0,0.1778392857142857,0.9999999999999999,0.0,0.0,False,True,False,False,False,False,False,True
0,0.5394221351616063,0.8,0.4851301115241636,0,0.3821428571428571,0.9999999999999999,0.06,0.145,False,True,False,False,False,False,False,True
0,0.2573457394711067,0.7277777777777777,0.2774163568773234,1,0.40178571428571425,0.30624638668719684,0.04,0.56,True,False,False,False,False,False,True,False
0,0.5,0.5,0.5,0,0.3291071428571428,0.9999999999999999,0.47,0.642,False,True,False,False,False,False,False,True
0,0.5394221351616063,0.8,0.4851301115241636,0,0.4392857142857143,0.9999999999999999,0.01,0.884,False,True,False,False,False,False,False,True
0,0.5,0.5,0.5,0,0.2069642857142857,0.9999999999999999,0.63,0.004,True,False,False,False,False,False,True,False
1,0.49779627815866795,0.4777777777777778,0.8029739776951673,1,0.6071428571428571,0.9999999999999999,0.0,0.936,False,False,True,False,True,False,False,False
1,0.24265426052889322,0.5444444444444444,0.23605947955390333,0,0.7142857142857142,0.9999999999999999,0.0,0.0,False,True,False,False,False,False,True,False
1,0.568560235063663,0.6333333333333333,0.49814126394052044,0,0.5089285714285714,0.5430445395529556,0.0,0.959,False,True,False,False,False,False,False,True
1,0.4262977473065622,0.3555555555555556,0.4934944237918215,0,0.4303571428571429,0.5628772413839469,0.0,1.0,False,False,False,True,False,True,False,False
1,0.14201762977473065,0.7166666666666667,0.04739776951672858,1,0.6428571428571428,0.9999999999999999,0.0,0.0,True,False,False,False,False,False,False,True
0,0.5,0.5,0.5,0,0.22428571428571428,0.9999999999999999,0.0,0.0,False,False,False,True,False,False,True,False
0,0.5,0.5,0.5,0,0.10364285714285715,0.9999999999999999,0.0,0.0,True,False,False,False,False,False,True,False
0,0.3136630754162586,0.5277777777777778,0.5009293680297398,0,0.43392857142857144,0.37388149981651103,0.21,0.542,True,False,False,False,False,True,False,False
0,0.460822722820764,0.6444444444444444,0.5148698884758365,0,0.44821428571428573,0.5966299641696886,0.46,0.988,False,False,False,True,False,False,True,False
0,0.5,0.5,0.5,0,0.4464285714285714,0.9999999999999999,0.0,0.691,False,False,False,True,False,True,False,False
0,0.5,0.5,0.5,0,0.00042857142857142855,0.9999999999999999,0.0,0.0,True,False,False,False,False,False,False,True
1,0.14201762977473065,0.7166666666666667,0.04739776951672858,1,0.4392857142857143,0.9999999999999999,0.0,0.0,True,False,False,False,False,False,False,True
1,0.6691968658178257,0.29444444444444445,0.7360594795539034,1,0.1814285714285714,0.9999999999999999,0.31,0.075,True,False,False,False,False,True,False,False
1,0.43609206660137123,0.2055555555555556,0.48420074349442377,0,0.42321428571428565,0.9999999999999999,0.0,0.411,False,False,False,True,False,False,True,False
0,0.5,0.5,0.5,0,0.09387499999999999,0.9999999999999999,0.0,0.0,True,False,False,False,False,False,True,False
0,0.5785994123408423,0.37222222222222223,0.48977695167286245,0,0.42142857142857143,0.5278329506826314,0.0,0.0,False,False,True,False,True,False,False,False
0,0.5,0.5,0.5,0,0.2294642857142857,0.9999999999999999,0.0,0.0,False,True,False,False,False,False,True,False
1,0.24265426052889322,0.5444444444444444,0.23605947955390333,0,0.6071428571428571,0.9999999999999999,0.0,0.0,False,True,False,False,False,False,True,False
0,0.6177766895200784,0.6222222222222222,0.6342936802973977,1,0.4607142857142857,0.9999999999999999,0.0,0.828,False,False,True,False,False,False,False,True
1,0.1398139079333986,0.6944444444444444,0.3503717472118959,1,0.6428571428571428,0.9999999999999999,0.0,0.0,False,False,True,False,False,False,False,True
0,0.45592556317335947,0.6444444444444444,0.5130111524163569,0,0.2994642857142857,0.24503412528785096,0.07,0.004,False,False,True,False,False,False,False,True
1,0.3922624877571009,0.7944444444444444,0.650092936802974,1,0.44107142857142856,0.5964598164111103,0.01,1.0,True,False,False,False,False,True,False,False
1,0.3161116552399608,0.5222222222222223,0.2225836431226766,0,0.6607142857142857,0.9999999999999999,0.0,0.0,False,False,True,False,False,False,False,True
1,0.566356513222331,0.3222222222222222,0.6923791821561338,1,0.5714285714285714,0.561567712223189,0.05,0.992,False,True,False,False,True,False,False,False
0,0.35798237022526935,0.7944444444444444,0.629182156133829,1,0.06217857142857143,0.9999999999999999,0.32,0.0,True,False,False,False,False,True,False,False
0,0.4265426052889324,0.5222222222222223,0.5134758364312267,0,0.4303571428571429,0.4679209230936844,0.02,0.266,True,False,False,False,False,False,True,False
1,0.5,0.5,0.5,0,0.47857142857142854,0.9999999999999999,0.01,0.93,False,False,True,False,True,False,False,False
0,0.5,0.5,0.5,0,0.10244642857142856,0.5963751476667242,0.0,0.0,False,False,True,False,False,False,False,True
1,0.6297747306562194,0.11111111111111116,0.7644052044609666,1,0.4875,0.9999999999999999,0.0,0.977,False,False,False,True,False,True,False,False
0,0.5,0.5,0.5,0,0.11144642857142856,0.9999999999999999,0.0,0.0,True,False,False,False,False,True,False,False
1,0.4167482859941234,0.5944444444444444,0.525092936802974,0,0.4267857142857142,0.9999999999999999,0.0,0.006,False,False,False,True,True,False,False,False
1,0.43119490695396673,0.5555555555555556,0.262546468401487,1,0.625,0.9999999999999999,0.0,0.929,False,False,True,False,True,False,False,False
0,0.5,0.5,0.5,0,0.15378571428571428,0.9999999999999999,0.08,0.371,False,True,False,False,False,False,False,True
0,0.5,0.5,0.5,0,0.0022678571428571426,0.5623978924433505,0.0,0.0,True,False,False,False,False,False,True,False
1,0.14226248775710088,0.6944444444444444,0.23745353159851296,0,0.16199999999999998,0.9999999999999999,0.07,0.149,False,True,False,False,False,False,False,True
1,0.568560235063663,0.4666666666666667,0.5473977695167286,0,0.4464285714285714,0.9999999999999999,0.01,0.996,True,False,False,False,False,False,True,False
1,0.568560235063663,0.6333333333333333,0.49814126394052044,0,0.6071428571428571,0.9999999999999999,0.02,0.65,False,True,False,False,False,False,False,True
1,0.14226248775710088,0.6944444444444444,0.23745353159851296,0,0.4732142857142857,0.9999999999999999,0.0,0.689,False,True,False,False,False,False,False,True
0,0.5,0.5,0.5,0,0.19339285714285714,0.9999999999999999,0.28,0.038,False,False,False,True,False,True,False,False
0,0.568560235063663,0.6333333333333333,0.49814126394052044,0,0.004285714285714285,0.5627178272298844,0.31,0.003,False,True,False,False,False,False,False,True
1,0.4534769833496572,0.5722222222222222,0.35269516728624534,0,0.6071428571428571,0.9999999999999999,0.0,0.998,False,False,True,False,True,False,False,False
0,0.5,0.5,0.5,0,0.31732142857142853,0.9999999999999999,0.0,0.0,False,False,True,False,False,True,False,False
1,0.5832517140058766,0.40555555555555556,0.4749070631970261,0,0.5714285714285714,0.9999999999999999,0.01,0.78,True,False,False,False,False,False,False,True
0,0.5,0.5,0.5,0,0.2666071428571428,0.9999999999999999,0.0,0.0,False,True,False,False,False,False,False,True
0,0.5,0.5,0.5,0,0.41428571428571426,0.9999999999999999,0.12,0.488,False,False,False,True,False,True,False,False
1,0.6471596474045054,0.7,0.49070631970260226,0,0.5535714285714285,0.9999999999999999,0.0,0.953,False,True,False,False,False,False,False,True
1,0.37022526934378064,0.8888888888888888,0.23559479553903345,1,0.625,0.9999999999999999,0.0,1.0,False,True,False,False,False,False,False,True
0,0.5,0.5,0.5,0,0.13310714285714284,0.9999999999999999,0.0,0.0,False,False,False,True,False,True,False,False
1,0.0,0.55,0.22630111524163565,0,0.7142857142857142,0.9999999999999999,0.0,0.0,False,False,True,False,True,False,False,False
0,0.5,0.5,0.5,0,0.002107142857142857,0.9999999999999999,0.0,0.0,False,False,True,False,True,False,False,False
0,0.45592556317335947,0.6444444444444444,0.5130111524163569,0,7.142857142857142e-05,0.9999999999999999,0.56,0.003,False,False,True,False,True,False,False,False
0,0.5,0.5,0.5,0,0.23642857142857143,0.9999999999999999,0.22,0.891,False,False,True,False,True,False,False,False
1,0.38222331047992164,0.37777777777777777,0.3657063197026022,1,0.5714285714285714,0.9999999999999999,0.0,1.0,False,False,False,True,False,False,True,False
1,0.14201762977473065,0.7166666666666667,0.04739776951672858,1,0.6428571428571428,0.9999999999999999,0.0,0.0,True,False,False,False,False,False,False,True
0,0.5342801175318316,0.5055555555555555,0.4962825278810409,0,0.4517857142857143,0.9999999999999999,0.0,0.88,False,False,False,True,True,False,False,False
0,0.4262977473065622,0.3555555555555556,0.4934944237918215,0,0.0007321428571428571,0.31543807368622206,1.0,0.0,False,False,False,True,False,True,False,False
0,0.5,0.5,0.5,0,0.11703571428571428,0.9999999999999999,0.0,0.0,True,False,False,False,False,False,True,False
0,0.5394221351616063,0.6833333333333333,0.47165427509293684,0,0.44821428571428573,0.27568362982263633,0.0,0.572,False,True,False,False,False,False,True,False
1,0.2573457394711067,0.7277777777777777,0.2774163568773234,1,0.3767857142857143,0.48964293466599523,0.0,0.0,False,True,False,False,False,False,True,False
0,0.5,0.5,0.5,0,0.00275,0.9999999999999999,0.0,0.0,False,False,False,True,False,True,False,False
1,0.14226248775710088,0.6944444444444444,0.23745353159851296,0,0.5017857142857143,0.9999999999999999,0.0,0.803,False,True,False,False,False,False,False,True
0,0.4657198824681685,0.5,0.479089219330855,0,0.4178571428571428,0.9999999999999999,0.03,0.134,False,False,True,False,False,True,False,False
1,0.5394221351616063,0.8,0.4851301115241636,0,0.4660714285714286,0.9999999999999999,0.0,0.999,False,True,False,False,False,False,False,True
0,0.5,0.5,0.5,0,0.23964285714285713,0.9999999999999999,0.02,0.068,True,False,False,False,False,False,True,False
1,0.24265426052889322,0.5444444444444444,0.23605947955390333,0,0.6428571428571428,0.9999999999999999,0.0,0.0,False,True,False,False,False,False,True,False
0,0.5,0.5,0.5,0,0.019642857142857142,0.9999999999999999,0.0,0.0,False,False,True,False,True,False,False,False
0,0.5,0.5,0.5,0,0.20446428571428568,0.9999999999999999,0.17,0.297,True,False,False,False,False,False,True,False
0,0.5,0.5,0.5,0,0.22357142857142856,0.5182925799553897,0.0,0.0,False,True,False,False,False,False,False,True
1,0.4975514201762977,0.5,0.6226765799256506,1,0.47857142857142854,0.9999999999999999,0.0,1.0,False,False,True,False,True,False,False,False
1,0.14201762977473065,0.7166666666666667,0.04739776951672858,1,0.023928571428571428,0.9999999999999999,0.07,0.373,True,False,False,False,False,False,False,True
1,0.14226248775710088,0.6944444444444444,0.23745353159851296,0,0.625,0.9999999999999999,0.0,0.0,False,True,False,False,False,False,False,True
1,0.14226248775710088,0.6944444444444444,0.23745353159851296,0,0.7321428571428571,0.9999999999999999,0.0,0.0,False,True,False,False,False,False,False,True
1,0.40181194906953965,0.5888888888888889,0.4400557620817844,1,0.28428571428571425,0.9999999999999999,0.75,0.065,True,False,False,False,False,True,False,False
1,0.42140058765915767,0.6277777777777778,0.5102230483271375,0,0.28375,0.9999999999999999,0.13,0.038,True,False,False,False,False,False,True,False
0,0.5,0.5,0.5,0,0.13739285714285712,0.20604561582753875,0.0,0.0,True,False,False,False,False,True,False,False
0,0.5002448579823702,0.4777777777777778,0.6900557620817844,1,0.7857142857142857,0.9999999999999999,0.0,0.0,False,True,False,False,True,False,False,False
1,0.5002448579823702,0.4777777777777778,0.6900557620817844,1,0.5232142857142857,0.9999999999999999,0.0,0.94,False,True,False,False,True,False,False,False
0,0.4265426052889324,0.5222222222222223,0.5134758364312267,0,0.3625,0.9999999999999999,0.34,0.529,True,False,False,False,False,False,True,False
1,0.5,0.5,0.5,0,0.5892857142857143,0.9999999999999999,0.0,0.999,False,False,True,False,True,False,False,False
1,0.4167482859941234,0.5555555555555556,0.5232342007434945,0,0.5071428571428571,0.9999999999999999,0.04,1.0,False,False,False,True,False,True,False,False
1,0.24265426052889322,0.5444444444444444,0.23605947955390333,0,0.7321428571428571,0.9999999999999999,0.0,0.0,False,True,False,False,False,False,True,False
1,0.6469147894221352,0.2888888888888889,0.5274163568773235,0,0.5714285714285714,0.9999999999999999,0.0,1.0,False,False,True,False,True,False,False,False
0,0.5,0.5,0.5,0,0.3451785714285714,0.9999999999999999,0.05,0.91,False,False,False,True,False,True,False,False
0,0.47037218413320275,0.21111111111111114,0.4804832713754647,0,0.25303571428571425,0.9999999999999999,0.07,0.037,False,False,False,True,False,True,False,False
1,0.14201762977473065,0.7166666666666667,0.04739776951672858,1,0.625,0.9999999999999999,0.0,0.0,True,False,False,False,False,False,False,True
1,0.4265426052889324,0.6388888888888888,0.5185873605947956,0,0.47678571428571426,0.9999999999999999,0.0,1.0,True,False,False,False,False,False,True,False
1,0.1398139079333986,0.6944444444444444,0.3503717472118959,1,0.16921428571428573,0.5948716406078045,0.21,0.193,False,False,True,False,False,False,False,True
0,0.5,0.5,0.5,0,0.11501785714285713,0.9999999999999999,0.0,0.0,False,False,False,True,True,False,False,False
1,0.0734573947110676,0.75,0.0,1,0.4607142857142857,0.9999999999999999,0.0,0.999,False,True,False,False,False,False,False,True
0,0.5,0.5,0.5,0,0.08351785714285713,0.542703161067407,0.0,0.0,False,True,False,False,False,False,True,False
0,0.5024485798237023,0.5,0.37732342007434944,1,0.2826785714285714,0.9999999999999999,0.2,0.673,True,False,False,False,False,False,True,False
0,0.5,0.5,0.5,0,0.21499999999999997,0.9999999999999999,0.01,0.368,False,False,False,True,False,True,False,False
1,0.4167482859941234,0.5555555555555556,0.5232342007434945,0,0.40714285714285714,0.9999999999999999,0.31,0.225,False,True,False,False,False,False,True,False
0,0.6420176297747306,0.3277777777777778,0.35130111524163565,1,0.2935714285714286,0.9999999999999999,0.44,0.063,False,False,True,False,True,False,False,False
1,0.24265426052889322,0.5444444444444444,0.23605947955390333,0,0.6607142857142857,0.9999999999999999,0.0,0.0,False,True,False,False,True,False,False,False
1,0.3237022526934378,0.6722222222222223,0.6277881040892193,1,0.4392857142857143,0.9999999999999999,0.0,0.152,True,False,False,False,False,False,True,False
0,0.5636630754162586,0.3111111111111111,0.5139405204460966,0,0.425,0.39346243932554176,0.0,0.078,False,False,True,False,False,True,False,False
0,0.4975514201762977,0.5,0.6226765799256506,1,0.4892857142857142,0.9999999999999999,0.05,0.637,False,False,True,False,True,False,False,False
1,0.3947110675808031,0.9611111111111111,0.27788104089219334,1,0.43392857142857144,0.9999999999999999,0.0,0.0,False,False,True,False,False,False,False,True
0,0.5345249755142018,0.5166666666666666,0.5027881040892194,0,1.7857142857142855e-05,0.9999999999999999,0.77,0.003,False,False,True,False,True,False,False,False
0,0.5,0.5,0.5,0,0.007214285714285715,0.5952588556209744,0.0,0.0,True,False,False,False,False,False,True,False
1,0.7426542605288933,0.27222222222222225,0.7225836431226766,1,0.5,0.5431614495310567,0.0,1.0,False,False,True,False,True,False,False,False
0,0.5,0.5,0.5,0,0.22035714285714283,0.4438576748165018,0.0,0.0,False,False,True,False,True,False,False,False
0,0.5,0.5,0.5,0,0.015142857142857142,0.559315185139574,0.0,0.0,True,False,False,False,False,False,True,False
0,0.5,0.5,0.5,0,0.14101785714285714,0.32931338500547563,0.0,0.0,True,False,False,False,False,False,False,True
1,0.14226248775710088,0.6944444444444444,0.23745353159851296,0,0.45535714285714285,0.9999999999999999,0.04,0.739,False,True,False,False,False,False,False,True
0,0.5759059745347699,0.3944444444444445,0.4697955390334573,0,0.42142857142857143,0.44955434364588176,0.04,0.034,False,True,False,False,True,False,False,False
0,0.5,0.5,0.5,0,0.10049999999999999,0.4799399268846525,0.0,0.0,False,False,False,True,True,False,False,False
1,0.35308521057786485,0.711111111111111,0.4725836431226766,0,0.48571428571428565,0.9999999999999999,0.0,1.0,True,False,False,False,False,False,True,False
1,0.056317335945151814,0.5722222222222222,0.23698884758364308,0,0.0005,0.9999999999999999,0.0,0.0,False,False,False,True,False,False,True,False
0,0.43119490695396673,0.5555555555555556,0.262546468401487,1,0.14510714285714285,0.486469759736636,0.31,0.005,False,False,True,False,True,False,False,False
0,0.5,0.5,0.5,0,0.0,0.9999999999999999,0.0,0.0,False,False,True,False,True,False,False,False
0,0.5,0.5,0.5,0,0.23285714285714282,0.4330526999512436,0.0,0.0,True,False,False,False,False,False,False,True
0,0.5,0.5,0.5,0,0.0004821428571428571,0.5588513814936541,0.0,0.0,True,False,False,False,False,False,True,False
1,0.6469147894221352,0.2888888888888889,0.5274163568773235,0,0.5535714285714285,0.9999999999999999,0.0,0.994,False,False,True,False,True,False,False,False
0,0.5,0.5,0.5,0,0.27125,0.9999999999999999,0.26,0.034,False,False,True,False,True,False,False,False
1,0.4314397649363369,0.36666666666666664,0.5018587360594795,0,0.4732142857142857,0.5965920477759918,0.0,1.0,False,False,False,True,False,True,False,False
0,0.5832517140058766,0.40555555555555556,0.4749070631970261,0,0.1825,0.33183094957076587,0.06,0.133,True,False,False,False,False,False,False,True
0,0.5,0.5,0.5,0,0.012089285714285714,0.9999999999999999,0.0,0.0,False,False,False,True,False,True,False,False
1,0.502203721841332,0.05555555555555558,0.47165427509293684,0,0.5714285714285714,0.5965575817289299,0.0,1.0,False,False,False,True,True,False,False,False
0,0.5394221351616063,0.8,0.4851301115241636,0,0.005875,0.9999999999999999,0.42,0.025,False,True,False,False,False,False,False,True
0,0.5,0.5,0.5,0,0.06751785714285714,0.5290994081345972,0.0,0.0,False,True,False,False,False,False,False,True
1,0.35308521057786485,0.711111111111111,0.4725836431226766,0,0.5267857142857143,0.9999999999999999,0.01,1.0,True,False,False,False,False,False,True,False
1,0.056317335945151814,0.5722222222222222,0.23698884758364308,0,0.22017857142857142,0.5964601822071848,0.0,0.0,False,False,False,True,False,False,True,False
0,0.5,0.5,0.5,0,0.1285892857142857,0.9999999999999999,0.0,0.0,False,False,False,True,False,True,False,False
0,0.5,0.5,0.5,0,0.20285714285714285,0.5966165065838732,0.0,0.0,False,True,False,False,False,False,True,False
0,0.5,0.5,0.5,0,0.0,0.9999999999999999,0.0,0.0,False,True,False,False,False,False,True,False
0,0.4314397649363369,0.36666666666666664,0.5018587360594795,0,0.0,0.9999999999999999,0.0,0.0,False,False,False,True,False,True,False,False
1,0.5981880509304603,0.4111111111111111,0.5599442379182156,1,0.44107142857142856,0.5611293983505571,0.0,1.0,False,True,False,False,True,False,False,False
0,0.5,0.5,0.5,0,0.35285714285714287,0.9999999999999999,0.01,0.267,False,False,True,False,True,False,False,False
1,0.35798237022526935,0.6722222222222223,0.6486988847583643,1,0.4196428571428571,0.9999999999999999,0.03,0.048,True,False,False,False,False,False,True,False
1,0.6762977473065622,0.3277777777777778,0.3722118959107807,1,0.0,0.9999999999999999,0.0,0.0,False,False,True,False,True,False,False,False
0,0.5296278158667973,0.7888888888888889,0.5195167286245354,0,0.5714285714285714,0.9999999999999999,0.0,1.0,False,True,False,False,False,False,False,True
1,0.3971596474045054,0.2444444444444444,0.5004646840148699,0,0.40714285714285714,0.9999999999999999,0.03,0.072,False,False,False,True,False,False,True,False
1,0.056317335945151814,0.5722222222222222,0.23698884758364308,0,0.11139285714285714,0.9999999999999999,0.0,0.0,False,True,False,False,True,False,False,False
0,0.5,0.5,0.5,0,0.006142857142857142,0.9999999999999999,0.0,0.0,True,False,False,False,False,False,False,True
1,0.4755142017629775,0.5444444444444444,0.4711895910780669,0,0.5535714285714285,0.9999999999999999,0.01,0.995,False,True,False,False,False,False,False,True
0,0.5,0.5,0.5,0,0.06244642857142857,0.4954062645323598,0.0,0.0,True,False,False,False,False,True,False,False
0,0.5394221351616063,0.8,0.4851301115241636,0,0.3033928571428571,0.4535967372062331,0.01,0.0,False,True,False,False,False,False,False,True
1,0.45592556317335947,0.6444444444444444,0.5130111524163569,0,0.4392857142857143,0.9999999999999999,0.0,0.885,False,False,True,False,False,False,False,True
0,0.5734573947110676,0.3611111111111111,0.48141263940520446,0,0.4035714285714286,0.23348234715392024,0.19,0.026,False,False,True,False,True,False,False,False
0,0.5,0.5,0.5,0,0.161625,0.5169742551301565,0.0,0.0,True,False,False,False,False,True,False,False
0,0.5,0.5,0.5,0,0.2792857142857143,0.9999999999999999,0.11,0.027,True,False,False,False,False,False,True,False
0,0.5,0.5,0.5,0,0.3116071428571428,0.9999999999999999,0.0,0.0,False,False,True,False,False,False,False,True
1,0.33080313418217433,0.7055555555555555,0.2639405204460966,1,0.4446428571428571,0.9999999999999999,0.0,0.999,False,False,True,False,False,False,False,True
1,0.5639079333986288,0.7555555555555555,0.5139405204460967,0,0.6071428571428571,0.9999999999999999,0.0,1.0,False,True,False,False,False,False,False,True
0,0.37022526934378064,0.8888888888888888,0.23559479553903345,1,0.3982142857142857,0.9999999999999999,0.14,0.029,False,True,False,False,False,False,False,True
1,0.0734573947110676,0.75,0.0,1,0.3982142857142857,0.9999999999999999,0.0,0.0,False,True,False,False,False,False,False,True
0,0.5,0.5,0.5,0,0.4678571428571428,0.9999999999999999,0.02,0.932,True,False,False,False,False,False,True,False
0,0.5,0.5,0.5,0,0.37321428571428567,0.9999999999999999,0.0,0.0,False,True,False,False,False,False,False,True
1,0.6762977473065622,0.3277777777777778,0.3722118959107807,1,0.4892857142857142,0.9999999999999999,0.0,0.549,False,False,True,False,True,False,False,False
1,0.5734573947110676,0.4777777777777778,0.4865241635687732,0,0.44821428571428573,0.5963241738505834,0.04,0.635,False,False,True,False,True,False,False,False
0,0.509794319294809,0.55,0.4674721189591078,0,0.4107142857142857,0.9999999999999999,0.08,0.529,False,True,False,False,True,False,False,False
1,0.4534769833496572,0.5722222222222222,0.35269516728624534,0,0.425,0.5812022895555458,0.09,0.052,False,False,True,False,True,False,False,False
1,0.6297747306562194,0.11111111111111116,0.7644052044609666,1,0.5285714285714286,0.9999999999999999,0.0,0.95,False,False,False,True,False,True,False,False
1,0.17874632713026445,0.2888888888888889,0.22211895910780666,0,0.625,0.9999999999999999,0.0,0.0,False,False,False,True,True,False,False,False
0,0.5,0.5,0.5,0,0.3014285714285714,0.3912896678076079,0.0,0.0,False,False,True,False,True,False,False,False
1,0.37022526934378064,0.8888888888888888,0.23559479553903345,1,0.5892857142857143,0.4757042671503081,0.0,0.989,False,True,False,False,False,False,False,True
0,0.5,0.5,0.5,0,0.20124999999999998,0.9999999999999999,0.0,0.0,True,False,False,False,False,False,True,False
1,0.502203721841332,0.05555555555555558,0.47165427509293684,0,0.5892857142857143,0.9999999999999999,0.0,1.0,False,False,False,True,True,False,False,False
1,0.4926542605288932,0.1777777777777778,0.6858736059479554,1,0.5535714285714285,0.9999999999999999,0.0,0.994,False,False,False,True,True,False,False,False
0,0.4314397649363369,0.36666666666666664,0.5018587360594795,0,0.02732142857142857,0.5809385949457708,0.57,0.01,False,False,False,True,False,True,False,False
0,0.49779627815866795,0.4777777777777778,0.8029739776951673,1,0.6071428571428571,0.9999999999999999,0.0,0.0,False,False,True,False,True,False,False,False
0,0.5,0.5,0.5,0,0.09910714285714285,0.9999999999999999,0.39,0.281,False,False,False,True,False,True,False,False
1,0.24265426052889322,0.5444444444444444,0.23605947955390333,0,0.7321428571428571,0.9999999999999999,0.0,0.0,False,True,False,False,True,False,False,False
1,0.14226248775710088,0.6944444444444444,0.23745353159851296,0,0.0,0.9999999999999999,0.0,0.0,False,True,False,False,False,False,False,True
1,0.539177277179236,0.07222222222222224,0.35176579925650553,1,0.5,0.9999999999999999,0.0,0.781,False,False,False,True,True,False,False,False
1,0.49779627815866795,0.9444444444444444,0.5283457249070632,0,0.2675,0.9999999999999999,0.05,0.369,True,False,False,False,False,False,False,True
1,0.43119490695396673,0.5555555555555556,0.262546468401487,1,0.6071428571428571,0.9999999999999999,0.0,0.676,False,False,True,False,True,False,False,False
0,0.5,0.5,0.5,0,0.18517857142857141,0.29248523044698765,0.0,0.0,False,False,True,False,True,False,False,False
0,0.5,0.5,0.5,0,0.10983928571428571,0.3098737131947538,0.0,0.0,False,True,False,False,False,False,False,True
0,0.5,0.5,0.5,0,0.27428571428571424,0.9999999999999999,0.0,0.0,False,False,True,False,True,False,False,False
1,0.24265426052889322,0.5444444444444444,0.23605947955390333,0,0.45714285714285713,0.9999999999999999,0.02,0.928,False,True,False,False,False,False,True,False
1,0.6297747306562194,0.11111111111111116,0.7644052044609666,1,0.4892857142857142,0.9999999999999999,0.0,0.99,False,False,False,True,False,True,False,False
0,0.5,0.5,0.5,0,0.21553571428571427,0.9999999999999999,0.01,0.036,True,False,False,False,False,False,True,False
1,0.5465230166503428,0.4277777777777778,0.6473048327137547,0,0.4464285714285714,0.9999999999999999,0.0,1.0,True,False,False,False,False,False,True,False
0,0.539177277179236,0.07222222222222224,0.35176579925650553,1,0.21749999999999997,0.9999999999999999,0.09,0.004,False,False,False,True,True,False,False,False
0,0.6177766895200784,0.6222222222222222,0.6342936802973977,1,0.13464285714285715,0.5182813268113948,0.12,0.371,False,False,True,False,False,False,False,True
0,0.3947110675808031,0.9611111111111111,0.27788104089219334,1,0.20625,0.9999999999999999,0.2,0.011,False,False,True,False,False,False,False,True
0,0.5,0.5,0.5,0,0.004535714285714285,0.9999999999999999,0.0,0.0,False,False,False,True,False,False,True,False
1,0.6077375122428991,0.5166666666666666,0.5190520446096655,0,0.5892857142857143,0.9999999999999999,0.0,0.989,False,False,True,False,False,False,False,True
0,0.4975514201762977,0.5,0.6129182156133829,1,0.5160714285714285,0.9999999999999999,0.05,0.61,False,False,True,False,False,True,False,False
1,0.1398139079333986,0.6944444444444444,0.3503717472118959,1,0.6785714285714285,0.5700245310093798,0.0,0.0,False,False,True,False,False,False,False,True
1,0.24265426052889322,0.5444444444444444,0.23605947955390333,0,0.6428571428571428,0.9999999999999999,0.0,0.0,False,True,False,False,False,False,True,False
0,0.5,0.5,0.5,0,0.15201785714285712,0.9999999999999999,0.07,0.26,True,False,False,False,False,False,True,False
1,0.14226248775710088,0.6944444444444444,0.23745353159851296,0,0.8035714285714285,0.9999999999999999,0.0,0.0,False,True,False,False,False,False,False,True
1,0.5636630754162586,0.6055555555555555,0.4103159851301115,1,0.41607142857142854,0.9999999999999999,0.24,0.684,False,True,False,False,False,False,False,True
1,0.7426542605288933,0.27222222222222225,0.7225836431226766,1,0.8571428571428571,0.9999999999999999,0.0,0.0,False,False,True,False,True,False,False,False
1,0.4975514201762977,0.5,0.6226765799256506,1,0.4196428571428571,0.5182243671259432,0.07,0.999,False,False,True,False,True,False,False,False
1,0.056317335945151814,0.5722222222222222,0.23698884758364308,0,0.041999999999999996,0.9999999999999999,0.0,0.0,False,True,False,False,False,False,True,False
0,0.5785994123408423,0.37222222222222223,0.48977695167286245,0,0.1896428571428571,0.9999999999999999,0.27,0.001,False,False,True,False,True,False,False,False
1,0.0,0.55,0.22630111524163565,0,0.6428571428571428,0.9999999999999999,0.0,0.0,False,False,True,False,True,False,False,False
1,0.0,0.55,0.22630111524163565,0,0.75,0.9999999999999999,0.0,0.0,False,False,True,False,True,False,False,False
0,0.5,0.5,0.5,0,0.22160714285714284,0.3815633375642905,0.0,0.0,False,False,True,False,True,False,False,False
0,0.4975514201762977,0.5,0.6226765799256506,1,0.2101785714285714,0.5628699033452716,0.53,0.021,False,False,True,False,True,False,False,False
1,0.35308521057786485,0.711111111111111,0.4725836431226766,0,0.5303571428571429,0.9999999999999999,0.0,0.852,True,False,False,False,False,False,True,False
0,0.5222820763956905,0.5166666666666666,0.5901486988847584,1,0.2666071428571428,0.2883096948155764,0.12,0.053,False,False,True,False,False,True,False,False
1,0.6469147894221352,0.2888888888888889,0.5274163568773235,0,0.4928571428571429,0.9999999999999999,0.0,1.0,False,False,True,False,True,False,False,False
0,0.5737022526934378,0.6444444444444444,0.5065055762081785,0,0.26553571428571426,0.3760367128963109,0.3,0.0,False,True,False,False,False,False,False,True
1,0.47771792360430954,0.48333333333333334,0.40985130111524165,1,0.41607142857142854,0.5966045202320704,0.0,0.987,False,False,False,True,False,False,True,False
0,0.5,0.5,0.5,0,0.0008571428571428571,0.9999999999999999,0.0,0.0,True,False,False,False,False,False,True,False
1,0.7426542605288933,0.27222222222222225,0.7225836431226766,1,0.5035714285714286,0.9999999999999999,0.01,0.999,False,False,True,False,True,False,False,False
0,0.5,0.5,0.5,0,0.11357142857142857,0.9999999999999999,0.0,0.0,False,True,False,False,False,False,False,True
0,0.5,0.5,0.5,0,0.14791071428571426,0.3285051362196449,0.0,0.0,False,False,True,False,False,True,False,False
0,0.7426542605288933,0.27222222222222225,0.7225836431226766,1,0.49821428571428567,0.4755898778705244,0.01,0.964,False,False,True,False,False,True,False,False
1,0.5639079333986288,0.7555555555555555,0.5139405204460967,0,0.48392857142857143,0.9999999999999999,0.09,0.995,False,True,False,False,False,False,False,True
1,0.056317335945151814,0.5722222222222222,0.23698884758364308,0,0.6428571428571428,0.9999999999999999,0.0,0.0,False,False,False,True,False,False,True,False
1,0.1398139079333986,0.6944444444444444,0.3503717472118959,1,0.625,0.9999999999999999,0.0,0.0,False,False,True,False,False,False,False,True
1,0.558765915768854,0.11111111111111116,0.574814126394052,1,0.5142857142857142,0.9999999999999999,0.0,1.0,False,False,False,True,True,False,False,False
1,0.1398139079333986,0.6944444444444444,0.3503717472118959,1,0.40714285714285714,0.9999999999999999,0.21,0.256,False,False,True,False,False,False,False,True
1,0.49779627815866795,0.4777777777777778,0.8029739776951673,1,0.46428571428571425,0.9999999999999999,0.0,0.639,False,False,True,False,True,False,False,False
0,0.5,0.5,0.5,0,0.19732142857142856,0.9999999999999999,0.0,0.0,True,False,False,False,False,True,False,False
1,0.14226248775710088,0.6944444444444444,0.23745353159851296,0,0.75,0.9999999999999999,0.0,0.0,False,True,False,False,False,False,False,True
0,0.5,0.5,0.5,0,0.4892857142857142,0.9999999999999999,0.0,0.999,False,False,False,True,False,True,False,False
0,0.5,0.5,0.5,0,0.09023214285714284,0.9999999999999999,0.0,0.0,False,True,False,False,False,False,False,True
1,0.3871204701273261,0.3388888888888889,0.54182156133829,0,0.48392857142857143,0.9999999999999999,0.0,1.0,False,False,False,True,False,False,True,False
0,0.5,0.5,0.5,0,0.1324642857142857,0.9999999999999999,0.0,0.0,False,False,False,True,False,True,False,False
1,0.3161116552399608,0.5222222222222223,0.2225836431226766,0,0.5714285714285714,0.9999999999999999,0.0,0.934,False,False,True,False,False,False,False,True
0,0.3922624877571009,0.7944444444444444,0.650092936802974,1,0.4928571428571429,0.9999999999999999,0.01,0.943,True,False,False,False,False,True,False,False
0,0.5,0.5,0.5,0,0.2542857142857143,0.4681837455355035,0.0,0.0,False,False,True,False,True,False,False,False
0,0.5832517140058766,0.40555555555555556,0.4749070631970261,0,0.45535714285714285,0.27498983632952645,0.0,0.934,True,False,False,False,False,False,False,True
0,0.5,0.5,0.5,0,0.2664285714285714,0.32995714110703683,0.0,0.0,False,True,False,False,False,False,False,True
0,0.5342801175318316,0.6222222222222222,0.5013940520446096,0,0.30499999999999994,0.9999999999999999,0.3,0.0,False,False,True,False,False,True,False,False
1,0.43119490695396673,0.5555555555555556,0.262546468401487,1,0.6071428571428571,0.9999999999999999,0.02,0.984,False,False,True,False,True,False,False,False
0,0.4975514201762977,0.5,0.6129182156133829,1,0.143875,0.17553541855706553,0.19,0.21,False,False,True,False,False,True,False,False
1,0.5737022526934378,0.6444444444444444,0.5065055762081785,0,0.5714285714285714,0.5183084855745637,0.0,0.99,False,True,False,False,False,False,False,True
1,0.1398139079333986,0.6944444444444444,0.3503717472118959,1,0.625,0.9999999999999999,0.0,0.0,False,False,True,False,False,False,False,True
1,0.056317335945151814,0.5722222222222222,0.23698884758364308,0,0.6428571428571428,0.9999999999999999,0.0,0.0,False,True,False,False,False,False,True,False
0,0.5,0.5,0.5,0,0.022803571428571427,0.9999999999999999,0.0,0.0,False,True,False,False,False,False,True,False
0,0.5,0.5,0.5,0,0.011964285714285714,0.9999999999999999,0.07,0.012,False,False,True,False,True,False,False,False
1,0.5394221351616063,0.8,0.4851301115241636,0,0.6071428571428571,0.9999999999999999,0.0,1.0,False,True,False,False,False,False,False,True
1,0.14226248775710088,0.6944444444444444,0.23745353159851296,0,0.0,0.9999999999999999,0.0,0.0,False,True,False,False,False,False,False,True
1,0.46057786483839375,0.2,0.5148698884758364,0,0.4321428571428571,0.5019077297494432,0.21,0.487,False,False,False,True,False,True,False,False
1,0.24265426052889322,0.5444444444444444,0.23605947955390333,0,0.4267857142857142,0.9999999999999999,0.0,0.164,False,True,False,False,False,False,True,False
1,0.35308521057786485,0.711111111111111,0.4725836431226766,0,0.5232142857142857,0.9999999999999999,0.01,0.992,True,False,False,False,False,False,True,False
1,0.0734573947110676,0.75,0.0,1,0.9285714285714285,0.9999999999999999,0.0,0.0,True,False,False,False,False,False,False,True
0,0.5,0.5,0.5,0,0.07946428571428571,0.9999999999999999,0.0,0.0,False,False,True,False,True,False,False,False
1,0.4975514201762977,0.5,0.6226765799256506,1,0.5017857142857143,0.9999999999999999,0.0,1.0,False,False,True,False,True,False,False,False
0,0.5,0.5,0.5,0,0.47857142857142854,0.9999999999999999,0.0,1.0,False,True,False,False,False,False,False,True
1,0.24265426052889322,0.5444444444444444,0.23605947955390333,0,0.41428571428571426,0.9999999999999999,0.03,0.315,False,True,False,False,False,False,True,False
1,0.14226248775710088,0.6944444444444444,0.23745353159851296,0,0.6785714285714285,0.9999999999999999,0.0,0.0,False,True,False,False,False,False,False,True
0,0.46547502448579825,0.48333333333333334,0.4972118959107807,0,0.2719642857142857,0.4953450007199862,0.11,0.007,True,False,False,False,False,False,True,False
1,0.0,0.55,0.22630111524163565,0,0.6964285714285714,0.9999999999999999,0.0,0.0,False,False,True,False,True,False,False,False
0,0.5,0.5,0.5,0,0.4607142857142857,0.9999999999999999,0.0,0.999,False,False,False,True,False,True,False,False
0,0.35308521057786485,0.711111111111111,0.4725836431226766,0,0.4446428571428571,0.9999999999999999,0.01,0.743,True,False,False,False,False,False,True,False
1,0.5394221351616063,0.8,0.4851301115241636,0,0.4589285714285714,0.9999999999999999,0.0,0.796,False,True,False,False,False,False,False,True
0,0.5541136141038198,0.5166666666666666,0.7239776951672863,1,0.00035714285714285714,0.3921396983020143,0.1,0.003,False,False,True,False,False,True,False,False
0,0.5,0.5,0.5,0,0.005517857142857143,0.9999999999999999,0.0,0.0,False,False,False,True,False,False,True,False
0,0.5,0.5,0.5,0,0.1894642857142857,0.5291727822658425,0.0,0.0,False,False,False,True,False,False,True,False
1,0.5342801175318316,0.5055555555555555,0.4962825278810409,0,0.36607142857142855,0.9999999999999999,0.2,0.196,False,False,True,False,False,True,False,False
1,0.5734573947110676,0.7,0.2736988847583643,1,0.3839285714285714,0.9999999999999999,0.0,0.0,False,True,False,False,False,False,False,True
1,0.0734573947110676,0.75,0.0,1,0.6785714285714285,0.5966095345710946,0.0,0.0,False,True,False,False,False,False,False,True
1,0.6762977473065622,0.3277777777777778,0.3722118959107807,1,0.5892857142857143,0.2523606404536553,0.0,0.998,False,False,True,False,True,False,False,False
1,0.0,0.55,0.22630111524163565,0,0.5892857142857143,0.5430022441903063,0.0,0.847,False,False,True,False,True,False,False,False
1,0.14226248775710088,0.6944444444444444,0.23745353159851296,0,0.6607142857142857,0.9999999999999999,0.0,0.0,False,True,False,False,False,False,False,True
0,0.5,0.5,0.5,0,7.142857142857142e-05,0.9999999999999999,0.0,0.0,True,False,False,False,False,True,False,False
0,0.5,0.5,0.5,0,0.06942857142857142,0.9999999999999999,0.15,0.03,False,False,False,True,False,True,False,False
1,0.46057786483839375,0.2,0.5148698884758364,0,0.5714285714285714,0.9999999999999999,0.0,0.997,False,False,False,True,False,True,False,False
0,0.5,0.5,0.5,0,0.27303571428571427,0.9999999999999999,0.01,0.217,False,True,False,False,False,False,False,True
0,0.5,0.5,0.5,0,3.571428571428571e-05,0.9999999999999999,0.0,0.0,True,False,False,False,False,False,True,False
0,0.5,0.5,0.5,0,0.20375,0.9999999999999999,0.0,0.11,True,False,False,False,False,False,True,False
1,0.20323212536728696,0.3611111111111111,0.2644052044609665,0,0.21982142857142856,0.48883594447262946,0.0,0.0,False,True,False,False,True,False,False,False
0,0.4926542605288932,0.1777777777777778,0.6858736059479554,1,0.46964285714285714,0.9999999999999999,0.0,0.991,False,False,False,True,True,False,False,False
1,0.5981880509304603,0.4111111111111111,0.5599442379182156,1,0.5535714285714285,0.9999999999999999,0.01,0.997,False,True,False,False,True,False,False,False
0,0.5,0.5,0.5,0,0.7142857142857142,0.9999999999999999,0.0,0.0,False,False,False,True,False,True,False,False
1,0.14226248775710088,0.6944444444444444,0.23745353159851296,0,0.625,0.3641428291743165,0.0,0.0,False,True,False,False,False,False,False,True
1,0.14226248775710088,0.6944444444444444,0.23745353159851296,0,0.39999999999999997,0.9999999999999999,0.04,0.155,False,True,False,False,False,False,False,True
0,0.5,0.5,0.5,0,0.22678571428571426,0.9999999999999999,0.0,0.0,False,False,True,False,False,False,False,True
0,0.5,0.5,0.5,0,0.19892857142857143,0.9999999999999999,0.0,0.0,False,True,False,False,False,False,False,True
0,0.5,0.5,0.5,0,0.31732142857142853,0.9999999999999999,0.0,0.0,False,False,True,False,False,False,False,True
0,0.5,0.5,0.5,0,0.18875,0.9999999999999999,0.0,0.0,True,False,False,False,False,True,False,False
1,0.703232125367287,0.3111111111111111,0.5381040892193308,0,0.4535714285714285,0.9999999999999999,0.0,0.978,False,True,False,False,False,False,True,False
0,0.5,0.5,0.5,0,0.3494642857142857,0.9999999999999999,0.01,0.379,False,True,False,False,False,False,False,True
1,0.5737022526934378,0.6444444444444444,0.5065055762081785,0,0.5892857142857143,0.9999999999999999,0.0,1.0,False,True,False,False,False,False,False,True
0,0.4534769833496572,0.5722222222222222,0.35269516728624534,0,0.10666071428571428,0.3970177101402893,0.59,0.0,False,False,True,False,True,False,False,False
0,0.4657198824681685,0.49444444444444446,0.5037174721189591,0,0.3821428571428571,0.398036534114601,0.0,0.0,False,True,False,False,False,False,True,False
0,0.5,0.5,0.5,0,0.3014285714285714,0.3340207787093868,0.0,0.0,False,False,True,False,True,False,False,False
0,0.5,0.5,0.5,0,0.0003928571428571428,0.4618070337511851,0.0,0.0,False,False,True,False,True,False,False,False
0,0.5,0.5,0.5,0,0.475,0.9999999999999999,0.0,0.999,False,False,False,True,False,True,False,False
1,0.4975514201762977,0.5,0.6226765799256506,1,0.5071428571428571,0.9999999999999999,0.01,1.0,False,False,True,False,True,False,False,False
1,0.20323212536728696,0.3611111111111111,0.2644052044609665,0,0.4803571428571428,0.9999999999999999,0.04,0.627,False,False,False,True,True,False,False,False
0,0.4657198824681685,0.37777777777777777,0.4986059479553903,0,0.20714285714285713,0.9999999999999999,0.24,0.007,False,True,False,False,False,False,True,False
0,0.5,0.5,0.5,0,0.2225,0.9999999999999999,0.0,0.0,True,False,False,False,False,True,False,False
1,0.6420176297747306,0.3277777777777778,0.35130111524163565,1,0.5892857142857143,0.5425962136394901,0.0,0.993,False,False,True,False,True,False,False,False
0,0.5,0.5,0.5,0,0.12875,0.9999999999999999,0.0,0.0,False,False,False,True,False,True,False,False
0,0.5,0.5,0.5,0,0.2871428571428571,0.9999999999999999,0.0,0.0,False,True,False,False,True,False,False,False
0,0.5,0.5,0.5,0,0.47142857142857136,0.9999999999999999,0.0,0.92,False,True,False,False,True,False,False,False
0,0.5,0.5,0.5,0,0.0,0.9999999999999999,0.0,0.0,False,False,False,True,False,True,False,False
0,0.5737022526934378,0.6444444444444444,0.5065055762081785,0,0.1505,0.24804145732695226,0.17,0.0,False,True,False,False,False,False,False,True
0,0.5,0.5,0.5,0,0.14035714285714285,0.9999999999999999,0.24,0.487,False,False,True,False,True,False,False,False
1,0.056317335945151814,0.5722222222222222,0.23698884758364308,0,0.7321428571428571,0.9999999999999999,0.0,0.0,False,False,False,True,False,False,True,False
1,0.0,0.55,0.22630111524163565,0,0.07623214285714286,0.9999999999999999,0.18,0.061,False,False,True,False,True,False,False,False
1,0.5688050930460333,0.4444444444444444,0.737453531598513,1,0.5160714285714285,0.9999999999999999,0.0,0.992,True,False,False,False,False,False,True,False
1,0.14226248775710088,0.6944444444444444,0.23745353159851296,0,0.4678571428571428,0.48407757518849737,0.01,0.992,False,True,False,False,False,False,False,True
0,0.5,0.5,0.5,0,0.4125,0.9999999999999999,0.04,0.996,False,True,False,False,False,False,False,True
1,0.24265426052889322,0.5444444444444444,0.23605947955390333,0,0.6964285714285714,0.9999999999999999,0.0,0.0,False,True,False,False,True,False,False,False
1,0.6420176297747306,0.2055555555555556,0.370817843866171,1,0.47857142857142854,0.9999999999999999,0.1,0.969,False,True,False,False,True,False,False,False
0,0.5,0.5,0.5,0,0.030767857142857142,0.9999999999999999,0.0,0.0,True,False,False,False,False,True,False,False
1,0.37022526934378064,0.8888888888888888,0.23559479553903345,1,0.5303571428571429,0.9999999999999999,0.01,0.994,False,True,False,False,False,False,False,True
1,0.3947110675808031,0.9611111111111111,0.27788104089219334,1,0.625,0.9999999999999999,0.0,0.996,False,False,True,False,False,False,False,True
1,0.3528403525954946,0.30000000000000004,0.5092936802973977,0,0.0,0.9999999999999999,0.0,0.0,False,False,False,True,False,True,False,False
1,0.5734573947110676,0.4777777777777778,0.4865241635687732,0,0.5892857142857143,0.9999999999999999,0.0,1.0,False,False,True,False,True,False,False,False
0,0.5,0.5,0.5,0,0.625,0.9999999999999999,0.0,0.0,False,False,False,True,False,True,False,False
1,0.056317335945151814,0.5722222222222222,0.23698884758364308,0,0.4821428571428571,0.9999999999999999,0.0,0.0,False,True,False,False,False,False,True,False
0,0.5,0.5,0.5,0,0.0003035714285714286,0.9999999999999999,0.0,0.0,False,False,False,True,False,True,False,False
1,0.3947110675808031,0.9611111111111111,0.27788104089219334,1,0.625,0.9999999999999999,0.0,1.0,False,False,True,False,False,False,False,True
0,0.5,0.5,0.5,0,0.037714285714285714,0.4484586715975462,0.0,0.0,False,False,False,True,False,True,False,False
0,0.5,0.5,0.5,0,0.0002678571428571428,0.5628144757598491,0.0,0.0,False,True,False,False,False,False,False,True
0,0.5,0.5,0.5,0,0.40714285714285714,0.9999999999999999,0.0,0.932,False,False,True,False,True,False,False,False
1,0.7426542605288933,0.27222222222222225,0.7225836431226766,1,0.8214285714285714,0.9999999999999999,0.0,0.0,False,False,True,False,True,False,False,False
1,0.056317335945151814,0.5722222222222222,0.23698884758364308,0,0.49642857142857144,0.9999999999999999,0.0,0.0,False,False,False,True,False,False,True,False
0,0.5,0.5,0.5,0,0.02601785714285714,0.9999999999999999,0.0,0.0,False,True,False,False,False,False,False,True
0,0.5,0.5,0.5,0,0.45535714285714285,0.9999999999999999,0.02,0.563,False,True,False,False,False,False,False,True
1,0.5734573947110676,0.3611111111111111,0.48141263940520446,0,0.5892857142857143,0.9999999999999999,0.0,0.963,False,False,True,False,True,False,False,False
0,0.5,0.5,0.5,0,0.2926785714285714,0.9999999999999999,0.0,0.0,False,False,True,False,True,False,False,False
0,0.5,0.5,0.5,0,0.4035714285714286,0.9999999999999999,0.01,0.925,False,False,False,True,False,True,False,False
1,0.14226248775710088,0.6944444444444444,0.23745353159851296,0,0.6607142857142857,0.9999999999999999,0.0,0.0,False,True,False,False,False,False,False,True
1,0.46547502448579825,0.5222222222222223,0.29879182156133827,1,0.34910714285714284,0.5431243500977437,0.0,0.0,False,False,True,False,False,False,False,True
1,0.4755142017629775,0.5444444444444444,0.4711895910780669,0,0.4392857142857143,0.5965704119795081,0.04,0.8,False,True,False,False,False,False,False,True
1,0.14226248775710088,0.6944444444444444,0.23745353159851296,0,0.41607142857142854,0.9999999999999999,0.31,0.572,False,True,False,False,False,False,False,True
1,0.6297747306562194,0.11111111111111116,0.7644052044609666,1,0.425,0.9999999999999999,0.09,0.784,False,False,False,True,False,True,False,False
1,0.7426542605288933,0.27222222222222225,0.7225836431226766,1,0.5892857142857143,0.9999999999999999,0.0,1.0,False,False,True,False,True,False,False,False
1,0.6077375122428992,0.2055555555555556,0.349907063197026,1,0.46428571428571425,0.9999999999999999,0.0,0.995,False,True,False,False,True,False,False,False
1,0.37022526934378064,0.8888888888888888,0.23559479553903345,1,0.5357142857142857,0.5810671975396946,0.02,0.939,False,True,False,False,False,False,False,True
1,0.1398139079333986,0.6944444444444444,0.3503717472118959,1,0.4107142857142857,0.9999999999999999,0.02,0.978,False,False,True,False,False,False,False,True
0,0.4265426052889324,0.6388888888888888,0.5185873605947956,0,0.19767857142857143,0.42646099271769744,0.58,0.003,True,False,False,False,False,False,True,False
0,0.5,0.5,0.5,0,0.39999999999999997,0.9999999999999999,0.01,0.587,True,False,False,False,False,False,True,False
0,0.37022526934378064,0.8888888888888888,0.23559479553903345,1,0.4446428571428571,0.45319328016746097,0.01,0.696,False,True,False,False,False,False,False,True
1,0.460822722820764,0.9277777777777778,0.6482342007434945,1,0.5232142857142857,0.9999999999999999,0.0,0.999,True,False,False,False,False,False,False,True
0,0.5,0.5,0.5,0,0.2014285714285714,0.9999999999999999,0.02,0.209,True,False,False,False,False,False,True,False
1,0.703232125367287,0.3111111111111111,0.5381040892193308,0,0.6428571428571428,0.9999999999999999,0.0,0.0,False,True,False,False,False,False,True,False
1,0.17874632713026445,0.2888888888888889,0.22211895910780666,0,0.625,0.9999999999999999,0.0,0.0,False,False,False,True,True,False,False,False
1,0.24265426052889322,0.5444444444444444,0.23605947955390333,0,0.625,0.9999999999999999,0.0,0.0,False,True,False,False,False,False,True,False
0,0.5639079333986288,0.7944444444444444,0.5157992565055762,0,0.2294642857142857,0.3616599489450474,0.17,0.074,False,False,True,False,False,False,False,True
0,0.4657198824681685,0.5,0.479089219330855,0,0.42857142857142855,0.9999999999999999,0.55,0.968,False,False,True,False,False,True,False,False
0,0.5394221351616063,0.6833333333333333,0.47165427509293684,0,0.46249999999999997,0.9999999999999999,0.0,0.797,False,True,False,False,False,False,True,False
0,0.5,0.5,0.5,0,0.0002857142857142857,0.9999999999999999,0.0,0.0,False,False,True,False,True,False,False,False
0,0.5,0.5,0.5,0,0.20857142857142855,0.9999999999999999,0.0,0.0,False,False,False,True,False,True,False,False
1,0.6028403525954946,0.7555555555555555,0.4995353159851301,0,0.46249999999999997,0.9999999999999999,0.02,0.971,False,False,True,False,False,False,False,True
0,0.5734573947110676,0.7,0.2736988847583643,1,0.18607142857142855,0.5759926486668151,0.0,0.0,False,True,False,False,False,False,False,True
1,0.502203721841332,0.5222222222222223,0.19702602230483268,1,0.49642857142857144,0.9999999999999999,0.0,1.0,True,False,False,False,False,False,True,False
1,0.43364348677766895,0.6777777777777778,0.30762081784386613,1,0.4928571428571429,0.9999999999999999,0.0,0.98,True,False,False,False,False,True,False,False
1,0.3947110675808031,0.9611111111111111,0.27788104089219334,1,0.46428571428571425,0.9999999999999999,0.0,0.005,False,False,True,False,False,False,False,True
0,0.5,0.5,0.5,0,0.2614285714285714,0.9999999999999999,0.0,0.0,False,False,True,False,True,False,False,False
0,0.5,0.5,0.5,0,0.09944642857142856,0.5966295970952549,0.0,0.0,False,False,False,True,False,True,False,False
0,0.5296278158667973,0.7888888888888889,0.5195167286245354,0,0.5535714285714285,0.9999999999999999,0.0,0.987,False,True,False,False,False,False,False,True
1,0.6349167482859941,0.2888888888888889,0.7397769516728625,1,0.43571428571428567,0.9999999999999999,0.0,0.96,False,True,False,False,False,False,True,False
0,0.5,0.5,0.5,0,0.4107142857142857,0.9999999999999999,0.01,0.628,False,False,True,False,True,False,False,False
1,0.46057786483839375,0.2,0.5148698884758364,0,0.5267857142857143,0.9999999999999999,0.01,0.999,False,False,False,True,False,True,False,False
1,0.5440744368266406,0.35555555555555557,0.48698884758364314,0,0.06617857142857142,0.9999999999999999,0.0,0.0,False,True,False,False,False,False,True,False
1,0.0,0.55,0.22630111524163565,0,0.5714285714285714,0.9999999999999999,0.04,0.987,False,False,True,False,True,False,False,False
1,0.4265426052889324,0.30000000000000004,0.7263011152416357,1,0.29,0.9999999999999999,0.01,0.202,False,False,False,True,False,True,False,False
1,0.24265426052889322,0.5444444444444444,0.23605947955390333,0,0.6428571428571428,0.9999999999999999,0.0,0.0,False,True,False,False,False,False,True,False
1,0.568560235063663,0.6333333333333333,0.49814126394052044,0,0.5535714285714285,0.4718135662876023,0.0,0.972,False,True,False,False,False,False,False,True
1,0.4338883447600392,0.65,0.512546468401487,0,0.4053571428571428,0.9999999999999999,0.07,0.987,True,False,False,False,False,False,True,False
1,0.14226248775710088,0.6944444444444444,0.23745353159851296,0,0.43571428571428567,0.9999999999999999,0.12,0.74,False,True,False,False,False,False,False,True
0,0.5,0.5,0.5,0,0.13905357142857142,0.596622256187946,0.0,0.0,False,True,False,False,False,False,False,True
0,0.5734573947110676,0.3611111111111111,0.48141263940520446,0,0.6071428571428571,0.9999999999999999,0.0,0.998,False,False,True,False,True,False,False,False
0,0.5,0.5,0.5,0,0.36071428571428565,0.9999999999999999,0.01,0.249,False,False,False,True,False,True,False,False
1,0.4314397649363369,0.36666666666666664,0.5018587360594795,0,0.4678571428571428,0.9999999999999999,0.04,0.998,False,False,False,True,False,True,False,False
1,0.3871204701273261,0.3388888888888889,0.54182156133829,0,0.5053571428571428,0.9999999999999999,0.0,1.0,False,False,False,True,False,False,True,False
1,0.7426542605288933,0.27222222222222225,0.7225836431226766,1,0.43392857142857144,0.9999999999999999,0.01,0.137,False,False,True,False,True,False,False,False
0,0.5734573947110676,0.4777777777777778,0.4865241635687732,0,0.4517857142857143,0.9999999999999999,0.11,0.992,False,False,True,False,True,False,False,False
1,0.43119490695396673,0.5555555555555556,0.262546468401487,1,0.5714285714285714,0.5628400733815095,0.0,0.999,False,False,True,False,True,False,False,False
1,0.6028403525954946,0.7555555555555555,0.4995353159851301,0,0.5892857142857143,0.5425962136394901,0.0,0.993,False,False,True,False,False,False,False,True
0,0.5,0.5,0.5,0,0.20089285714285712,0.3089471877904229,0.0,0.0,False,True,False,False,False,False,False,True
0,0.4755142017629775,0.5444444444444444,0.4711895910780669,0,0.11067857142857143,0.9999999999999999,0.72,0.0,False,True,False,False,False,False,False,True
0,0.5,0.5,0.5,0,0.07171428571428572,0.048760967524905365,0.0,0.0,False,False,False,True,False,True,False,False
1,0.35308521057786485,0.711111111111111,0.4725836431226766,0,0.0,0.9999999999999999,0.0,0.0,True,False,False,False,False,False,True,False
0,0.5,0.5,0.5,0,0.2644642857142857,0.45326158795349103,0.0,0.0,False,False,True,False,True,False,False,False
0,0.5,0.5,0.5,0,0.09298214285714285,0.9999999999999999,0.0,0.0,True,False,False,False,False,False,True,False
0,0.5,0.5,0.5,0,0.0047321428571428575,0.9999999999999999,0.29,0.19,False,False,False,True,False,True,False,False
1,0.35798237022526935,0.6722222222222223,0.6486988847583643,1,0.5035714285714286,0.9999999999999999,0.0,1.0,True,False,False,False,False,False,True,False
0,0.5541136141038198,0.5166666666666666,0.7239776951672863,1,0.033178571428571425,0.9999999999999999,0.43,0.087,False,False,True,False,False,True,False,False
0,0.5,0.5,0.5,0,0.5714285714285714,0.9999999999999999,0.0,0.989,False,False,True,False,True,False,False,False
0,0.5,0.5,0.5,0,0.2685714285714285,0.9999999999999999,0.0,0.0,True,False,False,False,False,False,True,False
1,0.1398139079333986,0.6944444444444444,0.3503717472118959,1,0.25071428571428567,0.9999999999999999,0.17,0.396,False,False,True,False,False,False,False,True
0,0.5,0.5,0.5,0,0.001732142857142857,0.9999999999999999,0.0,0.0,False,False,False,True,True,False,False,False
1,0.14226248775710088,0.6944444444444444,0.23745353159851296,0,0.8214285714285714,0.9999999999999999,0.0,0.0,False,True,False,False,False,False,False,True
1,0.17874632713026445,0.2888888888888889,0.22211895910780666,0,0.625,0.9999999999999999,0.0,0.0,False,False,False,True,False,False,True,False
1,0.24265426052889322,0.5444444444444444,0.23605947955390333,0,0.42142857142857143,0.9999999999999999,0.07,0.197,False,True,False,False,True,False,False,False
1,0.4534769833496572,0.5722222222222222,0.35269516728624534,0,0.625,0.9999999999999999,0.01,0.99,False,False,True,False,True,False,False,False
0,0.5,0.5,0.5,0,0.017964285714285714,0.9999999999999999,0.0,0.0,False,False,False,True,False,True,False,False
0,0.568560235063663,0.4666666666666667,0.5473977695167286,0,0.375,0.47178062676998256,0.0,0.0,True,False,False,False,False,False,True,False
1,0.46057786483839375,0.2,0.5148698884758364,0,0.40178571428571425,0.9999999999999999,0.02,0.0,False,False,False,True,False,True,False,False
0,0.5,0.5,0.5,0,0.0,0.9999999999999999,0.0,0.0,False,False,False,True,True,False,False,False
1,0.4262977473065622,0.3555555555555556,0.4934944237918215,0,0.5125,0.9999999999999999,0.0,0.969,False,False,False,True,False,True,False,False
1,0.1398139079333986,0.6944444444444444,0.3503717472118959,1,0.18553571428571428,0.9999999999999999,0.16,0.169,False,False,True,False,False,False,False,True
0,0.5734573947110676,0.7,0.2736988847583643,1,0.6071428571428571,0.3792699799738692,0.02,0.938,False,True,False,False,False,False,False,True
1,0.6077375122428992,0.2055555555555556,0.349907063197026,1,0.0,0.9999999999999999,0.0,0.0,False,True,False,False,True,False,False,False
1,0.0,0.55,0.22630111524163565,0,0.4875,0.9999999999999999,0.0,1.0,False,False,True,False,True,False,False,False
1,0.43119490695396673,0.5555555555555556,0.262546468401487,1,0.625,0.46170695803267797,0.0,1.0,False,False,True,False,True,False,False,False
1,0.49779627815866795,0.4777777777777778,0.8029739776951673,1,0.6071428571428571,0.49441555257280334,0.01,0.995,False,False,True,False,True,False,False,False
0,0.5,0.5,0.5,0,0.33303571428571427,0.9999999999999999,0.0,0.0,False,False,True,False,True,False,False,False
0,0.5,0.5,0.5,0,0.21732142857142855,0.3501364875146621,0.0,0.0,False,True,False,False,False,False,False,True
1,0.45592556317335947,0.6055555555555555,0.5111524163568774,0,0.0,0.9999999999999999,0.0,0.0,True,False,False,False,False,False,False,True
1,0.056317335945151814,0.5722222222222222,0.23698884758364308,0,0.6785714285714285,0.9999999999999999,0.0,0.0,False,True,False,False,False,False,True,False
1,0.3971596474045054,0.2444444444444444,0.5004646840148699,0,0.3910714285714285,0.9999999999999999,0.06,0.08,False,False,False,True,False,False,True,False
0,0.5,0.5,0.5,0,0.0010535714285714285,0.9999999999999999,0.0,0.0,True,False,False,False,False,False,True,False
1,0.24265426052889322,0.5444444444444444,0.23605947955390333,0,0.29232142857142857,0.9999999999999999,0.38,0.006,False,True,False,False,True,False,False,False
1,0.35308521057786485,0.711111111111111,0.4725836431226766,0,0.47142857142857136,0.5923581859606252,0.03,0.993,True,False,False,False,False,False,True,False
0,0.5,0.5,0.5,0,0.6428571428571428,0.9999999999999999,0.0,0.0,False,False,False,True,False,True,False,False
0,0.5,0.5,0.5,0,0.2375,0.5965575817289299,0.0,0.0,False,True,False,False,True,False,False,False
1,0.460822722820764,0.6444444444444444,0.5148698884758365,0,0.49107142857142855,0.9999999999999999,0.0,0.798,False,False,False,True,False,False,True,False
1,0.43119490695396673,0.5555555555555556,0.262546468401487,1,0.5892857142857143,0.483827005713065,0.0,0.995,False,False,True,False,True,False,False,False
0,0.4975514201762977,0.5,0.6226765799256506,1,0.5535714285714285,0.9999999999999999,0.01,0.992,False,False,True,False,True,False,False,False
0,0.5,0.5,0.5,0,0.4053571428571428,0.5182470941142021,0.0,0.0,False,True,False,False,False,False,False,True
1,0.38222331047992164,0.5777777777777778,0.5223048327137546,0,0.5071428571428571,0.9999999999999999,0.0,0.932,False,False,False,True,False,False,True,False
0,0.5,0.5,0.5,0,0.036696428571428574,0.9999999999999999,0.0,0.0,True,False,False,False,False,False,True,False
0,0.4240940254652302,0.6055555555555555,0.5302044609665427,0,0.18,0.5023352279007993,0.34,0.0,True,False,False,False,False,True,False,False
0,0.509794319294809,0.55,0.4674721189591078,0,0.4535714285714285,0.9999999999999999,0.0,1.0,False,True,False,False,True,False,False,False
1,0.0734573947110676,0.75,0.0,1,0.28928571428571426,0.9999999999999999,0.07,0.02,False,True,False,False,False,False,False,True
0,0.5,0.5,0.5,0,0.5214285714285714,0.9999999999999999,0.04,0.999,False,True,False,False,False,False,False,True
0,0.5,0.5,0.5,0,0.04528571428571428,0.9999999999999999,0.0,0.0,False,True,False,False,False,False,True,False
0,0.5,0.5,0.5,0,0.1530892857142857,0.5964583532543066,0.0,0.0,False,False,False,True,False,False,True,False
0,0.5,0.5,0.5,0,0.4375,0.9999999999999999,0.01,1.0,True,False,False,False,False,False,True,False
0,0.5,0.5,0.5,0,0.000125,0.07639810926247975,0.0,0.0,False,False,False,True,False,False,True,False
1,0.0734573947110676,0.75,0.0,1,0.5178571428571428,0.9999999999999999,0.03,0.989,False,True,False,False,False,False,False,True
0,0.5,0.5,0.5,0,0.0963392857142857,0.9999999999999999,0.0,0.0,False,False,False,True,False,True,False,False
1,0.4262977473065622,0.3555555555555556,0.4934944237918215,0,0.47857142857142854,0.5966258041548866,0.0,1.0,False,False,False,True,False,True,False,False
1,0.4363369245837414,0.6888888888888889,0.48605947955390333,0,0.5089285714285714,0.9999999999999999,0.01,0.907,False,True,False,False,False,False,True,False
1,0.3161116552399608,0.5222222222222223,0.2225836431226766,0,0.6964285714285714,0.9999999999999999,0.0,0.0,False,False,True,False,False,False,False,True
1,0.24265426052889322,0.5444444444444444,0.23605947955390333,0,0.625,0.9999999999999999,0.0,0.0,False,True,False,False,False,False,True,False
1,0.46057786483839375,0.2,0.5148698884758364,0,0.4321428571428571,0.9999999999999999,0.0,1.0,False,False,False,True,False,True,False,False
1,0.45592556317335947,0.6055555555555555,0.5111524163568774,0,0.3316071428571428,0.48925931965676034,0.0,0.542,True,False,False,False,False,False,False,True
1,0.24265426052889322,0.5444444444444444,0.23605947955390333,0,0.6607142857142857,0.9999999999999999,0.0,0.0,False,True,False,False,False,False,True,False
0,0.45592556317335947,0.6055555555555555,0.5111524163568774,0,0.0,0.9999999999999999,0.0,0.0,True,False,False,False,False,False,False,True
1,0.2573457394711067,0.5055555555555555,0.4902416356877323,0,0.6071428571428571,0.9999999999999999,0.0,1.0,False,False,True,False,False,True,False,False
1,0.37022526934378064,0.8888888888888888,0.23559479553903345,1,0.4589285714285714,0.4221409736552252,0.07,0.375,False,True,False,False,False,False,False,True
1,0.5832517140058766,0.4444444444444444,0.4767657992565056,0,0.005178571428571428,0.9999999999999999,0.0,0.0,True,False,False,False,False,False,False,True
0,0.5318315377081293,0.34444444444444444,0.49117100371747213,0,0.37857142857142856,0.9999999999999999,0.22,0.058,False,True,False,False,True,False,False,False
1,0.3161116552399608,0.5222222222222223,0.2225836431226766,0,0.6785714285714285,0.9999999999999999,0.0,0.0,False,False,True,False,False,False,False,True
0,0.5222820763956905,0.5166666666666666,0.5901486988847584,1,0.07919642857142856,0.5812161046594818,0.0,0.0,False,False,True,False,False,False,False,True
1,0.1398139079333986,0.6944444444444444,0.3503717472118959,1,0.37142857142857144,0.9999999999999999,0.64,0.27,False,False,True,False,False,False,False,True
0,0.5,0.5,0.5,0,0.30749999999999994,0.9999999999999999,0.0,0.0,False,True,False,False,False,False,False,True
0,0.5,0.5,0.5,0,0.4375,0.9999999999999999,0.0,0.911,True,False,False,False,False,False,True,False
0,0.5,0.5,0.5,0,0.19785714285714284,0.9999999999999999,0.0,0.0,True,False,False,False,False,False,True,False
0,0.45592556317335947,0.6444444444444444,0.5130111524163569,0,0.4053571428571428,0.9999999999999999,0.03,0.037,False,False,True,False,False,False,False,True
0,0.5,0.5,0.5,0,0.17189285714285713,0.9999999999999999,0.0,0.0,False,False,False,True,False,True,False,False
0,0.5,0.5,0.5,0,0.37142857142857144,0.9999999999999999,0.0,0.0,False,False,True,False,True,False,False,False
0,0.5,0.5,0.5,0,0.06291071428571428,0.9999999999999999,0.0,0.0,False,True,False,False,False,False,True,False
1,0.6177766895200784,0.6222222222222222,0.6342936802973977,1,0.5107142857142857,0.9999999999999999,0.0,1.0,False,False,True,False,False,False,False,True
0,0.5,0.5,0.5,0,0.4660714285714286,0.9999999999999999,0.0,0.999,False,False,False,True,False,True,False,False
0,0.5,0.5,0.5,0,0.11189285714285714,0.9999999999999999,0.0,0.0,False,True,False,False,True,False,False,False
0,0.38222331047992164,0.5777777777777778,0.5223048327137546,0,0.4803571428571428,0.9999999999999999,0.0,1.0,False,False,False,True,False,False,True,False
1,0.3237022526934378,0.6722222222222223,0.6277881040892193,1,0.43392857142857144,0.9999999999999999,0.0,0.745,True,False,False,False,False,False,True,False
0,0.37022526934378064,0.8888888888888888,0.23559479553903345,1,0.3051785714285714,0.9999999999999999,0.19,0.006,False,True,False,False,False,False,False,True
0,0.5,0.5,0.5,0,0.0024642857142857144,0.9999999999999999,0.22,0.059,False,False,False,True,False,True,False,False
1,0.5024485798237023,0.5,0.37732342007434944,1,0.42321428571428565,0.9999999999999999,0.02,0.052,True,False,False,False,False,False,True,False
1,0.056317335945151814,0.5722222222222222,0.23698884758364308,0,0.6428571428571428,0.9999999999999999,0.0,0.0,False,True,False,False,False,False,True,False
0,0.5,0.5,0.5,0,0.21160714285714283,0.5278171779027307,0.0,0.0,False,False,True,False,False,False,False,True
1,0.5734573947110676,0.3611111111111111,0.48141263940520446,0,0.0,0.9999999999999999,0.0,0.0,False,False,True,False,True,False,False,False
0,0.5,0.5,0.5,0,0.19,0.9999999999999999,0.0,0.0,False,False,True,False,True,False,False,False
1,0.7426542605288933,0.27222222222222225,0.7225836431226766,1,0.6071428571428571,0.9999999999999999,0.0,1.0,False,False,True,False,False,True,False,False
0,0.5,0.5,0.5,0,0.04260714285714286,0.9999999999999999,0.0,0.0,False,False,True,False,True,False,False,False
0,0.5,0.5,0.5,0,0.0902142857142857,0.4111966614439089,0.0,0.0,False,False,True,False,True,False,False,False
0,0.5,0.5,0.5,0,0.16355357142857144,0.9999999999999999,0.0,0.0,True,False,False,False,False,False,True,False
0,0.6177766895200784,0.4222222222222222,0.4776951672862454,0,0.21517857142857144,0.9999999999999999,0.15,0.053,False,False,True,False,False,False,False,True
1,0.1398139079333986,0.6944444444444444,0.3503717472118959,1,0.4053571428571428,0.9999999999999999,0.04,0.615,False,False,True,False,False,False,False,True
1,0.33080313418217433,0.7055555555555555,0.2639405204460966,1,0.625,0.9999999999999999,0.0,1.0,False,True,False,False,True,False,False,False
0,0.5636630754162586,0.3111111111111111,0.5139405204460966,0,0.4392857142857143,0.5277526520440984,0.02,0.974,False,False,True,False,False,True,False,False
1,0.7426542605288933,0.27222222222222225,0.7225836431226766,1,0.5892857142857143,0.9999999999999999,0.0,0.998,False,False,True,False,False,True,False,False
1,0.5734573947110676,0.3611111111111111,0.48141263940520446,0,0.4928571428571429,0.9999999999999999,0.04,0.998,False,False,True,False,True,False,False,False
0,0.5,0.5,0.5,0,0.09498214285714285,0.4799232416963048,0.0,0.0,False,False,True,False,False,True,False,False
0,0.7426542605288933,0.27222222222222225,0.7225836431226766,1,0.24892857142857142,0.4892624186490634,0.76,0.002,False,False,True,False,False,True,False,False
0,0.5394221351616063,0.8,0.4851301115241636,0,0.5714285714285714,0.9999999999999999,0.0,0.927,False,True,False,False,False,False,False,True
0,0.5,0.5,0.5,0,0.13298214285714285,0.9999999999999999,0.0,0.0,False,True,False,False,False,False,True,False
0,0.33080313418217433,0.7055555555555555,0.2639405204460966,1,0.44285714285714284,0.9999999999999999,0.0,0.0,False,True,False,False,True,False,False,False
1,0.49779627815866795,0.4777777777777778,0.8029739776951673,1,0.4303571428571429,0.9999999999999999,0.35,0.971,False,False,True,False,True,False,False,False
1,0.7426542605288933,0.27222222222222225,0.7225836431226766,1,0.0,0.9999999999999999,0.0,0.0,False,False,True,False,False,True,False,False
0,0.43119490695396673,0.5555555555555556,0.262546468401487,1,0.42142857142857143,0.47991823725507976,0.48,0.385,False,False,True,False,True,False,False,False
1,0.4755142017629775,0.5444444444444444,0.4711895910780669,0,0.4178571428571428,0.9999999999999999,0.15,0.438,False,True,False,False,False,False,False,True
0,0.43119490695396673,0.5555555555555556,0.262546468401487,1,0.1368035714285714,0.9999999999999999,0.42,0.006,False,False,True,False,True,False,False,False
1,0.0,0.55,0.22630111524163565,0,0.0,0.9999999999999999,0.0,0.0,False,False,True,False,True,False,False,False
0,0.5342801175318316,0.5,0.520910780669145,0,0.08499999999999999,0.46891355777306876,0.27,0.109,False,False,False,True,True,False,False,False
0,0.5465230166503428,0.4277777777777778,0.6473048327137547,0,0.3383928571428571,0.9999999999999999,0.6,0.149,True,False,False,False,False,False,True,False
1,0.056317335945151814,0.5722222222222222,0.23698884758364308,0,0.6428571428571428,0.9999999999999999,0.0,0.0,False,False,False,True,True,False,False,False
1,0.4534769833496572,0.5722222222222222,0.35269516728624534,0,0.49642857142857144,0.5629020154362668,0.19,0.974,False,False,True,False,True,False,False,False
0,0.5,0.5,0.5,0,0.09044642857142857,0.9999999999999999,0.0,0.0,False,True,False,False,False,False,False,True
0,0.5,0.5,0.5,0,0.16469642857142858,0.3981839557589182,0.0,0.0,False,True,False,False,False,False,False,True
0,0.5,0.5,0.5,0,0.26375,0.9999999999999999,0.0,0.0,False,False,False,True,False,True,False,False
0,0.568560235063663,0.6333333333333333,0.49814126394052044,0,0.15662500000000001,0.4720372970018547,0.61,0.0,False,True,False,False,False,False,False,True
0,0.5465230166503428,0.4277777777777778,0.6473048327137547,0,0.36607142857142855,0.5475497638453953,0.09,0.007,True,False,False,False,False,False,True,False
1,0.1398139079333986,0.6944444444444444,0.3503717472118959,1,0.5035714285714286,0.9999999999999999,0.0,0.0,False,False,True,False,False,False,False,True
1,0.49779627815866795,0.4777777777777778,0.8029739776951673,1,0.4678571428571428,0.9999999999999999,0.0,1.0,False,False,True,False,True,False,False,False
0,0.5832517140058766,0.4444444444444444,0.4767657992565056,0,0.13966071428571428,0.5785076370022347,0.17,0.0,False,True,False,False,False,False,False,True
1,0.46057786483839375,0.2,0.5148698884758364,0,0.5535714285714285,0.9999999999999999,0.0,0.997,False,False,False,True,False,True,False,False
0,0.45592556317335947,0.6055555555555555,0.5111524163568774,0,0.00010714285714285714,0.9999999999999999,1.0,0.0,True,False,False,False,False,False,False,True
1,0.5832517140058766,0.4444444444444444,0.4767657992565056,0,0.5535714285714285,0.38216985967613004,0.0,0.993,False,True,False,False,False,False,False,True
0,0.4265426052889324,0.6388888888888888,0.5185873605947956,0,0.49821428571428567,0.4343973156051636,0.0,0.998,True,False,False,False,False,False,True,False
1,0.6838883447600392,0.4777777777777778,0.7774163568773234,0,0.11653571428571427,0.9999999999999999,0.0,0.0,False,False,False,True,False,False,True,False
1,0.46057786483839375,0.2,0.5148698884758364,0,0.4821428571428571,0.9999999999999999,0.0,1.0,False,False,False,True,False,True,False,False
1,0.35308521057786485,0.711111111111111,0.4725836431226766,0,0.48571428571428565,0.5966229902288503,0.0,1.0,True,False,False,False,False,False,True,False
0,0.5,0.5,0.5,0,0.22017857142857142,0.5964601822071848,0.0,0.0,False,False,False,True,False,True,False,False
0,0.3237022526934378,0.6722222222222223,0.6277881040892193,1,0.45535714285714285,0.9999999999999999,0.03,0.25,True,False,False,False,False,False,True,False
0,0.5,0.5,0.5,0,0.11023214285714285,0.9999999999999999,0.0,0.0,True,False,False,False,False,False,True,False
0,0.5,0.5,0.5,0,0.3625,0.9999999999999999,0.04,0.627,False,False,False,True,False,True,False,False
1,0.4314397649363369,0.5333333333333333,0.4526022304832714,0,0.4321428571428571,0.9999999999999999,0.0,0.285,False,False,True,False,True,False,False,False
1,0.0734573947110676,0.75,0.0,1,0.4803571428571428,0.9999999999999999,0.04,0.977,False,True,False,False,False,False,False,True
0,0.4755142017629775,0.5444444444444444,0.4711895910780669,0,1.7857142857142855e-05,0.9999999999999999,0.24,0.003,False,True,False,False,False,False,False,True
1,0.37022526934378064,0.8888888888888888,0.23559479553903345,1,0.625,0.9999999999999999,0.03,0.95,False,True,False,False,False,False,False,True
1,0.1398139079333986,0.6944444444444444,0.3503717472118959,1,0.4464285714285714,0.9999999999999999,0.01,0.391,False,False,True,False,False,False,False,True
1,0.44123408423114596,0.8888888888888888,0.42518587360594795,1,0.5,0.9999999999999999,0.01,0.991,True,False,False,False,False,False,False,True
1,0.14226248775710088,0.6944444444444444,0.23745353159851296,0,0.2405357142857143,0.9999999999999999,0.01,0.295,False,True,False,False,False,False,False,True
0,0.5,0.5,0.5,0,0.00042857142857142855,0.5965920477759918,0.0,0.0,True,False,False,False,False,False,True,False
1,0.0734573947110676,0.75,0.0,1,0.6428571428571428,0.5627811396226313,0.0,0.0,False,True,False,False,False,False,False,True
1,0.6471596474045054,0.7,0.49070631970260226,0,0.4035714285714286,0.9999999999999999,0.34,0.023,False,True,False,False,False,False,False,True
0,0.5,0.5,0.5,0,0.002428571428571429,0.32683042532941486,0.0,0.0,True,False,False,False,False,False,True,False
1,0.5394221351616063,0.8,0.4851301115241636,0,0.5535714285714285,0.9999999999999999,0.0,0.939,False,True,False,False,False,False,False,True
1,0.5345249755142018,0.47777777777777775,0.5009293680297398,0,0.41428571428571426,0.9999999999999999,0.02,0.096,False,False,True,False,False,True,False,False
1,0.17874632713026445,0.2888888888888889,0.22211895910780666,0,0.6428571428571428,0.9999999999999999,0.0,0.0,False,False,False,True,False,False,True,False
1,0.14226248775710088,0.6944444444444444,0.23745353159851296,0,0.06144642857142857,0.9999999999999999,0.18,0.087,False,True,False,False,False,False,False,True
1,0.5636630754162586,0.3111111111111111,0.5139405204460966,0,0.5535714285714285,0.9999999999999999,0.0,0.989,False,False,True,False,False,True,False,False
0,0.5342801175318316,0.5,0.520910780669145,0,0.13857142857142857,0.3187261314264137,1.0,0.004,False,False,False,True,True,False,False,False
1,0.5688050930460333,0.4444444444444444,0.737453531598513,1,0.4928571428571429,0.9999999999999999,0.0,1.0,True,False,False,False,False,False,True,False
0,0.5,0.5,0.5,0,0.3019642857142857,0.4362452682243345,0.0,0.0,False,True,False,False,False,False,False,True
1,0.49779627815866795,0.4777777777777778,0.8029739776951673,1,0.6964285714285714,0.9999999999999999,0.0,0.0,False,False,True,False,True,False,False,False
1,0.460822722820764,0.9277777777777778,0.6482342007434945,1,0.5125,0.9999999999999999,0.0,0.734,True,False,False,False,False,False,False,True
0,0.5,0.5,0.5,0,0.14810714285714285,0.9999999999999999,0.0,0.0,False,True,False,False,True,False,False,False
1,0.5636630754162586,0.3111111111111111,0.5139405204460966,0,0.4821428571428571,0.5812726537535597,0.04,0.906,False,False,True,False,False,True,False,False
1,0.5,0.5,0.5,0,0.19839285714285712,0.9999999999999999,0.0,0.0,False,False,True,False,True,False,False,False
1,0.5296278158667973,0.7888888888888889,0.5195167286245354,0,0.5892857142857143,0.9999999999999999,0.0,1.0,False,True,False,False,False,False,False,True
0,0.4534769833496572,0.5722222222222222,0.35269516728624534,0,0.5142857142857142,0.9999999999999999,0.07,0.97,False,False,True,False,True,False,False,False
1,0.568560235063663,0.4666666666666667,0.5473977695167286,0,0.42321428571428565,0.9999999999999999,0.0,0.0,True,False,False,False,False,False,True,False
1,0.17874632713026445,0.2888888888888889,0.22211895910780666,0,0.8214285714285714,0.9999999999999999,0.0,0.0,False,False,False,True,True,False,False,False
0,0.5,0.5,0.5,0,0.31910714285714287,0.9999999999999999,0.0,0.0,False,False,True,False,True,False,False,False
1,0.38222331047992164,0.37777777777777777,0.3657063197026022,1,0.47857142857142854,0.9999999999999999,0.0,1.0,False,False,False,True,False,False,True,False
0,0.5734573947110676,0.4777777777777778,0.4865241635687732,0,0.5017857142857143,0.9999999999999999,0.0,0.993,False,False,True,False,True,False,False,False
0,0.5,0.5,0.5,0,0.15228571428571427,0.5628571255689709,0.0,0.0,False,False,False,True,False,True,False,False
1,0.1398139079333986,0.6944444444444444,0.3503717472118959,1,0.01007142857142857,0.5959158824446856,0.31,0.017,False,False,True,False,False,False,False,True
0,0.5639079333986288,0.7555555555555555,0.5139405204460967,0,0.41428571428571426,0.5628815224175212,0.16,0.003,False,True,False,False,False,False,False,True
0,0.5,0.5,0.5,0,0.4125,0.9999999999999999,0.25,0.742,False,True,False,False,False,False,False,True
1,0.6469147894221352,0.2888888888888889,0.5274163568773235,0,0.4321428571428571,0.9999999999999999,0.38,0.987,False,False,True,False,True,False,False,False
0,0.5,0.5,0.5,0,0.21857142857142856,0.9999999999999999,0.0,0.0,True,False,False,False,False,False,True,False
0,0.5785994123408423,0.37222222222222223,0.48977695167286245,0,0.48571428571428565,0.9999999999999999,0.02,0.729,False,False,True,False,True,False,False,False
0,0.5,0.5,0.5,0,0.18803571428571425,0.2757318442097211,0.0,0.0,False,False,True,False,True,False,False,False
0,0.5,0.5,0.5,0,0.23089285714285712,0.9999999999999999,0.0,0.0,False,False,True,False,True,False,False,False
0,0.5,0.4611111111111111,0.4981412639405205,0,0.5107142857142857,0.9999999999999999,0.01,0.965,True,False,False,False,False,True,False,False
0,0.5,0.5,0.5,0,0.2576785714285714,0.9999999999999999,0.0,0.0,True,False,False,False,False,False,True,False
0,0.4534769833496572,0.5722222222222222,0.35269516728624534,0,0.5107142857142857,0.41028330054128515,0.0,0.0,False,False,True,False,True,False,False,False
0,0.5,0.5,0.5,0,0.21107142857142858,0.9999999999999999,0.0,0.0,False,False,True,False,True,False,False,False
1,0.14201762977473065,0.7166666666666667,0.04739776951672858,1,0.4303571428571429,0.9999999999999999,0.0,0.0,True,False,False,False,False,False,False,True
0,0.3947110675808031,0.9611111111111111,0.27788104089219334,1,0.5196428571428572,0.596409362904437,0.12,0.987,False,False,True,False,False,False,False,True
0,0.5,0.5,0.5,0,0.22982142857142854,0.5966188308101079,0.38,0.007,False,True,False,False,False,False,False,True
1,0.0734573947110676,0.75,0.0,1,0.6607142857142857,0.5965327861649499,0.0,0.0,False,True,False,False,False,False,False,True
0,0.4265426052889324,0.6388888888888888,0.5185873605947956,0,0.3546428571428571,0.9999999999999999,0.01,0.949,True,False,False,False,False,False,True,False
0,0.556562193927522,0.5166666666666666,0.6013011152416357,1,0.41607142857142854,0.9999999999999999,0.02,0.959,True,False,False,False,False,True,False,False
0,0.5345249755142018,0.4777777777777778,0.7012081784386617,1,0.44285714285714284,0.5963742956368474,0.07,0.9,False,True,False,False,False,False,True,False
0,0.5,0.5,0.5,0,0.22607142857142856,0.9999999999999999,0.0,0.0,False,True,False,False,False,False,True,False
0,0.5,0.5,0.5,0,0.004892857142857143,0.9999999999999999,0.11,0.148,False,True,False,False,False,False,False,True
1,0.6762977473065622,0.3277777777777778,0.3722118959107807,1,0.6071428571428571,0.9999999999999999,0.0,1.0,False,False,True,False,True,False,False,False
1,0.1398139079333986,0.6944444444444444,0.3503717472118959,1,0.46964285714285714,0.9999999999999999,0.0,0.919,False,False,True,False,False,False,False,True
0,0.45592556317335947,0.6055555555555555,0.5111524163568774,0,0.4267857142857142,0.532942170131563,0.02,0.986,True,False,False,False,False,False,False,True
1,0.24265426052889322,0.5444444444444444,0.23605947955390333,0,0.5232142857142857,0.9999999999999999,0.0,0.0,False,True,False,False,False,False,True,False
0,0.6128795298726739,0.6611111111111111,0.45817843866171004,0,0.5053571428571428,0.5965672346499798,0.0,1.0,False,False,True,False,False,False,False,True
0,0.46547502448579825,0.48333333333333334,0.4972118959107807,0,0.0001964285714285714,0.36446762999708315,0.82,0.033,True,False,False,False,False,False,True,False
0,0.5,0.5,0.5,0,0.3271428571428571,0.9999999999999999,0.16,0.693,False,False,False,True,False,True,False,False
1,0.6691968658178257,0.29444444444444445,0.7360594795539034,1,0.47142857142857136,0.9999999999999999,0.0,0.999,False,True,False,False,False,False,True,False
0,0.5,0.5,0.5,0,0.2414285714285714,0.5277951640786759,0.0,0.0,False,False,True,False,True,False,False,False
1,0.4265426052889324,0.30000000000000004,0.7263011152416357,1,0.4732142857142857,0.9999999999999999,0.0,1.0,False,False,False,True,False,True,False,False
1,0.1398139079333986,0.6944444444444444,0.3503717472118959,1,0.4732142857142857,0.5899862277766197,0.13,0.825,False,False,True,False,False,False,False,True
0,0.4975514201762977,0.5,0.6226765799256506,1,0.5303571428571429,0.9999999999999999,0.0,0.999,False,False,True,False,True,False,False,False
1,0.6052889324191969,0.03888888888888886,0.7221189591078067,1,0.475,0.9999999999999999,0.0,0.996,False,False,False,True,False,False,True,False
0,0.5,0.5,0.5,0,0.017124999999999998,0.9999999999999999,0.84,0.001,False,False,False,True,False,True,False,False
1,0.4755142017629775,0.5444444444444444,0.4711895910780669,0,0.5714285714285714,0.9999999999999999,0.0,1.0,False,True,False,False,False,False,False,True
1,0.5636630754162586,0.3111111111111111,0.5139405204460966,0,0.44999999999999996,0.5965847125300037,0.55,0.949,False,False,True,False,False,True,False,False
1,0.0734573947110676,0.75,0.0,1,0.5017857142857143,0.9999999999999999,0.08,0.764,False,True,False,False,False,False,False,True
1,0.5,0.5388888888888889,0.5018587360594795,0,0.47857142857142854,0.9999999999999999,0.02,0.937,False,True,False,False,True,False,False,False
1,0.568560235063663,0.6333333333333333,0.49814126394052044,0,0.5535714285714285,0.9999999999999999,0.0,0.998,False,True,False,False,False,False,False,True
0,0.5,0.5,0.5,0,0.0,0.9999999999999999,0.0,0.0,False,True,False,False,False,False,False,True
0,0.5,0.5,0.5,0,0.007589285714285713,0.9999999999999999,0.0,0.0,True,False,False,False,False,False,True,False
1,0.6202252693437806,0.6222222222222222,0.5116171003717472,0,0.0,0.9999999999999999,0.0,0.0,True,False,False,False,False,False,False,True
1,0.0,0.55,0.22630111524163565,0,0.23839285714285713,0.56283970673342,0.25,0.717,False,False,True,False,True,False,False,False
0,0.5,0.5,0.5,0,0.3092857142857143,0.9999999999999999,0.0,0.0,False,False,True,False,True,False,False,False
0,0.5,0.5,0.5,0,0.11735714285714285,0.5965839790662089,0.0,0.0,True,False,False,False,False,False,True,False
1,0.14226248775710088,0.6944444444444444,0.23745353159851296,0,0.7321428571428571,0.9999999999999999,0.0,0.0,False,True,False,False,False,False,False,True
1,0.6469147894221352,0.2888888888888889,0.5274163568773235,0,0.5892857142857143,0.9999999999999999,0.0,0.989,False,False,True,False,True,False,False,False
0,0.5,0.5,0.5,0,0.2982142857142857,0.5628559641192841,0.0,0.0,True,False,False,False,False,False,True,False
0,0.5024485798237023,0.5,0.37732342007434944,1,0.00844642857142857,0.23255515403905513,0.17,0.261,True,False,False,False,False,False,True,False
1,0.056317335945151814,0.5722222222222222,0.23698884758364308,0,0.625,0.9999999999999999,0.0,0.0,False,True,False,False,True,False,False,False
1,0.4265426052889324,0.30000000000000004,0.7263011152416357,1,0.48392857142857143,0.9999999999999999,0.0,0.999,False,False,False,True,False,True,False,False
0,0.5,0.5,0.5,0,0.27785714285714286,0.9999999999999999,0.03,0.373,False,True,False,False,False,False,False,True
1,0.35798237022526935,0.6722222222222223,0.6486988847583643,1,0.0,0.9999999999999999,0.0,0.0,True,False,False,False,False,False,True,False
1,0.3528403525954946,0.30000000000000004,0.5092936802973977,0,0.5035714285714286,0.9999999999999999,0.0,1.0,False,False,False,True,False,True,False,False
1,0.4265426052889324,0.30000000000000004,0.7263011152416357,1,0.47857142857142854,0.9999999999999999,0.03,0.971,False,False,False,True,False,True,False,False
0,0.4265426052889324,0.6388888888888888,0.5185873605947956,0,0.2982142857142857,0.36610919550866095,0.1,0.0,True,False,False,False,False,False,True,False
0,0.5,0.5,0.5,0,0.09358928571428571,0.5018445209699414,0.0,0.0,False,False,True,False,True,False,False,False
0,0.46547502448579825,0.5222222222222223,0.4990706319702602,0,0.40892857142857136,0.9999999999999999,0.07,0.632,False,True,False,False,False,False,True,False
1,0.5394221351616063,0.6833333333333333,0.47165427509293684,0,0.33339285714285716,0.9999999999999999,0.16,0.029,True,False,False,False,False,False,False,True
0,0.5,0.5,0.5,0,5.357142857142857e-05,0.9999999999999999,0.23,0.023,False,True,False,False,False,False,False,True
0,0.6202252693437806,0.6222222222222222,0.5116171003717472,0,0.43571428571428567,0.44847417161633263,0.02,0.885,True,False,False,False,False,False,False,True
0,0.46547502448579825,0.5222222222222223,0.4990706319702602,0,0.21875,0.5475453007926835,0.03,0.364,False,False,False,True,False,False,True,False
0,0.5,0.5,0.5,0,0.055410714285714285,0.5965397471906453,0.0,0.0,False,False,False,True,False,True,False,False
0,0.5,0.5,0.5,0,0.12358928571428571,0.9999999999999999,0.65,0.01,False,True,False,False,False,False,False,True
1,0.0,0.55,0.22630111524163565,0,0.8035714285714285,0.596625314764758,0.0,0.0,False,False,True,False,True,False,False,False
0,0.37022526934378064,0.8888888888888888,0.23559479553903345,1,0.4125,0.46923749659725306,0.05,0.012,False,True,False,False,False,False,False,True
1,0.35798237022526935,0.6722222222222223,0.6486988847583643,1,0.46964285714285714,0.9999999999999999,0.05,0.812,True,False,False,False,False,False,True,False
1,0.14226248775710088,0.6944444444444444,0.23745353159851296,0,0.0,0.9999999999999999,0.0,0.0,False,True,False,False,False,False,False,True
1,0.4265426052889324,0.30000000000000004,0.7263011152416357,1,0.5178571428571428,0.9999999999999999,0.0,0.842,False,False,False,True,False,True,False,False
0,0.7426542605288933,0.27222222222222225,0.7225836431226766,1,0.47142857142857136,0.5966017075363682,0.08,0.986,False,False,True,False,False,True,False,False
1,0.5636630754162586,0.3111111111111111,0.5139405204460966,0,0.4589285714285714,0.9999999999999999,0.0,0.975,False,False,True,False,False,True,False,False
1,0.14226248775710088,0.6944444444444444,0.23745353159851296,0,0.42857142857142855,0.9999999999999999,0.08,0.898,False,True,False,False,False,False,False,True
1,0.4314397649363369,0.36666666666666664,0.5018587360594795,0,0.5892857142857143,0.5093873496495004,0.0,0.999,False,False,False,True,False,True,False,False
0,0.5,0.5,0.5,0,0.14198214285714283,0.9999999999999999,0.0,0.0,True,False,False,False,False,False,True,False
1,0.5345249755142018,0.4777777777777778,0.7012081784386617,1,0.41428571428571426,0.5430624448162259,0.29,0.95,False,True,False,False,True,False,False,False
1,0.17874632713026445,0.2888888888888889,0.22211895910780666,0,0.6428571428571428,0.9999999999999999,0.0,0.0,False,False,False,True,True,False,False,False
0,0.43119490695396673,0.5555555555555556,0.262546468401487,1,0.4660714285714286,0.432761500945096,0.1,0.476,False,False,True,False,True,False,False,False
0,0.568560235063663,0.6333333333333333,0.49814126394052044,0,0.40892857142857136,0.38043237198709645,0.07,0.08,False,True,False,False,False,False,False,True
0,0.5,0.5,0.5,0,0.2026785714285714,0.9999999999999999,0.0,0.0,False,False,True,False,True,False,False,False
1,0.14201762977473065,0.7166666666666667,0.04739776951672858,1,0.4303571428571429,0.9999999999999999,0.3,0.998,True,False,False,False,False,False,False,True
1,0.6762977473065622,0.3277777777777778,0.3722118959107807,1,0.5535714285714285,0.9999999999999999,0.0,0.998,False,False,True,False,True,False,False,False
0,0.5,0.5,0.5,0,0.18839285714285714,0.3826988807821742,0.0,0.0,False,True,False,False,False,False,False,True
1,0.6469147894221352,0.2888888888888889,0.5274163568773235,0,0.0,0.9999999999999999,0.0,0.0,False,False,True,False,True,False,False,False
1,0.056317335945151814,0.5722222222222222,0.23698884758364308,0,0.4821428571428571,0.9999999999999999,0.0,0.0,False,True,False,False,True,False,False,False
0,0.5,0.5,0.5,0,0.16285714285714284,0.9999999999999999,0.0,0.0,False,True,False,False,False,False,False,True
1,0.6469147894221352,0.2888888888888889,0.5274163568773235,0,0.4821428571428571,0.9999999999999999,0.0,1.0,False,False,True,False,True,False,False,False
0,0.5,0.5,0.5,0,0.120625,0.5695529052068035,0.0,0.0,False,True,False,False,False,False,False,True
1,0.1398139079333986,0.6944444444444444,0.3503717472118959,1,0.3767857142857143,0.9999999999999999,0.16,0.032,False,False,True,False,False,False,False,True
1,0.5734573947110676,0.4777777777777778,0.4865241635687732,0,0.4821428571428571,0.9999999999999999,0.0,0.995,False,False,True,False,True,False,False,False
1,0.5734573947110676,0.7,0.2736988847583643,1,0.5,0.9999999999999999,0.0,0.997,False,True,False,False,False,False,False,True
0,0.5,0.5,0.5,0,0.11276785714285714,0.9999999999999999,0.0,0.0,False,True,False,False,False,False,False,True
0,0.5,0.5,0.5,0,0.475,0.9999999999999999,0.0,0.885,False,False,True,False,True,False,False,False
1,0.0734573947110676,0.75,0.0,1,0.6785714285714285,0.59652973339759,0.0,0.0,False,True,False,False,False,False,False,True
0,0.5,0.5,0.5,0,0.0,0.9999999999999999,0.0,0.0,True,False,False,False,False,False,True,False
0,0.5,0.5,0.5,0,0.11189285714285714,0.9999999999999999,0.0,0.0,False,True,False,False,False,False,False,True
1,0.14226248775710088,0.6944444444444444,0.23745353159851296,0,0.118125,0.9999999999999999,0.9,0.248,False,True,False,False,False,False,False,True
0,0.4975514201762977,0.5,0.6226765799256506,1,0.4946428571428571,0.9999999999999999,0.0,0.975,False,False,True,False,True,False,False,False
0,0.5,0.5,0.5,0,0.28214285714285714,0.9999999999999999,0.01,0.896,True,False,False,False,False,False,True,False
0,0.6177766895200784,0.6222222222222222,0.6342936802973977,1,0.44107142857142856,0.47988144261498544,0.01,0.953,False,False,True,False,False,False,False,True
0,0.5,0.5,0.5,0,0.0003928571428571428,0.9999999999999999,0.0,0.0,True,False,False,False,False,False,True,False
1,0.14226248775710088,0.6944444444444444,0.23745353159851296,0,0.25482142857142853,0.9999999999999999,0.19,0.917,False,True,False,False,False,False,False,True
1,0.5465230166503428,0.4277777777777778,0.6473048327137547,0,0.47142857142857136,0.5963843992370984,0.0,1.0,True,False,False,False,False,False,True,False
1,0.4387855044074437,0.8555555555555556,0.266728624535316,1,0.4125,0.9999999999999999,0.17,0.022,False,False,True,False,False,False,False,True
0,0.4755142017629775,0.5444444444444444,0.4711895910780669,0,0.18125,0.5812780088078626,0.39,0.233,False,True,False,False,False,False,False,True
1,0.0734573947110676,0.75,0.0,1,0.6964285714285714,0.5966002401074878,0.0,0.0,False,True,False,False,False,False,False,True
1,0.4262977473065622,0.3555555555555556,0.4934944237918215,0,0.0,0.9999999999999999,0.0,0.0,False,False,False,True,False,True,False,False
1,0.17874632713026445,0.2888888888888889,0.22211895910780666,0,0.625,0.9999999999999999,0.0,0.0,False,False,False,True,False,False,True,False
0,0.5,0.5,0.5,0,0.6428571428571428,0.5628578591304234,0.0,0.0,False,True,False,False,False,False,False,True
1,0.6469147894221352,0.2888888888888889,0.5274163568773235,0,0.4607142857142857,0.9999999999999999,0.0,0.999,False,False,True,False,True,False,False,False
1,0.056317335945151814,0.5722222222222222,0.23698884758364308,0,0.07716071428571428,0.5628780364045654,0.0,0.0,False,True,False,False,False,False,True,False
0,0.5734573947110676,0.7,0.2736988847583643,1,0.5892857142857143,0.4120014482566644,0.0,0.959,False,True,False,False,False,False,False,True
0,0.5,0.5,0.5,0,0.06673214285714285,0.9999999999999999,0.0,0.0,False,False,True,False,True,False,False,False
1,0.6420176297747306,0.3277777777777778,0.35130111524163565,1,0.5714285714285714,0.9999999999999999,0.0,1.0,False,False,True,False,True,False,False,False
0,0.5,0.5,0.5,0,0.18732142857142856,0.5431732783723339,0.0,0.0,False,True,False,False,True,False,False,False
0,0.5,0.5,0.5,0,0.008857142857142857,0.9999999999999999,0.0,0.0,True,False,False,False,False,False,True,False
0,0.5,0.5,0.5,0,0.25107142857142856,0.9999999999999999,0.0,0.0,False,True,False,False,False,False,True,False
0,0.5,0.5,0.5,0,0.12973214285714285,0.9999999999999999,0.0,0.0,False,False,False,True,False,False,True,False
0,0.5832517140058766,0.4444444444444444,0.4767657992565056,0,0.13217857142857142,0.9999999999999999,0.0,0.0,False,False,True,False,False,True,False,False
0,0.2573457394711067,0.7277777777777777,0.2774163568773234,1,0.75,0.9999999999999999,0.0,0.0,True,False,False,False,False,False,True,False
1,0.24265426052889322,0.5444444444444444,0.23605947955390333,0,0.6607142857142857,0.9999999999999999,0.0,0.0,False,True,False,False,True,False,False,False
0,0.502203721841332,0.5222222222222223,0.19702602230483268,1,0.012624999999999999,0.48448639247326597,0.09,0.007,True,False,False,False,False,False,True,False
0,0.5688050930460333,0.4444444444444444,0.737453531598513,1,0.2598214285714286,0.9999999999999999,0.1,0.049,True,False,False,False,False,False,True,False
1,0.35798237022526935,0.6722222222222223,0.6486988847583643,1,0.44999999999999996,0.9999999999999999,0.0,1.0,True,False,False,False,False,False,True,False
1,0.6420176297747306,0.3277777777777778,0.35130111524163565,1,0.0,0.9999999999999999,0.0,0.0,False,False,True,False,True,False,False,False
1,0.0,0.55,0.22630111524163565,0,0.9107142857142857,0.5628818893807797,0.0,0.0,False,False,True,False,True,False,False,False
1,0.1398139079333986,0.6944444444444444,0.3503717472118959,1,0.12326785714285712,0.9999999999999999,0.3,0.108,False,False,True,False,False,False,False,True
1,0.6420176297747306,0.3277777777777778,0.35130111524163565,1,0.4946428571428571,0.9999999999999999,0.0,1.0,False,False,True,False,True,False,False,False
0,0.6420176297747306,0.2055555555555556,0.370817843866171,1,0.26625,0.21493760903429712,0.93,0.009,False,True,False,False,True,False,False,False
0,0.566356513222331,0.3222222222222222,0.6923791821561338,1,0.3964285714285714,0.9999999999999999,0.04,0.838,False,True,False,False,True,False,False,False
1,0.49779627815866795,0.4777777777777778,0.8029739776951673,1,0.6071428571428571,0.9999999999999999,0.03,0.925,False,False,True,False,True,False,False,False
1,0.5,0.5,0.5,0,0.14758928571428573,0.5965959603592975,0.0,0.0,True,False,False,False,False,False,True,False
1,0.14226248775710088,0.6944444444444444,0.23745353159851296,0,0.6785714285714285,0.9999999999999999,0.0,0.0,False,True,False,False,False,False,False,True
1,0.1398139079333986,0.6944444444444444,0.3503717472118959,1,0.6071428571428571,0.9999999999999999,0.0,0.992,False,False,True,False,False,False,False,True
0,0.556562193927522,0.5166666666666666,0.6013011152416357,1,0.42321428571428565,0.5182627403594342,0.0,0.8,True,False,False,False,False,True,False,False
1,0.46057786483839375,0.2,0.5148698884758364,0,0.49821428571428567,0.5966199317981207,0.0,0.992,False,False,False,True,False,True,False,False
1,0.4534769833496572,0.5722222222222222,0.35269516728624534,0,0.49642857142857144,0.509419145034902,0.14,0.939,False,False,True,False,True,False,False,False
1,0.45592556317335947,0.6055555555555555,0.5111524163568774,0,0.1423392857142857,0.9999999999999999,0.0,0.0,True,False,False,False,False,False,False,True
0,0.460822722820764,0.6444444444444444,0.5148698884758365,0,0.2005357142857143,0.9999999999999999,0.21,0.019,False,False,False,True,False,False,True,False
0,0.4755142017629775,0.5444444444444444,0.4711895910780669,0,0.46428571428571425,0.9999999999999999,0.02,0.975,False,True,False,False,False,False,False,True
1,0.5,0.5,0.5,0,0.22892857142857143,0.9999999999999999,0.0,0.0,False,False,True,False,True,False,False,False
1,0.4975514201762977,0.5,0.6226765799256506,1,0.5714285714285714,0.9999999999999999,0.0,0.98,False,False,True,False,True,False,False,False
1,0.14226248775710088,0.6944444444444444,0.23745353159851296,0,0.44999999999999996,0.9999999999999999,0.07,0.988,False,True,False,False,False,False,False,True
0,0.568560235063663,0.4666666666666667,0.5473977695167286,0,0.1819642857142857,0.13052123570923901,0.45,0.03,True,False,False,False,False,False,True,False
0,0.4534769833496572,0.5722222222222222,0.35269516728624534,0,0.07153571428571429,0.3998394173607609,0.22,0.0,False,False,True,False,True,False,False,False
1,0.4534769833496572,0.5722222222222222,0.35269516728624534,0,0.0,0.9999999999999999,0.0,0.0,False,False,True,False,True,False,False,False
0,0.2573457394711067,0.7277777777777777,0.2774163568773234,1,0.3380357142857143,0.29967936779391513,0.15,0.002,False,True,False,False,False,False,True,False
1,0.6077375122428991,0.5166666666666666,0.5190520446096655,0,0.4446428571428571,0.9999999999999999,0.0,1.0,False,False,True,False,False,False,False,True
0,0.5,0.5,0.5,0,0.3196428571428571,0.9999999999999999,0.1,0.024,False,False,False,True,False,True,False,False
0,0.5,0.5,0.5,0,8.928571428571429e-05,0.9999999999999999,0.0,0.0,True,False,False,False,False,False,True,False
1,0.3136630754162586,0.5277777777777778,0.5009293680297398,0,0.5,0.9999999999999999,0.0,0.999,True,False,False,False,False,True,False,False
1,0.4975514201762977,0.5,0.6226765799256506,1,0.5892857142857143,0.9999999999999999,0.0,0.999,False,False,True,False,True,False,False,False
1,0.4926542605288932,0.1777777777777778,0.6858736059479554,1,0.4178571428571428,0.9999999999999999,0.03,0.196,False,False,False,True,True,False,False,False
1,0.45592556317335947,0.6444444444444444,0.5130111524163569,0,0.4607142857142857,0.9999999999999999,0.0,0.838,False,False,True,False,True,False,False,False
0,0.4338883447600392,0.65,0.512546468401487,0,0.3892857142857143,0.47432909655063954,0.09,0.292,True,False,False,False,False,False,True,False
1,0.056317335945151814,0.5722222222222222,0.23698884758364308,0,0.625,0.9999999999999999,0.0,0.0,False,True,False,False,True,False,False,False
1,0.0734573947110676,0.75,0.0,1,0.7142857142857142,0.4954214013911873,0.0,0.0,False,True,False,False,False,False,False,True
1,0.46547502448579825,0.5222222222222223,0.4990706319702602,0,0.4803571428571428,0.5628036054259927,0.03,0.472,False,True,False,False,False,False,True,False
0,0.6447110675808031,0.3388888888888889,0.7072490706319703,1,0.4535714285714285,0.46298625218989015,0.01,0.987,False,True,False,False,False,False,True,False
0,0.5,0.5,0.5,0,0.16408928571428572,0.9999999999999999,0.0,0.0,False,True,False,False,False,False,False,True
0,0.5,0.5,0.5,0,3.571428571428571e-05,0.9999999999999999,0.0,0.0,False,False,False,True,False,True,False,False
1,0.4755142017629775,0.5444444444444444,0.4711895910780669,0,0.03603571428571428,0.9999999999999999,1.0,0.01,False,True,False,False,False,False,False,True
1,0.0734573947110676,0.75,0.0,1,0.36607142857142855,0.5627989648994048,0.0,0.0,False,True,False,False,False,False,False,True
1,0.43119490695396673,0.5555555555555556,0.262546468401487,1,0.6071428571428571,0.47569957628497817,0.0,0.986,False,False,True,False,True,False,False,False
0,0.46547502448579825,0.48333333333333334,0.4972118959107807,0,1.7857142857142855e-05,0.9999999999999999,0.7,0.023,True,False,False,False,False,False,True,False
0,0.5,0.5,0.5,0,0.21107142857142858,0.9999999999999999,0.0,0.0,False,False,True,False,False,True,False,False
0,0.5,0.5,0.5,0,0.25,0.9999999999999999,0.0,0.0,False,False,True,False,True,False,False,False
1,0.6420176297747306,0.3277777777777778,0.35130111524163565,1,0.6071428571428571,0.9999999999999999,0.0,0.991,False,False,True,False,True,False,False,False
1,0.24265426052889322,0.5444444444444444,0.23605947955390333,0,0.5339285714285714,0.9999999999999999,0.0,0.0,False,True,False,False,True,False,False,False
1,0.4534769833496572,0.5722222222222222,0.35269516728624534,0,0.5892857142857143,0.9999999999999999,0.05,0.979,False,False,True,False,True,False,False,False
0,0.4657198824681685,0.37777777777777777,0.4986059479553903,0,0.15662500000000001,0.4720372970018547,0.61,0.0,False,True,False,False,False,False,True,False
1,0.1398139079333986,0.6944444444444444,0.3503717472118959,1,0.8214285714285714,0.9999999999999999,0.0,0.0,False,False,True,False,False,False,False,True
0,0.5734573947110676,0.3611111111111111,0.48141263940520446,0,0.4303571428571429,0.9999999999999999,0.3,0.52,False,False,True,False,True,False,False,False
0,0.5,0.5,0.5,0,0.4821428571428571,0.9999999999999999,0.0,0.992,False,False,True,False,True,False,False,False
1,0.3528403525954946,0.30000000000000004,0.5092936802973977,0,0.475,0.9999999999999999,0.01,0.808,False,False,False,True,False,True,False,False
1,0.5024485798237023,0.5,0.3870817843866171,1,0.6785714285714285,0.9999999999999999,0.0,0.0,False,True,False,False,False,False,True,False
0,0.5,0.5,0.5,0,0.18785714285714283,0.9999999999999999,0.0,0.0,True,False,False,False,False,False,True,False
1,0.14201762977473065,0.7166666666666667,0.04739776951672858,1,0.75,0.9999999999999999,0.0,0.0,True,False,False,False,False,False,False,True
1,0.0,0.55,0.22630111524163565,0,0.6785714285714285,0.9999999999999999,0.0,0.0,False,False,True,False,True,False,False,False
1,0.24265426052889322,0.5444444444444444,0.23605947955390333,0,0.6071428571428571,0.9999999999999999,0.0,0.0,False,True,False,False,False,False,True,False
0,0.5734573947110676,0.4777777777777778,0.4865241635687732,0,0.4125,0.4755926249504563,0.61,0.079,False,False,True,False,True,False,False,False
1,0.056317335945151814,0.5722222222222222,0.23698884758364308,0,0.5892857142857143,0.9999999999999999,0.0,0.0,False,False,False,True,False,False,True,False
0,0.5,0.5,0.5,0,0.2596428571428571,0.9999999999999999,0.01,0.408,True,False,False,False,False,False,True,False
0,0.5,0.5,0.5,0,0.1994642857142857,0.9999999999999999,0.0,0.0,False,True,False,False,False,False,False,True
1,0.5981880509304603,0.4111111111111111,0.5599442379182156,1,0.44999999999999996,0.5965943708343927,0.05,0.991,False,True,False,False,True,False,False,False
0,0.5,0.5,0.5,0,0.15623214285714285,0.9999999999999999,0.0,0.0,False,False,True,False,True,False,False,False
1,0.14226248775710088,0.6944444444444444,0.23745353159851296,0,0.475,0.9999999999999999,0.0,0.0,False,True,False,False,False,False,False,True
0,0.5,0.5,0.5,0,0.1339642857142857,0.9999999999999999,0.0,0.0,False,False,False,True,False,True,False,False
0,0.4338883447600392,0.65,0.512546468401487,0,0.08439285714285714,0.5628691084575024,0.42,0.01,True,False,False,False,False,False,True,False
1,0.4975514201762977,0.5,0.6226765799256506,1,0.4392857142857143,0.9999999999999999,0.04,0.015,False,False,True,False,True,False,False,False
1,0.5636630754162586,0.3111111111111111,0.5139405204460966,0,0.46964285714285714,0.9999999999999999,0.04,0.575,False,False,True,False,False,True,False,False
1,0.42140058765915767,0.6277777777777778,0.5102230483271375,0,0.44107142857142856,0.9999999999999999,0.0,0.958,True,False,False,False,False,False,True,False
0,0.5,0.5,0.5,0,0.2133928571428571,0.4953163050659849,0.0,0.0,False,True,False,False,False,False,False,True
0,0.5,0.5,0.5,0,0.1743392857142857,0.07665970135485738,0.0,0.0,False,True,False,False,False,False,True,False
1,0.7426542605288933,0.27222222222222225,0.7225836431226766,1,0.46964285714285714,0.5431149777935292,0.01,0.978,False,False,True,False,False,True,False,False
0,0.5,0.5,0.5,0,0.14301785714285714,0.9999999999999999,0.05,0.099,False,False,True,False,True,False,False,False
0,0.5,0.5,0.5,0,0.00014285714285714284,0.5965354727586389,0.0,0.0,False,False,False,True,False,True,False,False
0,0.6202252693437806,0.6222222222222222,0.5116171003717472,0,0.42142857142857143,0.5052015802382158,0.01,0.508,True,False,False,False,False,False,False,True
0,0.37022526934378064,0.8888888888888888,0.23559479553903345,1,0.41428571428571426,0.5291743120705408,0.22,0.005,False,True,False,False,False,False,False,True
0,0.5,0.5,0.5,0,0.08660714285714284,0.9999999999999999,0.0,0.0,False,False,False,True,False,False,True,False
0,0.5,0.5,0.5,0,0.26339285714285715,0.9999999999999999,0.0,0.0,False,True,False,False,False,False,False,True
1,0.14226248775710088,0.6944444444444444,0.23745353159851296,0,0.00017857142857142857,0.9999999999999999,1.0,0.013,False,True,False,False,False,False,False,True
1,0.6420176297747306,0.3277777777777778,0.35130111524163565,1,0.4589285714285714,0.9999999999999999,0.0,0.999,False,False,True,False,True,False,False,False
1,0.17874632713026445,0.2888888888888889,0.22211895910780666,0,0.42321428571428565,0.9999999999999999,0.2,0.932,False,False,False,True,True,False,False,False
0,0.5,0.5,0.5,0,0.11649999999999999,0.529038042305943,0.0,0.0,False,True,False,False,False,False,False,True
0,0.5,0.5,0.5,0,0.0003392857142857143,0.9999999999999999,0.0,0.0,False,False,False,True,False,True,False,False
1,0.4240940254652302,0.6055555555555555,0.5302044609665427,0,0.0,0.9999999999999999,0.0,0.0,True,False,False,False,False,True,False,False
0,0.5394221351616063,0.8,0.4851301115241636,0,0.38749999999999996,0.9999999999999999,0.01,0.77,False,True,False,False,False,False,False,True
1,0.5737022526934378,0.6444444444444444,0.5065055762081785,0,0.5892857142857143,0.5628834184241404,0.0,0.996,False,True,False,False,False,False,False,True
0,0.43119490695396673,0.5555555555555556,0.262546468401487,1,0.5892857142857143,0.9999999999999999,0.01,0.672,False,False,True,False,True,False,False,False
0,0.5,0.5,0.5,0,0.11689285714285715,0.9999999999999999,0.0,0.0,False,False,False,True,True,False,False,False
0,0.46547502448579825,0.48333333333333334,0.4972118959107807,0,0.17551785714285714,0.9999999999999999,0.3,0.373,True,False,False,False,False,False,True,False
0,0.5,0.5,0.5,0,0.03483928571428571,0.4799286915620701,0.0,0.0,False,True,False,False,False,False,False,True
0,0.7426542605288933,0.27222222222222225,0.7225836431226766,1,0.425,0.5627551459580388,0.15,0.283,False,False,True,False,True,False,False,False
1,0.0,0.55,0.22630111524163565,0,0.8214285714285714,0.9999999999999999,0.0,0.0,False,False,True,False,True,False,False,False
1,0.5636630754162586,0.3111111111111111,0.5139405204460966,0,0.6071428571428571,0.5183048145856409,0.0,1.0,False,False,True,False,False,True,False,False
0,0.6028403525954946,0.7555555555555555,0.4995353159851301,0,0.6071428571428571,0.5965192333400275,0.04,0.969,False,False,True,False,False,False,False,True
0,0.4681684622918707,0.6555555555555556,0.5088289962825279,0,0.06217857142857143,0.5628152697557834,0.06,0.495,True,False,False,False,False,True,False,False
0,0.5,0.5,0.5,0,0.0009107142857142856,0.27575697480019346,0.0,0.0,True,False,False,False,False,False,True,False
0,0.14201762977473065,0.7166666666666667,0.04739776951672858,1,0.6785714285714285,0.23583148991605973,0.0,0.0,True,False,False,False,False,False,False,True
0,0.5394221351616063,0.8,0.4851301115241636,0,0.5107142857142857,0.9999999999999999,0.0,1.0,False,True,False,False,False,False,False,True
1,0.5832517140058766,0.4444444444444444,0.4767657992565056,0,0.0,0.9999999999999999,0.0,0.0,False,True,False,False,False,False,False,True
0,0.5639079333986288,0.7555555555555555,0.5139405204460967,0,0.4892857142857142,0.9999999999999999,0.0,0.0,False,True,False,False,False,False,False,True
1,0.24265426052889322,0.5444444444444444,0.23605947955390333,0,0.4589285714285714,0.9999999999999999,0.0,0.0,False,True,False,False,True,False,False,False
0,0.5,0.5,0.5,0,0.010499999999999999,0.9999999999999999,0.0,0.0,True,False,False,False,False,False,True,False
1,0.14226248775710088,0.6944444444444444,0.23745353159851296,0,0.23035714285714284,0.9999999999999999,0.9,0.002,False,True,False,False,False,False,False,True
0,0.5737022526934378,0.6444444444444444,0.5065055762081785,0,0.0720892857142857,0.9999999999999999,0.58,0.018,False,True,False,False,False,False,False,True
0,0.5,0.5,0.5,0,0.40178571428571425,0.9999999999999999,0.0,0.0,False,False,True,False,True,False,False,False
1,0.6028403525954946,0.7555555555555555,0.4995353159851301,0,0.4928571428571429,0.9999999999999999,0.0,0.999,False,False,True,False,False,False,False,True
0,0.5,0.5,0.5,0,0.19624999999999998,0.9999999999999999,0.46,0.009,False,True,False,False,False,False,False,True
1,0.37022526934378064,0.8888888888888888,0.23559479553903345,1,0.6071428571428571,0.5628598153483549,0.0,0.956,False,True,False,False,False,False,False,True
1,0.35798237022526935,0.6722222222222223,0.6486988847583643,1,0.49107142857142855,0.596625314764758,0.02,0.748,True,False,False,False,False,False,True,False
0,0.5,0.5,0.5,0,0.0016607142857142855,0.5914400303150228,0.0,0.0,True,False,False,False,False,False,True,False
1,0.29676787463271304,0.6888888888888889,0.46189591078066916,0,0.5714285714285714,0.9999999999999999,0.0,1.0,False,False,True,False,False,False,False,True
0,0.5,0.5,0.5,0,0.3678571428571429,0.9999999999999999,0.0,0.0,False,True,False,False,False,False,False,True
0,0.5,0.5,0.5,0,0.0001964285714285714,0.9999999999999999,0.0,0.0,False,False,False,True,False,True,False,False
0,0.5,0.5,0.5,0,0.31482142857142853,0.4275076655526496,0.0,0.0,False,False,True,False,True,False,False,False
0,0.5,0.5,0.5,0,0.4946428571428571,0.9999999999999999,0.0,0.671,False,False,True,False,True,False,False,False
0,0.6420176297747306,0.3277777777777778,0.35130111524163565,1,0.49107142857142855,0.42360879586058015,0.09,0.985,False,False,True,False,True,False,False,False
0,0.5,0.5,0.5,0,0.04303571428571429,0.9999999999999999,0.0,0.0,False,True,False,False,False,False,True,False
1,0.5636630754162586,0.3111111111111111,0.5139405204460966,0,0.5321428571428571,0.9999999999999999,0.01,0.919,False,False,True,False,False,True,False,False
1,0.6420176297747306,0.3277777777777778,0.35130111524163565,1,0.5535714285714285,0.9999999999999999,0.0,1.0,False,False,True,False,True,False,False,False
1,0.7426542605288933,0.27222222222222225,0.7225836431226766,1,0.4803571428571428,0.9999999999999999,0.0,1.0,False,False,True,False,False,True,False,False
0,0.5,0.5,0.5,0,0.18892857142857142,0.3435241837539712,0.0,0.0,False,False,True,False,True,False,False,False
0,0.5,0.5,0.5,0,0.26107142857142857,0.9999999999999999,0.0,0.0,False,False,True,False,False,True,False,False
1,0.33080313418217433,0.7055555555555555,0.2639405204460966,1,0.48392857142857143,0.9999999999999999,0.0,0.54,False,True,False,False,True,False,False,False
1,0.47037218413320275,0.21111111111111114,0.4804832713754647,0,0.4125,0.9999999999999999,0.01,0.012,False,False,False,True,False,True,False,False
0,0.4755142017629775,0.5444444444444444,0.4711895910780669,0,0.16164285714285712,0.5966188308101079,0.68,0.017,False,True,False,False,False,False,False,True
1,0.5244857982370226,0.45555555555555555,0.5288104089219331,0,0.5535714285714285,0.5965913142016394,0.0,1.0,False,False,False,True,False,True,False,False
1,0.45592556317335947,0.6444444444444444,0.5130111524163569,0,0.4892857142857142,0.595255762773162,0.0,0.885,False,False,True,False,False,False,False,True
0,0.5,0.5,0.5,0,0.21160714285714283,0.9999999999999999,0.92,0.019,False,True,False,False,False,False,False,True
1,0.17874632713026445,0.2888888888888889,0.22211895910780666,0,0.4678571428571428,0.9999999999999999,0.03,0.988,False,False,False,True,True,False,False,False
0,0.5,0.5,0.5,0,0.2307142857142857,0.5093175135274397,0.0,0.0,False,True,False,False,False,False,False,True
1,0.29676787463271304,0.6888888888888889,0.46189591078066916,0,0.8035714285714285,0.9999999999999999,0.0,0.0,False,False,True,False,False,True,False,False
0,0.5,0.5,0.5,0,0.4321428571428571,0.9999999999999999,0.0,0.159,False,True,False,False,False,False,False,True
0,0.5,0.5,0.5,0,0.28125,0.25512537280297354,0.0,0.0,False,False,True,False,True,False,False,False
0,0.5,0.5,0.5,0,0.0,0.9999999999999999,0.0,0.0,False,False,False,True,False,True,False,False
1,0.24265426052889322,0.5444444444444444,0.23605947955390333,0,0.0,0.9999999999999999,0.0,0.0,False,True,False,False,True,False,False,False
1,0.1398139079333986,0.6944444444444444,0.3503717472118959,1,0.13142857142857142,0.9999999999999999,0.2,0.017,False,False,True,False,False,False,False,True
0,0.37022526934378064,0.8888888888888888,0.23559479553903345,1,0.46249999999999997,0.5964407988029734,0.0,0.91,False,True,False,False,False,False,False,True
0,0.5,0.5,0.5,0,0.23839285714285713,0.5016409608205147,0.0,0.0,False,False,True,False,True,False,False,False
0,0.5,0.5,0.5,0,7.142857142857142e-05,0.46922919324038564,0.0,0.0,True,False,False,False,False,False,True,False
1,0.17874632713026445,0.2888888888888889,0.22211895910780666,0,0.2717857142857143,0.5429949275691577,0.19,0.833,False,False,False,True,True,False,False,False
0,0.568560235063663,0.6333333333333333,0.49814126394052044,0,0.18410714285714286,0.9999999999999999,0.34,0.296,False,True,False,False,False,False,False,True
1,0.6052889324191969,0.0,0.7202602230483272,1,0.5892857142857143,0.9999999999999999,0.0,0.995,False,False,False,True,False,False,True,False
0,0.5,0.5,0.5,0,0.005035714285714285,0.9999999999999999,0.0,0.0,True,False,False,False,False,True,False,False
1,0.0734573947110676,0.75,0.0,1,3.571428571428571e-05,0.9999999999999999,0.16,0.016,True,False,False,False,False,False,False,True
1,0.056317335945151814,0.5722222222222222,0.23698884758364308,0,0.21607142857142855,0.9999999999999999,0.0,0.0,False,True,False,False,False,False,True,False
1,0.0734573947110676,0.75,0.0,1,0.6428571428571428,0.9999999999999999,0.0,0.0,False,True,False,False,False,False,False,True
0,0.5,0.5,0.5,0,0.05105357142857143,0.9999999999999999,0.0,0.0,False,False,False,True,False,True,False,False
1,0.568560235063663,0.6333333333333333,0.49814126394052044,0,0.6071428571428571,0.9999999999999999,0.02,1.0,False,True,False,False,False,False,False,True
1,0.4265426052889324,0.6388888888888888,0.5185873605947956,0,0.4321428571428571,0.9999999999999999,0.01,0.989,True,False,False,False,False,False,True,False
1,0.1398139079333986,0.6944444444444444,0.3503717472118959,1,0.6607142857142857,0.9999999999999999,0.0,0.0,False,False,True,False,False,False,False,True
0,0.5,0.5,0.5,0,0.47142857142857136,0.9999999999999999,0.0,1.0,True,False,False,False,False,False,True,False
1,0.1398139079333986,0.6944444444444444,0.3503717472118959,1,0.625,0.9999999999999999,0.0,0.0,False,False,True,False,False,False,False,True
1,0.4363369245837414,0.6888888888888889,0.48605947955390333,0,0.0,0.9999999999999999,0.0,0.0,False,True,False,False,False,False,True,False
0,0.5,0.5,0.5,0,0.163,0.5094091557849746,0.0,0.0,False,True,False,False,False,False,False,True
1,0.17874632713026445,0.2888888888888889,0.22211895910780666,0,0.625,0.9999999999999999,0.0,0.0,False,False,False,True,True,False,False,False
1,0.460822722820764,0.9277777777777778,0.6482342007434945,1,0.5267857142857143,0.9999999999999999,0.0,1.0,True,False,False,False,False,False,False,True
0,0.5688050930460333,0.4444444444444444,0.737453531598513,1,0.21071428571428572,0.3705644725992154,0.0,0.089,True,False,False,False,False,False,True,False
1,0.5394221351616063,0.8,0.4851301115241636,0,0.5714285714285714,0.9999999999999999,0.0,1.0,False,True,False,False,False,False,False,True
1,0.6469147894221352,0.2888888888888889,0.5274163568773235,0,0.5214285714285714,0.9999999999999999,0.0,0.907,False,False,True,False,True,False,False,False
0,0.46547502448579825,0.48333333333333334,0.4972118959107807,0,0.40178571428571425,0.9999999999999999,0.0,0.144,True,False,False,False,False,False,True,False
1,0.0,0.55,0.22630111524163565,0,0.6428571428571428,0.9999999999999999,0.0,0.0,False,False,True,False,True,False,False,False
0,0.5,0.5,0.5,0,0.26107142857142857,0.9999999999999999,0.0,0.0,False,False,True,False,True,False,False,False
0,0.5,0.5,0.5,0,0.015910714285714285,0.9999999999999999,0.0,0.0,False,True,False,False,False,False,False,True
1,0.17874632713026445,0.2888888888888889,0.22211895910780666,0,0.375,0.9999999999999999,0.01,0.823,False,False,False,True,False,False,True,False
1,0.14226248775710088,0.6944444444444444,0.23745353159851296,0,0.6785714285714285,0.9999999999999999,0.0,0.0,False,True,False,False,False,False,False,True
1,0.4534769833496572,0.5722222222222222,0.35269516728624534,0,0.625,0.9999999999999999,0.02,1.0,False,False,True,False,True,False,False,False
1,0.4314397649363369,0.5333333333333333,0.4526022304832714,0,0.5892857142857143,0.9999999999999999,0.0,0.93,False,False,True,False,True,False,False,False
0,0.5,0.5,0.5,0,0.2405357142857143,0.5941779490476684,0.0,0.0,False,True,False,False,False,False,False,True
1,0.1398139079333986,0.6944444444444444,0.3503717472118959,1,0.625,0.9999999999999999,0.0,0.0,False,False,True,False,False,False,False,True
0,0.5,0.5,0.5,0,0.15562499999999999,0.4107004121952164,0.0,0.0,False,False,False,True,False,False,True,False
0,0.5,0.5,0.5,0,0.11835714285714286,0.4121153425802751,0.0,0.0,False,False,False,True,False,True,False,False
1,0.6052889324191969,0.03888888888888886,0.7221189591078067,1,0.0,0.9999999999999999,0.0,0.0,False,False,False,True,False,False,True,False
0,0.5,0.5,0.5,0,0.35482142857142857,0.9999999999999999,0.1,0.804,False,False,False,True,False,True,False,False
0,0.4975514201762977,0.5,0.6226765799256506,1,0.3417857142857143,0.5018349246061454,0.49,0.005,False,False,True,False,True,False,False,False
0,0.5,0.5,0.5,0,0.09017857142857141,0.9999999999999999,0.0,0.0,False,True,False,False,False,False,False,True
1,0.0734573947110676,0.75,0.0,1,0.4464285714285714,0.9999999999999999,0.04,0.96,False,True,False,False,False,False,False,True
1,0.1398139079333986,0.6944444444444444,0.3503717472118959,1,0.5535714285714285,0.9999999999999999,0.0,1.0,False,False,True,False,False,False,False,True
0,0.5,0.5,0.5,0,0.0893392857142857,0.9999999999999999,0.0,0.0,False,True,False,False,False,False,True,False
1,0.5785994123408423,0.37222222222222223,0.48977695167286245,0,0.5892857142857143,0.5965153269200942,0.01,0.997,False,False,True,False,True,False,False,False
0,0.5,0.5,0.5,0,0.14773214285714284,0.9999999999999999,0.0,0.0,False,False,True,False,True,False,False,False
1,0.4755142017629775,0.5444444444444444,0.4711895910780669,0,0.4178571428571428,0.9999999999999999,0.0,1.0,False,True,False,False,False,False,False,True
1,0.0734573947110676,0.75,0.0,1,0.37321428571428567,0.9999999999999999,0.04,0.23,False,True,False,False,False,False,False,True
1,0.502203721841332,0.05555555555555558,0.47165427509293684,0,0.4196428571428571,0.9999999999999999,0.0,0.387,False,False,False,True,True,False,False,False
0,0.5345249755142018,0.5166666666666666,0.5027881040892194,0,0.14316071428571428,0.4845468932901646,0.55,0.362,False,False,True,False,True,False,False,False
0,0.5734573947110676,0.3611111111111111,0.48141263940520446,0,0.0003035714285714286,0.5614331196048866,0.88,0.0,False,False,True,False,True,False,False,False
1,0.568560235063663,0.6333333333333333,0.49814126394052044,0,0.42142857142857143,0.9999999999999999,0.0,0.03,False,True,False,False,False,False,False,True
1,0.5,0.4611111111111111,0.4981412639405205,0,0.46428571428571425,0.4440236535071364,0.06,0.883,True,False,False,False,False,True,False,False
1,0.5342801175318316,0.6222222222222222,0.5013940520446096,0,0.5125,0.9999999999999999,0.01,0.994,False,False,True,False,False,True,False,False
0,0.5,0.5,0.5,0,0.22535714285714284,0.9999999999999999,0.0,0.0,False,True,False,False,False,False,True,False
0,0.5,0.5,0.5,0,0.16521428571428573,0.3988897412729318,0.0,0.0,False,True,False,False,False,False,False,True
0,0.5,0.5,0.5,0,0.0008392857142857143,0.5431691991367688,0.0,0.0,True,False,False,False,False,False,True,False
0,0.5,0.5,0.5,0,0.2764285714285714,0.5628908196730266,0.0,0.0,False,True,False,False,False,False,True,False
0,0.5,0.5,0.5,0,0.00017857142857142857,0.9999999999999999,0.0,0.0,True,False,False,False,False,False,True,False
1,0.5541136141038198,0.5166666666666666,0.7239776951672863,1,0.5303571428571429,0.9999999999999999,0.0,1.0,False,False,True,False,False,True,False,False
1,0.7426542605288933,0.27222222222222225,0.7225836431226766,1,0.6071428571428571,0.9999999999999999,0.0,1.0,False,False,True,False,False,True,False,False
0,0.5,0.5,0.5,0,0.22928571428571426,0.54741293437622,0.0,0.0,False,True,False,False,False,False,False,True
1,0.1398139079333986,0.6944444444444444,0.3503717472118959,1,0.625,0.9999999999999999,0.0,0.0,False,False,True,False,False,False,False,True
1,0.1398139079333986,0.6944444444444444,0.3503717472118959,1,0.19214285714285712,0.9999999999999999,0.05,0.885,False,False,True,False,False,False,False,True
1,0.17874632713026445,0.2888888888888889,0.22211895910780666,0,0.625,0.9999999999999999,0.0,0.0,False,False,False,True,True,False,False,False
1,0.0734573947110676,0.75,0.0,1,0.2294642857142857,0.9999999999999999,0.0,0.0,False,True,False,False,False,False,False,True
0,0.5,0.5,0.5,0,0.16067857142857142,0.9999999999999999,0.0,0.0,True,False,False,False,False,True,False,False
1,0.6762977473065622,0.3277777777777778,0.3722118959107807,1,0.4946428571428571,0.9999999999999999,0.0,1.0,False,False,True,False,True,False,False,False
1,0.0,0.55,0.22630111524163565,0,0.6071428571428571,0.9999999999999999,0.0,1.0,False,False,True,False,True,False,False,False
1,0.2573457394711067,0.7277777777777777,0.2774163568773234,1,0.4946428571428571,0.9999999999999999,0.0,0.985,False,True,False,False,False,False,True,False
0,0.5345249755142018,0.4777777777777778,0.7012081784386617,1,0.15330357142857143,0.9999999999999999,0.0,0.0,False,True,False,False,True,False,False,False
1,0.5832517140058766,0.4444444444444444,0.4767657992565056,0,0.48571428571428565,0.5966133262436271,0.01,0.96,False,True,False,False,False,False,False,True
1,0.7426542605288933,0.27222222222222225,0.7225836431226766,1,0.4946428571428571,0.9999999999999999,0.0,0.996,False,False,True,False,True,False,False,False
1,0.5244857982370226,0.45555555555555555,0.5288104089219331,0,0.4053571428571428,0.9999999999999999,0.01,0.094,False,False,False,True,False,True,False,False
0,0.46547502448579825,0.48333333333333334,0.4972118959107807,0,0.001857142857142857,0.17440331116720068,0.2,0.023,True,False,False,False,False,False,True,False
1,0.14226248775710088,0.6944444444444444,0.23745353159851296,0,0.6785714285714285,0.9999999999999999,0.0,0.0,False,True,False,False,False,False,False,True
0,0.5,0.5,0.5,0,0.2926785714285714,0.9999999999999999,0.0,0.0,False,False,True,False,False,False,False,True
1,0.7426542605288933,0.27222222222222225,0.7225836431226766,1,0.5892857142857143,0.596564546302393,0.0,0.936,False,False,True,False,True,False,False,False
1,0.17874632713026445,0.2888888888888889,0.22211895910780666,0,0.6607142857142857,0.9999999999999999,0.0,0.0,False,False,False,True,False,False,True,False
1,0.4755142017629775,0.5444444444444444,0.4711895910780669,0,0.46249999999999997,0.9999999999999999,0.0,0.998,False,True,False,False,False,False,False,True
1,0.49779627815866795,0.4777777777777778,0.8029739776951673,1,0.6071428571428571,0.9999999999999999,0.0,0.73,False,False,True,False,True,False,False,False
1,0.5734573947110676,0.7,0.2736988847583643,1,0.625,0.5426950813589276,0.03,0.998,False,True,False,False,False,False,False,True
0,0.5,0.5,0.5,0,0.41607142857142854,0.9999999999999999,0.24,0.998,False,False,True,False,True,False,False,False
1,0.3161116552399608,0.5222222222222223,0.2225836431226766,0,0.31928571428571423,0.9999999999999999,0.17,0.415,False,False,True,False,False,False,False,True
1,0.1398139079333986,0.6944444444444444,0.3503717472118959,1,0.49107142857142855,0.9999999999999999,0.01,0.937,False,False,True,False,False,False,False,True
0,0.509794319294809,0.55,0.4674721189591078,0,0.09032142857142857,0.9999999999999999,0.39,0.0,False,True,False,False,True,False,False,False
1,0.6469147894221352,0.2888888888888889,0.5274163568773235,0,0.6071428571428571,0.9999999999999999,0.0,0.975,False,False,True,False,True,False,False,False
1,0.14226248775710088,0.6944444444444444,0.23745353159851296,0,0.625,0.9999999999999999,0.0,0.0,False,True,False,False,False,False,False,True
0,0.5,0.5,0.5,0,0.4196428571428571,0.9999999999999999,0.01,0.858,True,False,False,False,False,False,True,False
0,0.5832517140058766,0.4444444444444444,0.4767657992565056,0,0.13716071428571427,0.5965970608300294,0.38,0.001,False,True,False,False,False,False,False,True
0,0.5,0.5,0.5,0,0.0019821428571428572,0.9999999999999999,0.0,0.0,False,True,False,False,True,False,False,False
0,0.49779627815866795,0.4777777777777778,0.8029739776951673,1,0.44821428571428573,0.5628764463763156,0.13,0.892,False,False,True,False,True,False,False,False
0,0.5345249755142018,0.5166666666666666,0.5027881040892194,0,0.425,0.3860855770455368,0.24,0.636,False,False,True,False,True,False,False,False
0,0.5394221351616063,0.6833333333333333,0.47165427509293684,0,0.4125,0.5277627564360212,0.06,0.765,False,True,False,False,False,False,True,False
0,0.5,0.5,0.5,0,0.16816071428571427,0.5628845805292247,0.7,0.021,True,False,False,False,False,False,True,False
0,0.4681684622918707,0.6555555555555556,0.5088289962825279,0,0.04366071428571428,0.9999999999999999,0.09,0.297,True,False,False,False,False,True,False,False
1,0.0,0.55,0.22630111524163565,0,0.6071428571428571,0.9999999999999999,0.02,0.979,False,False,True,False,True,False,False,False
0,0.5,0.5,0.5,0,0.2119642857142857,0.9999999999999999,0.0,0.0,False,False,False,True,False,True,False,False
0,0.5,0.5,0.5,0,1.7857142857142855e-05,0.9999999999999999,1.0,0.001,False,True,False,False,False,False,False,True
1,0.490205680705191,0.45,0.5325278810408922,0,0.18428571428571427,0.9999999999999999,1.0,0.098,True,False,False,False,False,True,False,False
1,0.14201762977473065,0.7166666666666667,0.04739776951672858,1,0.625,0.9999999999999999,0.0,0.0,True,False,False,False,False,False,False,True
0,0.5,0.5,0.5,0,0.42142857142857143,0.9999999999999999,0.46,0.837,False,True,False,False,False,False,False,True
0,0.5,0.5,0.5,0,0.21428571428571427,0.9999999999999999,0.0,0.0,True,False,False,False,False,False,True,False
0,0.5,0.5,0.5,0,0.42857142857142855,0.9999999999999999,0.05,0.999,True,False,False,False,False,False,True,False
0,0.5,0.5,0.5,0,0.21732142857142855,0.9999999999999999,0.02,0.108,True,False,False,False,False,False,True,False
0,0.5,0.5,0.5,0,0.01425,0.4505305878834866,0.0,0.0,False,True,False,False,False,False,False,True
1,0.0734573947110676,0.75,0.0,1,0.1844642857142857,0.5291709465636789,0.0,0.0,False,True,False,False,False,False,False,True
0,0.5,0.5,0.5,0,0.4303571428571429,0.9999999999999999,0.0,0.713,False,False,False,True,False,True,False,False
0,0.5,0.5,0.5,0,0.19249999999999998,0.9999999999999999,0.0,0.0,False,True,False,False,False,False,False,True
0,0.5541136141038198,0.5166666666666666,0.7239776951672863,1,0.4035714285714286,0.9999999999999999,0.01,0.187,False,False,True,False,False,True,False,False
1,0.29676787463271304,0.6888888888888889,0.46189591078066916,0,0.5357142857142857,0.9999999999999999,0.01,0.984,False,False,True,False,False,False,False,True
1,0.24265426052889322,0.5444444444444444,0.23605947955390333,0,0.19589285714285715,0.9999999999999999,0.07,0.331,False,True,False,False,True,False,False,False
0,0.5,0.5,0.5,0,0.4875,0.9999999999999999,0.01,0.746,False,False,False,True,False,True,False,False
0,0.5,0.5,0.5,0,0.17214285714285715,0.9999999999999999,0.0,0.0,True,False,False,False,False,False,True,False
0,0.5,0.5,0.5,0,0.1565535714285714,0.5807410732715351,0.0,0.0,False,False,True,False,True,False,False,False
0,0.568560235063663,0.6333333333333333,0.49814126394052044,0,0.37321428571428567,0.3631583090939964,0.59,0.046,False,True,False,False,False,False,False,True
1,0.20323212536728696,0.3611111111111111,0.2644052044609665,0,0.6428571428571428,0.9999999999999999,0.0,0.0,False,True,False,False,True,False,False,False
0,0.3237022526934378,0.6722222222222223,0.6277881040892193,1,0.39999999999999997,0.5430990897494046,0.02,0.607,True,False,False,False,False,False,True,False
1,0.056317335945151814,0.5722222222222222,0.23698884758364308,0,0.43392857142857144,0.5959813994918571,0.0,0.0,False,True,False,False,True,False,False,False
1,0.0,0.55,0.22630111524163565,0,0.48571428571428565,0.9999999999999999,0.0,0.471,False,False,True,False,True,False,False,False
0,0.5,0.5,0.5,0,0.14673214285714287,0.9999999999999999,0.0,0.0,False,False,True,False,True,False,False,False
0,0.5,0.5,0.5,0,0.22624999999999998,0.9999999999999999,0.38,0.0,True,False,False,False,False,False,True,False
0,0.5,0.5,0.5,0,0.0,0.9999999999999999,0.0,0.0,False,True,False,False,False,False,True,False
1,0.5639079333986288,0.7555555555555555,0.5139405204460967,0,0.4196428571428571,0.5966179745033179,1.0,0.907,False,True,False,False,False,False,False,True
1,0.460822722820764,0.6444444444444444,0.5148698884758365,0,0.4392857142857143,0.9999999999999999,0.01,0.468,False,False,False,True,False,False,True,False
1,0.1398139079333986,0.6944444444444444,0.3503717472118959,1,0.40714285714285714,0.5964882347617508,0.02,0.986,False,False,True,False,False,False,False,True
0,0.5981880509304603,0.4111111111111111,0.5599442379182156,1,0.40892857142857136,0.46916388719799745,0.06,0.62,False,True,False,False,True,False,False,False
1,0.1398139079333986,0.6944444444444444,0.3503717472118959,1,0.40178571428571425,0.9999999999999999,0.05,0.804,False,False,True,False,False,False,False,True
0,0.5,0.5,0.5,0,0.4053571428571428,0.9999999999999999,0.01,0.912,True,False,False,False,False,False,True,False
0,0.5,0.5,0.5,0,0.0005535714285714286,0.59659754993612,0.0,0.0,False,True,False,False,False,False,False,True
1,0.14226248775710088,0.6944444444444444,0.23745353159851296,0,0.7142857142857142,0.9999999999999999,0.0,0.0,False,True,False,False,False,False,False,True
1,0.14226248775710088,0.6944444444444444,0.23745353159851296,0,0.7142857142857142,0.9999999999999999,0.0,0.0,False,True,False,False,False,False,False,True
1,0.14226248775710088,0.6944444444444444,0.23745353159851296,0,0.5178571428571428,0.9999999999999999,0.01,0.557,False,True,False,False,False,False,False,True
0,0.5,0.5,0.5,0,0.4321428571428571,0.9999999999999999,0.06,0.904,False,False,True,False,True,False,False,False
1,0.14226248775710088,0.6944444444444444,0.23745353159851296,0,0.00014285714285714284,0.9999999999999999,1.0,0.0,False,True,False,False,False,False,False,True
1,0.5,0.5,0.5,0,0.2594642857142857,0.9999999999999999,0.0,0.0,False,False,True,False,True,False,False,False
0,0.5,0.5,0.5,0,0.0005892857142857143,0.3600125030149315,0.0,0.0,False,False,False,True,False,False,True,False
1,0.056317335945151814,0.5722222222222222,0.23698884758364308,0,0.1789285714285714,0.5959465184821917,0.0,0.0,False,True,False,False,True,False,False,False
1,0.43119490695396673,0.5555555555555556,0.262546468401487,1,0.5892857142857143,0.9999999999999999,0.0,0.991,False,False,True,False,True,False,False,False
1,0.5734573947110676,0.7,0.2736988847583643,1,0.6071428571428571,0.4295133058162001,0.0,0.998,False,True,False,False,False,False,False,True
1,0.5832517140058766,0.40555555555555556,0.4749070631970261,0,0.38571428571428573,0.5953050337948466,1.0,0.798,True,False,False,False,False,False,False,True
0,0.47037218413320275,0.21111111111111114,0.4804832713754647,0,7.142857142857142e-05,0.9999999999999999,0.67,0.024,False,False,False,True,False,True,False,False
0,0.5,0.5,0.5,0,0.15757142857142856,0.9999999999999999,0.0,0.0,False,True,False,False,False,False,False,True
1,0.5244857982370226,0.45555555555555555,0.5288104089219331,0,0.5232142857142857,0.9999999999999999,0.0,0.983,False,False,False,True,False,True,False,False
0,0.5734573947110676,0.7,0.2736988847583643,1,0.40892857142857136,0.9999999999999999,0.0,0.014,False,True,False,False,False,False,False,True
1,0.14226248775710088,0.6944444444444444,0.23745353159851296,0,0.42142857142857143,0.9999999999999999,0.12,0.641,False,True,False,False,False,False,False,True
0,0.5,0.5,0.5,0,0.22875,0.4646663596118034,0.19,0.831,False,False,True,False,True,False,False,False
0,0.4755142017629775,0.5444444444444444,0.4711895910780669,0,0.009946428571428571,0.5785003862955264,0.12,0.0,False,True,False,False,False,False,False,True
1,0.14201762977473065,0.7166666666666667,0.04739776951672858,1,0.4196428571428571,0.9999999999999999,0.12,0.861,True,False,False,False,False,False,False,True
0,0.5,0.5,0.5,0,0.07173214285714286,0.9999999999999999,0.0,0.0,True,False,False,False,False,False,True,False
1,0.1398139079333986,0.6944444444444444,0.3503717472118959,1,0.0,0.9999999999999999,0.0,0.0,False,False,True,False,False,False,False,True
1,0.1398139079333986,0.6944444444444444,0.3503717472118959,1,0.4196428571428571,0.9999999999999999,0.08,0.994,False,False,True,False,False,False,False,True
1,0.4167482859941234,0.5944444444444444,0.525092936802974,0,0.4928571428571429,0.9999999999999999,0.0,0.988,False,False,False,True,True,False,False,False
0,0.5,0.5,0.5,0,3.571428571428571e-05,0.9999999999999999,1.0,0.138,False,True,False,False,False,False,False,True
1,0.4755142017629775,0.5444444444444444,0.4711895910780669,0,0.47142857142857136,0.9999999999999999,0.0,1.0,False,True,False,False,False,False,False,True
1,0.6469147894221352,0.2888888888888889,0.5274163568773235,0,0.4053571428571428,0.9999999999999999,0.1,0.389,False,False,True,False,True,False,False,False
0,0.4926542605288932,0.1777777777777778,0.6858736059479554,1,5.357142857142857e-05,0.2576162673327832,1.0,0.0,False,False,False,True,True,False,False,False
1,0.4167482859941234,0.5555555555555556,0.5232342007434945,0,0.5071428571428571,0.9999999999999999,0.0,0.932,False,False,False,True,False,True,False,False
1,0.14226248775710088,0.6944444444444444,0.23745353159851296,0,0.0,0.9999999999999999,0.0,0.0,False,True,False,False,False,False,False,True
1,0.24265426052889322,0.5444444444444444,0.23605947955390333,0,0.21410714285714286,0.5965429227260407,1.0,0.001,False,True,False,False,True,False,False,False
0,0.5,0.5,0.5,0,0.23,0.9999999999999999,0.0,0.0,False,False,True,False,True,False,False,False
0,0.5,0.5,0.5,0,0.0894642857142857,0.5965649128865013,0.0,0.0,False,False,False,True,True,False,False,False
0,0.5,0.5,0.5,0,0.16403571428571428,0.9999999999999999,0.0,0.0,False,True,False,False,False,False,True,False
1,0.6028403525954946,0.7555555555555555,0.4995353159851301,0,0.5535714285714285,0.9999999999999999,0.0,0.802,False,False,True,False,False,False,False,True
1,0.3871204701273261,0.3388888888888889,0.54182156133829,0,0.0,0.9999999999999999,0.0,0.0,False,False,False,True,False,False,True,False
1,0.056317335945151814,0.5722222222222222,0.23698884758364308,0,0.6607142857142857,0.9999999999999999,0.0,0.0,False,True,False,False,True,False,False,False
1,0.056317335945151814,0.5722222222222222,0.23698884758364308,0,0.09560714285714285,0.9999999999999999,0.0,0.0,False,True,False,False,True,False,False,False
1,0.4755142017629775,0.5444444444444444,0.4711895910780669,0,0.5892857142857143,0.9999999999999999,0.0,1.0,False,True,False,False,False,False,False,True
1,0.5222820763956905,0.5166666666666666,0.5901486988847584,1,0.47678571428571426,0.9999999999999999,0.0,1.0,False,False,True,False,False,True,False,False
1,0.14226248775710088,0.6944444444444444,0.23745353159851296,0,0.0025,0.9999999999999999,0.47,0.003,False,True,False,False,False,False,False,True
0,0.5639079333986288,0.7555555555555555,0.5139405204460967,0,0.7678571428571428,0.9999999999999999,0.0,0.0,False,True,False,False,False,False,False,True
0,0.5,0.5,0.5,0,7.142857142857142e-05,0.9999999999999999,0.0,0.0,True,False,False,False,False,False,True,False
1,0.35308521057786485,0.711111111111111,0.4725836431226766,0,0.4517857142857143,0.9999999999999999,0.1,0.951,True,False,False,False,False,False,True,False
1,0.4534769833496572,0.5722222222222222,0.35269516728624534,0,0.6071428571428571,0.9999999999999999,0.02,0.999,False,False,True,False,True,False,False,False
0,0.5,0.5,0.5,0,0.0890892857142857,0.9999999999999999,0.0,0.0,True,False,False,False,False,False,True,False
1,0.14226248775710088,0.6944444444444444,0.23745353159851296,0,0.6428571428571428,0.9999999999999999,0.0,0.0,False,True,False,False,False,False,False,True
1,0.5734573947110676,0.7,0.2736988847583643,1,0.6071428571428571,0.5608827655642455,0.0,1.0,False,True,False,False,False,False,False,True
0,0.5,0.5,0.5,0,0.22303571428571428,0.9999999999999999,0.0,0.0,False,False,True,False,True,False,False,False
1,0.6297747306562194,0.11111111111111116,0.7644052044609666,1,0.23142857142857143,0.9999999999999999,0.08,0.996,False,False,False,True,False,True,False,False
1,0.5296278158667973,0.7888888888888889,0.5195167286245354,0,0.45535714285714285,0.9999999999999999,0.07,0.724,False,True,False,False,False,False,False,True
0,0.5,0.5,0.5,0,0.10001785714285713,0.3788471002060372,0.0,0.0,False,False,False,True,False,True,False,False
0,0.46547502448579825,0.5222222222222223,0.29879182156133827,1,0.5714285714285714,0.4865497250626961,0.0,0.999,False,False,True,False,False,True,False,False
1,0.4975514201762977,0.5,0.6226765799256506,1,0.625,0.9999999999999999,0.0,0.999,False,False,True,False,True,False,False,False
0,0.5,0.5,0.5,0,0.13198214285714285,0.9999999999999999,0.0,0.0,False,False,True,False,True,False,False,False
0,0.5,0.5,0.5,0,0.28875,0.9999999999999999,0.54,0.533,True,False,False,False,False,False,True,False
0,0.5,0.5,0.5,0,0.22857142857142856,0.9999999999999999,0.01,0.8,False,False,False,True,False,True,False,False
1,0.49779627815866795,0.4777777777777778,0.8029739776951673,1,0.0,0.9999999999999999,0.0,0.0,False,False,True,False,True,False,False,False
1,0.4265426052889324,0.6388888888888888,0.5185873605947956,0,0.4035714285714286,0.5963549464031908,0.0,0.107,True,False,False,False,False,False,True,False
1,0.5734573947110676,0.7,0.2736988847583643,1,0.3341071428571429,0.9999999999999999,0.0,0.0,False,True,False,False,False,False,False,True
1,0.1398139079333986,0.6944444444444444,0.3503717472118959,1,0.0005535714285714286,0.9999999999999999,0.62,0.006,False,False,True,False,False,False,False,True
1,0.14226248775710088,0.6944444444444444,0.23745353159851296,0,0.46964285714285714,0.9999999999999999,0.0,0.999,False,True,False,False,False,False,False,True
1,0.1398139079333986,0.6944444444444444,0.3503717472118959,1,0.9821428571428571,0.9999999999999999,0.0,0.0,False,False,True,False,False,False,False,True
1,0.4167482859941234,0.5944444444444444,0.525092936802974,0,0.5053571428571428,0.9999999999999999,0.0,0.992,False,False,False,True,True,False,False,False
0,0.5,0.5,0.5,0,0.002089285714285714,0.5966048871174078,0.0,0.0,True,False,False,False,False,False,True,False
0,0.5,0.5,0.5,0,0.16849999999999998,0.38523637520975473,0.0,0.0,False,True,False,False,True,False,False,False
0,0.5,0.5,0.5,0,0.04028571428571428,0.9999999999999999,0.0,0.0,False,True,False,False,False,False,False,True
1,0.056317335945151814,0.5722222222222222,0.23698884758364308,0,0.7142857142857142,0.9999999999999999,0.0,0.0,False,False,False,True,False,False,True,False
0,0.5,0.5,0.5,0,0.0065,0.596605987790015,0.0,0.0,True,False,False,False,False,False,True,False
0,0.5,0.5,0.5,0,0.10689285714285714,0.9999999999999999,0.0,0.0,True,False,False,False,False,False,True,False
1,0.7426542605288933,0.27222222222222225,0.7225836431226766,1,0.4517857142857143,0.5161567768628306,0.0,1.0,False,False,True,False,False,True,False,False
0,0.5,0.5,0.5,0,0.07885714285714286,0.39016794304849434,0.0,0.0,False,True,False,False,False,False,False,True
0,0.4605778648383937,0.31666666666666665,0.5283457249070632,0,0.42142857142857143,0.5955770394331239,0.04,0.022,False,False,False,True,True,False,False,False
0,0.5734573947110676,0.3611111111111111,0.48141263940520446,0,0.3092857142857143,0.14017159217325087,0.03,0.194,False,False,True,False,True,False,False,False
1,0.3947110675808031,0.9611111111111111,0.27788104089219334,1,0.5892857142857143,0.9999999999999999,0.0,0.955,False,False,True,False,False,False,False,True
1,0.1398139079333986,0.6944444444444444,0.3503717472118959,1,0.37142857142857144,0.9999999999999999,0.14,0.16,False,False,True,False,False,False,False,True
0,0.5,0.5,0.5,0,0.2546428571428571,0.5943116984104988,0.0,0.0,False,False,True,False,True,False,False,False
1,0.502203721841332,0.5222222222222223,0.19702602230483268,1,0.0,0.9999999999999999,0.0,0.0,True,False,False,False,False,False,True,False
0,0.5,0.5,0.5,0,0.1125892857142857,0.4344182680749597,0.0,0.0,False,False,False,True,False,True,False,False
0,0.5,0.5,0.5,0,0.4053571428571428,0.9999999999999999,0.0,0.523,False,False,False,True,False,True,False,False
1,0.3971596474045054,0.2444444444444444,0.5004646840148699,0,0.5035714285714286,0.9999999999999999,0.0,0.953,False,False,False,True,False,False,True,False
1,0.6469147894221352,0.2888888888888889,0.5274163568773235,0,0.6071428571428571,0.9999999999999999,0.0,0.928,False,False,True,False,True,False,False,False
0,0.4657198824681685,0.49444444444444446,0.5037174721189591,0,0.21232142857142858,0.9999999999999999,0.62,0.011,False,True,False,False,False,False,True,False
1,0.1398139079333986,0.6944444444444444,0.3503717472118959,1,0.7857142857142857,0.5182732555063565,0.0,0.0,False,False,True,False,False,False,False,True
1,0.43609206660137123,0.24444444444444446,0.48605947955390333,0,0.44999999999999996,0.9999999999999999,0.0,0.983,False,False,False,True,False,True,False,False
1,0.44588638589618024,0.48333333333333334,0.2760223048327137,1,0.5535714285714285,0.9999999999999999,0.01,0.999,False,True,False,False,False,False,True,False
0,0.4167482859941234,0.5555555555555556,0.5232342007434945,0,0.004517857142857143,0.9999999999999999,0.0,0.0,False,False,False,True,True,False,False,False
0,0.6028403525954946,0.7555555555555555,0.4995353159851301,0,0.46249999999999997,0.9999999999999999,0.04,0.976,False,False,True,False,False,False,False,True
0,0.5,0.5,0.5,0,0.017714285714285714,0.17299252959280034,0.0,0.0,False,False,False,True,False,True,False,False
0,0.5,0.5,0.5,0,0.44999999999999996,0.9999999999999999,0.1,0.928,False,False,True,False,True,False,False,False
1,0.14201762977473065,0.7166666666666667,0.04739776951672858,1,0.7321428571428571,0.9999999999999999,0.0,0.0,True,False,False,False,False,False,False,True
1,0.43119490695396673,0.5555555555555556,0.262546468401487,1,0.625,0.9999999999999999,0.0,0.991,False,False,True,False,True,False,False,False
0,0.46547502448579825,0.48333333333333334,0.4972118959107807,0,0.4107142857142857,0.36165456445700117,0.05,0.022,True,False,False,False,False,False,True,False
1,0.5785994123408423,0.37222222222222223,0.48977695167286245,0,0.6071428571428571,0.9999999999999999,0.0,0.999,False,False,True,False,True,False,False,False
0,0.5296278158667973,0.7888888888888889,0.5195167286245354,0,0.33785714285714286,0.2587588814413869,0.2,0.411,False,True,False,False,False,False,False,True
1,0.703232125367287,0.3111111111111111,0.5381040892193308,0,0.0,0.9999999999999999,0.0,0.0,False,False,False,True,False,False,True,False
0,0.5,0.5,0.5,0,0.0022678571428571426,0.9999999999999999,0.0,0.0,False,False,False,True,False,True,False,False
0,0.5,0.5,0.5,0,0.1695,0.9999999999999999,0.0,0.0,True,False,False,False,False,False,True,False
1,0.14226248775710088,0.6944444444444444,0.23745353159851296,0,0.625,0.5966258041548866,0.0,0.0,False,True,False,False,False,False,False,True
0,0.5,0.5,0.5,0,0.03582142857142857,0.596580800850828,0.0,0.0,False,False,False,True,False,True,False,False
1,0.43119490695396673,0.5555555555555556,0.262546468401487,1,0.625,0.4718081061975838,0.0,0.995,False,False,True,False,True,False,False,False
1,0.558765915768854,0.11111111111111116,0.574814126394052,1,0.5232142857142857,0.5964920169951328,0.0,1.0,False,False,False,True,True,False,False,False
1,0.4363369245837414,0.39444444444444443,0.5896840148698885,1,0.4660714285714286,0.9999999999999999,0.0,0.535,False,False,False,True,False,True,False,False
0,0.5,0.5,0.5,0,0.24857142857142855,0.9999999999999999,0.0,0.0,False,False,True,False,False,False,False,True
0,0.5,0.5,0.5,0,0.3314285714285714,0.9999999999999999,0.0,0.0,False,False,True,False,True,False,False,False
1,0.37022526934378064,0.8888888888888888,0.23559479553903345,1,0.5714285714285714,0.9999999999999999,0.0,1.0,False,True,False,False,False,False,False,True
0,0.5,0.5,0.5,0,0.2092857142857143,0.9999999999999999,0.02,0.098,True,False,False,False,False,False,True,False
1,0.17874632713026445,0.2888888888888889,0.22211895910780666,0,0.625,0.9999999999999999,0.0,0.0,False,False,False,True,True,False,False,False
0,0.6762977473065622,0.3277777777777778,0.3722118959107807,1,0.27446428571428566,0.1025805716139455,0.06,0.788,False,False,True,False,True,False,False,False
1,0.5832517140058766,0.4444444444444444,0.4767657992565056,0,0.5160714285714285,0.9999999999999999,0.0,0.997,False,True,False,False,False,False,False,True
1,0.0,0.55,0.22630111524163565,0,0.5892857142857143,0.9999999999999999,0.0,0.928,False,False,True,False,True,False,False,False
0,0.5,0.5,0.5,0,0.2769642857142857,0.9999999999999999,0.0,0.0,False,True,False,False,True,False,False,False
1,0.2573457394711067,0.5055555555555555,0.4902416356877323,0,0.7678571428571428,0.5964866487513562,0.0,0.0,False,False,True,False,False,True,False,False
0,0.5345249755142018,0.47777777777777775,0.5009293680297398,0,0.4446428571428571,0.5963630989160233,0.38,0.769,False,False,True,False,False,False,False,True
1,0.6297747306562194,0.11111111111111116,0.7644052044609666,1,0.47857142857142854,0.5966191978033447,0.0,1.0,False,False,False,True,False,True,False,False
1,0.46057786483839375,0.2,0.5148698884758364,0,0.4892857142857142,0.9999999999999999,0.0,0.999,False,False,False,True,False,True,False,False
0,0.5,0.5,0.5,0,0.1919642857142857,0.45332355267498964,0.0,0.0,False,False,True,False,True,False,False,False
1,0.1398139079333986,0.6944444444444444,0.3503717472118959,1,0.4196428571428571,0.9999999999999999,0.08,0.999,False,False,True,False,False,False,False,True
0,0.49779627815866795,0.4777777777777778,0.8029739776951673,1,0.3067857142857143,0.4564325866114781,0.41,0.024,False,False,True,False,True,False,False,False
1,0.46057786483839375,0.2,0.5148698884758364,0,0.5714285714285714,0.9999999999999999,0.0,1.0,False,False,False,True,False,True,False,False
0,0.37022526934378064,0.8888888888888888,0.23559479553903345,1,0.41428571428571426,0.0988838994652738,0.0,0.0,False,True,False,False,False,False,False,True
1,0.6077375122428991,0.5166666666666666,0.5190520446096655,0,0.48571428571428565,0.9999999999999999,0.0,0.999,False,False,True,False,False,False,False,True
1,0.6052889324191969,0.03888888888888886,0.7221189591078067,1,0.4446428571428571,0.9999999999999999,0.0,1.0,False,False,False,True,False,False,True,False
1,0.568560235063663,0.6333333333333333,0.49814126394052044,0,0.5714285714285714,0.9999999999999999,0.0,0.998,False,True,False,False,False,False,False,True
1,0.703232125367287,0.3111111111111111,0.5381040892193308,0,0.6071428571428571,0.562862933233217,0.0,0.0,False,True,False,False,False,False,True,False
1,0.14226248775710088,0.6944444444444444,0.23745353159851296,0,0.2717857142857143,0.9999999999999999,0.16,0.757,False,True,False,False,False,False,False,True
1,0.502203721841332,0.5222222222222223,0.19702602230483268,1,0.44285714285714284,0.9999999999999999,0.05,1.0,True,False,False,False,False,False,True,False
0,0.5832517140058766,0.40555555555555556,0.4749070631970261,0,0.4321428571428571,0.26058230211231864,0.07,0.991,True,False,False,False,False,False,False,True
1,0.14201762977473065,0.7166666666666667,0.04739776951672858,1,0.47142857142857136,0.9999999999999999,0.01,0.626,True,False,False,False,False,False,False,True
1,0.6128795298726739,0.6611111111111111,0.45817843866171004,0,0.475,0.5965393807960482,0.0,0.978,False,False,True,False,False,False,False,True
1,0.1398139079333986,0.6944444444444444,0.3503717472118959,1,0.021482142857142856,0.9999999999999999,0.35,0.005,False,False,True,False,False,False,False,True
0,0.5,0.5,0.5,0,0.12741071428571427,0.9999999999999999,0.0,0.0,False,False,False,True,False,True,False,False
0,0.5,0.5,0.5,0,0.1017142857142857,0.9999999999999999,0.15,0.004,False,False,False,True,False,True,False,False
0,0.5,0.5,0.5,0,0.0033035714285714283,0.9999999999999999,0.0,0.0,True,False,False,False,False,False,True,False
1,0.568560235063663,0.6333333333333333,0.49814126394052044,0,0.4125,0.9999999999999999,0.15,0.423,False,True,False,False,False,False,False,True
1,0.24265426052889322,0.5444444444444444,0.23605947955390333,0,0.625,0.9999999999999999,0.0,0.0,False,True,False,False,False,False,True,False
0,0.5,0.5,0.5,0,0.0008214285714285714,0.9999999999999999,0.0,0.0,True,False,False,False,False,False,True,False
0,0.5734573947110676,0.3611111111111111,0.48141263940520446,0,0.45535714285714285,0.3195417119390274,0.21,0.489,False,False,True,False,True,False,False,False
1,0.5222820763956905,0.5166666666666666,0.5901486988847584,1,0.38571428571428573,0.9999999999999999,0.13,0.062,False,False,True,False,False,True,False,False
0,0.5,0.5,0.5,0,0.05310714285714286,0.9999999999999999,0.32,0.835,False,False,False,True,False,True,False,False
1,0.35798237022526935,0.6722222222222223,0.6486988847583643,1,0.5232142857142857,0.596611858464377,0.0,0.968,True,False,False,False,False,False,True,False
0,0.5,0.5,0.5,0,0.1467857142857143,0.9999999999999999,0.04,0.315,False,False,True,False,True,False,False,False
0,0.5,0.5,0.5,0,0.040499999999999994,0.36282705762303014,0.0,0.0,False,True,False,False,False,False,False,True
1,0.14226248775710088,0.6944444444444444,0.23745353159851296,0,0.2132142857142857,0.9999999999999999,0.63,0.624,False,True,False,False,False,False,False,True
1,0.4167482859941234,0.5555555555555556,0.5232342007434945,0,0.4821428571428571,0.9999999999999999,0.0,0.995,False,True,False,False,False,False,True,False
1,0.47037218413320275,0.21111111111111114,0.4804832713754647,0,0.48392857142857143,0.9999999999999999,0.0,1.0,False,False,False,True,False,True,False,False
1,0.24265426052889322,0.5444444444444444,0.23605947955390333,0,0.5892857142857143,0.9999999999999999,0.0,0.986,False,True,False,False,True,False,False,False
1,0.6128795298726739,0.6611111111111111,0.45817843866171004,0,0.4107142857142857,0.9999999999999999,0.16,0.027,False,False,True,False,False,False,False,True
0,0.5,0.5,0.5,0,0.038375,0.3943259604765224,0.0,0.0,False,True,False,False,False,False,False,True
0,0.539177277179236,0.35555555555555557,0.4851301115241636,0,0.4392857142857143,0.9999999999999999,0.04,0.045,False,False,True,False,False,False,False,True
0,0.5296278158667973,0.7888888888888889,0.5195167286245354,0,0.28750000000000003,0.5094020218615744,0.64,0.001,False,True,False,False,False,False,False,True
1,0.0734573947110676,0.75,0.0,1,0.167875,0.9999999999999999,0.07,0.045,True,False,False,False,False,False,False,True
1,0.6077375122428991,0.5166666666666666,0.5190520446096655,0,0.5714285714285714,0.5291400559657852,0.0,1.0,False,False,True,False,False,False,False,True
0,0.4975514201762977,0.5,0.6226765799256506,1,0.5107142857142857,0.9999999999999999,0.0,0.998,False,False,True,False,True,False,False,False
0,0.5734573947110676,0.7,0.2736988847583643,1,0.6071428571428571,0.43650616382233054,0.01,0.901,False,True,False,False,False,False,False,True
1,0.4534769833496572,0.5722222222222222,0.35269516728624534,0,0.5714285714285714,0.596615650317977,0.0,0.833,False,False,True,False,True,False,False,False
1,0.35308521057786485,0.711111111111111,0.4725836431226766,0,0.4678571428571428,0.9999999999999999,0.0,0.999,True,False,False,False,False,False,True,False
0,0.5,0.5,0.5,0,0.20803571428571427,0.9999999999999999,0.0,0.0,False,True,False,False,False,False,False,True
1,0.6052889324191969,0.03888888888888886,0.7221189591078067,1,0.5357142857142857,0.5965579482605811,0.0,0.997,False,False,False,True,False,False,True,False
1,0.4265426052889324,0.6388888888888888,0.5185873605947956,0,0.4321428571428571,0.9999999999999999,0.0,0.004,True,False,False,False,False,False,True,False
0,0.5,0.5,0.5,0,0.12003571428571429,0.9999999999999999,0.0,0.0,False,False,True,False,True,False,False,False
0,0.5,0.5,0.5,0,0.20910714285714285,0.48452366185943513,0.0,0.0,True,False,False,False,False,False,True,False
1,0.3797747306562194,0.37777777777777777,0.48838289962825276,0,0.5339285714285714,0.9999999999999999,0.0,1.0,False,False,False,True,True,False,False,False
0,0.7426542605288933,0.27222222222222225,0.7225836431226766,1,0.5053571428571428,0.9999999999999999,0.0,1.0,False,False,True,False,True,False,False,False
1,0.14226248775710088,0.6944444444444444,0.23745353159851296,0,0.6785714285714285,0.9999999999999999,0.0,0.0,False,True,False,False,False,False,False,True
1,0.4338883447600392,0.65,0.512546468401487,0,0.3964285714285714,0.9999999999999999,0.13,0.627,True,False,False,False,False,False,True,False
1,0.17874632713026445,0.2888888888888889,0.22211895910780666,0,0.625,0.9999999999999999,0.0,0.0,False,False,False,True,True,False,False,False
1,0.35308521057786485,0.711111111111111,0.4725836431226766,0,0.4732142857142857,0.5963661412483201,0.0,0.998,True,False,False,False,False,False,True,False
0,0.5,0.5,0.5,0,0.20982142857142855,0.9999999999999999,0.0,0.0,False,False,True,False,True,False,False,False
1,0.3650832517140059,0.711111111111111,0.2602230483271375,1,0.5714285714285714,0.9999999999999999,0.0,0.972,False,False,True,False,False,True,False,False
1,0.14201762977473065,0.7166666666666667,0.04739776951672858,1,0.6428571428571428,0.9999999999999999,0.0,0.0,True,False,False,False,False,False,False,True
0,0.5,0.5,0.5,0,0.12542857142857142,0.9999999999999999,0.0,0.0,False,False,False,True,True,False,False,False
0,0.5,0.5,0.5,0,0.12801785714285713,0.47988022030985994,0.0,0.0,False,True,False,False,False,False,False,True
0,0.5,0.5,0.5,0,0.03885714285714286,0.48970326757774274,0.0,0.0,False,False,False,True,True,False,False,False
0,0.5345249755142018,0.5166666666666666,0.5027881040892194,0,0.42142857142857143,0.39125836196358693,0.05,0.071,False,False,True,False,True,False,False,False
1,0.4265426052889324,0.30000000000000004,0.7263011152416357,1,0.0,0.9999999999999999,0.0,0.0,False,False,False,True,False,True,False,False
0,0.5,0.5,0.5,0,0.002017857142857143,0.9999999999999999,0.0,0.0,False,False,False,True,False,True,False,False
0,0.5,0.5,0.5,0,0.11939285714285713,0.9999999999999999,0.0,0.0,False,False,True,False,False,False,False,True
0,0.5318315377081293,0.34444444444444444,0.49117100371747213,0,0.11351785714285714,0.40920723926424724,0.01,0.019,False,True,False,False,True,False,False,False
1,0.1398139079333986,0.6944444444444444,0.3503717472118959,1,0.44107142857142856,0.9999999999999999,0.01,0.986,False,False,True,False,False,False,False,True
0,0.5296278158667973,0.7888888888888889,0.5195167286245354,0,0.3678571428571429,0.5291519816947297,0.07,0.989,False,True,False,False,False,False,False,True
1,0.2573457394711067,0.5055555555555555,0.4902416356877323,0,0.6607142857142857,0.9999999999999999,0.0,0.0,False,False,True,False,False,True,False,False
0,0.5345249755142018,0.5166666666666666,0.5027881040892194,0,0.2405357142857143,0.13750256357675572,0.2,0.074,False,False,True,False,True,False,False,False
0,0.5,0.5,0.5,0,0.00010714285714285714,0.5964225196469166,0.3,0.138,False,True,False,False,False,False,False,True
0,0.5,0.5,0.5,0,0.1944642857142857,0.9999999999999999,0.0,0.0,False,False,True,False,True,False,False,False
1,0.20323212536728696,0.3611111111111111,0.2644052044609665,0,0.44285714285714284,0.9999999999999999,0.0,1.0,False,True,False,False,True,False,False,False
1,0.1398139079333986,0.6944444444444444,0.3503717472118959,1,0.36607142857142855,0.9999999999999999,0.01,0.92,False,False,True,False,False,False,False,True
0,0.5,0.5,0.5,0,5.357142857142857e-05,0.9999999999999999,0.0,0.0,True,False,False,False,False,False,True,False
0,0.5,0.5,0.5,0,0.17798214285714287,0.9999999999999999,0.0,0.0,False,False,False,True,False,True,False,False
0,0.47037218413320275,0.21111111111111114,0.4804832713754647,0,0.42142857142857143,0.5029418184728892,0.04,0.307,False,False,False,True,False,True,False,False
0,0.5,0.5,0.5,0,0.00042857142857142855,0.9999999999999999,0.0,0.0,False,False,False,True,False,False,True,False
0,0.568560235063663,0.6333333333333333,0.49814126394052044,0,0.29517857142857146,0.9999999999999999,0.38,0.003,False,True,False,False,False,False,False,True
0,0.5,0.5,0.5,0,0.013303571428571428,0.9999999999999999,0.0,0.0,False,False,False,True,False,True,False,False
0,0.5,0.5,0.5,0,0.6607142857142857,0.9999999999999999,0.0,0.0,False,False,False,True,False,True,False,False
0,0.42140058765915767,0.6277777777777778,0.5102230483271375,0,1.7857142857142855e-05,0.9999999999999999,0.79,0.001,True,False,False,False,False,False,True,False
0,0.5342801175318316,0.5055555555555555,0.4962825278810409,0,0.18089285714285713,0.5628737556776171,1.0,0.103,False,False,False,True,True,False,False,False
1,0.5734573947110676,0.7,0.2736988847583643,1,0.625,0.9999999999999999,0.0,0.998,False,True,False,False,False,False,False,True
1,0.17874632713026445,0.2888888888888889,0.22211895910780666,0,0.875,0.9999999999999999,0.0,0.0,False,False,False,True,False,False,True,False
0,0.5,0.5,0.5,0,0.28857142857142853,0.9999999999999999,0.0,0.0,False,False,True,False,True,False,False,False
1,0.46547502448579825,0.48333333333333334,0.4972118959107807,0,0.4803571428571428,0.9999999999999999,0.0,0.994,True,False,False,False,False,False,True,False
0,0.5394221351616063,0.8,0.4851301115241636,0,0.42142857142857143,0.9999999999999999,0.0,0.664,False,True,False,False,False,False,False,True
1,0.6028403525954946,0.7555555555555555,0.4995353159851301,0,0.0,0.9999999999999999,0.0,0.0,False,False,True,False,False,False,False,True
1,0.5296278158667973,0.7888888888888889,0.5195167286245354,0,0.5160714285714285,0.9999999999999999,0.02,0.998,False,True,False,False,False,False,False,True
0,0.6420176297747306,0.3277777777777778,0.35130111524163565,1,0.5535714285714285,0.5182480718571734,0.0,0.999,False,False,True,False,True,False,False,False
0,0.5,0.5,0.5,0,0.24874999999999997,0.5627574640778326,0.0,0.0,False,False,True,False,True,False,False,False
1,0.3871204701273261,0.3388888888888889,0.54182156133829,0,0.0,0.9999999999999999,0.0,0.0,False,False,False,True,False,False,True,False
0,0.5,0.5,0.5,0,0.24375,0.5958160271500953,0.0,0.0,False,False,True,False,False,True,False,False
0,0.5,0.5,0.5,0,0.22214285714285711,0.9999999999999999,0.06,0.619,True,False,False,False,False,False,True,False
1,0.5,0.5,0.5,0,0.24857142857142855,0.5013005260273193,0.0,0.0,False,False,True,False,True,False,False,False
0,0.4314397649363369,0.36666666666666664,0.5018587360594795,0,0.4589285714285714,0.4616372487775381,0.0,0.998,False,False,False,True,False,True,False,False
0,0.5,0.5,0.5,0,0.0002678571428571428,0.9999999999999999,0.0,0.0,False,False,False,True,False,False,True,False
0,0.6297747306562194,0.11111111111111116,0.7644052044609666,1,0.01469642857142857,0.9999999999999999,0.58,0.003,False,False,False,True,False,True,False,False
0,0.5296278158667973,0.7888888888888889,0.5195167286245354,0,0.28428571428571425,0.9999999999999999,0.73,0.024,False,True,False,False,False,False,False,True
0,0.43119490695396673,0.5555555555555556,0.262546468401487,1,0.4107142857142857,0.49542369526540975,0.09,0.001,False,False,True,False,True,False,False,False
0,0.5,0.5,0.5,0,0.15617857142857142,0.9999999999999999,0.0,0.0,False,False,True,False,True,False,False,False
0,0.5,0.5,0.5,0,0.2716071428571429,0.9999999999999999,0.0,0.0,True,False,False,False,False,False,True,False
0,0.5,0.5,0.5,0,0.2414285714285714,0.9999999999999999,0.08,0.508,True,False,False,False,False,False,True,False
0,0.5,0.5,0.5,0,0.4053571428571428,0.9999999999999999,0.24,0.872,False,False,False,True,False,True,False,False
0,0.5024485798237023,0.5,0.37732342007434944,1,0.2925,0.9999999999999999,0.07,0.782,True,False,False,False,False,False,True,False
0,0.5,0.5,0.5,0,0.3496428571428571,0.9999999999999999,0.11,0.326,False,True,False,False,False,False,False,True
1,0.33080313418217433,0.7055555555555555,0.2639405204460966,1,0.6071428571428571,0.9999999999999999,0.0,0.999,False,False,True,False,False,True,False,False
1,0.24265426052889322,0.5444444444444444,0.23605947955390333,0,0.6428571428571428,0.9999999999999999,0.0,0.0,False,True,False,False,True,False,False,False
1,0.40181194906953965,0.5888888888888889,0.4400557620817844,1,0.17255357142857142,0.9999999999999999,0.31,0.049,True,False,False,False,False,True,False,False
0,0.5,0.5,0.5,0,0.2305357142857143,0.5278067647178405,0.0,0.0,False,True,False,False,True,False,False,False
1,0.5342801175318316,0.5,0.520910780669145,0,0.13569642857142858,0.9999999999999999,0.23,0.263,False,True,False,False,True,False,False,False
0,0.5,0.5,0.5,0,0.16157142857142856,0.9999999999999999,0.0,0.0,False,True,False,False,False,False,False,True
1,0.6028403525954946,0.7555555555555555,0.4995353159851301,0,0.5035714285714286,0.9999999999999999,0.0,1.0,False,False,True,False,False,False,False,True
1,0.43609206660137123,0.24444444444444446,0.48605947955390333,0,0.4892857142857142,0.9999999999999999,0.0,0.996,False,False,False,True,False,True,False,False
1,0.1398139079333986,0.6944444444444444,0.3503717472118959,1,0.0,0.9999999999999999,0.0,0.0,False,False,True,False,False,False,False,True
0,0.5222820763956905,0.5166666666666666,0.5901486988847584,1,0.46249999999999997,0.5291528991795512,0.01,0.992,False,False,True,False,False,False,False,True
1,0.40181194906953965,0.5888888888888889,0.4400557620817844,1,0.4196428571428571,0.5738687326303624,0.03,0.394,True,False,False,False,False,True,False,False
1,0.17874632713026445,0.2888888888888889,0.22211895910780666,0,0.3910714285714285,0.5601315480818704,0.02,0.714,False,False,False,True,False,False,True,False
0,0.5,0.5,0.5,0,0.2569642857142857,0.3826877189577128,0.0,0.0,False,True,False,False,False,False,False,True
0,0.5,0.5,0.5,0,0.40892857142857136,0.9999999999999999,0.02,0.309,True,False,False,False,False,False,True,False
0,0.5,0.5,0.5,0,0.062392857142857146,0.5628931442644504,0.0,0.0,True,False,False,False,False,False,True,False
0,0.5394221351616063,0.8,0.4851301115241636,0,0.40714285714285714,0.9999999999999999,0.0,0.919,False,True,False,False,False,False,False,True
0,0.5,0.5,0.5,0,0.049232142857142856,0.529159322057656,0.0,0.0,True,False,False,False,False,False,True,False
0,0.5,0.5,0.5,0,0.01817857142857143,0.9999999999999999,0.0,0.0,True,False,False,False,False,False,False,True
0,0.5,0.5,0.5,0,0.09314285714285714,0.4508493463478461,0.0,0.0,False,True,False,False,False,False,False,True
1,0.45592556317335947,0.6055555555555555,0.5111524163568774,0,0.18785714285714283,0.9999999999999999,0.06,0.0,True,False,False,False,False,False,False,True
1,0.14201762977473065,0.7166666666666667,0.04739776951672858,1,0.6428571428571428,0.9999999999999999,0.0,0.0,True,False,False,False,False,False,False,True
1,0.49779627815866795,0.9444444444444444,0.5283457249070632,0,0.0,0.9999999999999999,0.0,0.0,True,False,False,False,False,False,False,True
1,0.0734573947110676,0.75,0.0,1,0.7321428571428571,0.9999999999999999,0.0,0.0,False,True,False,False,False,False,False,True
0,0.5,0.5,0.5,0,0.40178571428571425,0.9999999999999999,0.0,0.855,True,False,False,False,False,False,True,False
1,0.20323212536728696,0.3611111111111111,0.2644052044609665,0,0.16448214285714285,0.9999999999999999,0.0,0.0,False,False,False,True,True,False,False,False
1,0.46057786483839375,0.2,0.5148698884758364,0,0.5053571428571428,0.9999999999999999,0.0,1.0,False,False,False,True,False,True,False,False
0,0.5,0.5,0.5,0,0.10717857142857141,0.38461105927160977,0.0,0.0,False,False,False,True,False,True,False,False
1,0.17874632713026445,0.2888888888888889,0.22211895910780666,0,0.0055535714285714285,0.9999999999999999,0.19,0.182,False,False,False,True,False,False,True,False
1,0.14201762977473065,0.7166666666666667,0.04739776951672858,1,0.6071428571428571,0.9999999999999999,0.0,0.0,True,False,False,False,False,False,False,True
1,0.6762977473065622,0.3277777777777778,0.3722118959107807,1,0.0,0.9999999999999999,0.0,0.0,False,False,True,False,True,False,False,False
1,0.1398139079333986,0.6944444444444444,0.3503717472118959,1,0.7321428571428571,0.9999999999999999,0.0,0.0,False,False,True,False,False,False,False,True
0,0.5,0.5,0.5,0,0.625,0.5966183414900973,0.0,0.0,False,True,False,False,False,False,False,True
